id,date,location,species,latinName,latitude,longitude
cmomvSsNHNbJmjS59YGc,2021-07-16T15:13:50,Edinburgh,Fox/badger tick,Ixodes canisuga,55.97415124434038,-3.2066934189283445
REWT5KqcfASeZFsst5Ml,2013-12-23T00:50:28,Glasgow,Southern rodent tick,Ixodes acuminatus,55.844030297290836,-4.23861974382389
afdoemCDFY25zVCJMv72,2013-09-04T13:17:57,Cardiff,Tree-hole tick,Ixodes arboricola,51.448721289824476,-3.205053319570971
bjgCNFIrXiTJVF1uj1Px,2019-07-06T06:58:42,Liverpool,Southern rodent tick,Ixodes acuminatus,53.3578926804193,-3.002402194672292
9v7TGhrB7HraQqUm6JmK,2024-10-20T07:20:12,Cardiff,Tree-hole tick,Ixodes arboricola,51.47398927027109,-3.22423341146853
7XWDtRF2fHFDUU0mePcz,2024-08-22T15:25:39,Newcastle,Fox/badger tick,Ixodes canisuga,55.00938116742004,-1.5671799510469284
EaGAC5nkR2I3jfaB0vXD,2012-08-02T12:08:37,Newcastle,Southern rodent tick,Ixodes acuminatus,54.965022816810325,-1.6294816325689825
NWGsV7RVmEZp3wj1bIxl,2022-12-04T12:45:44,Southampton,Fox/badger tick,Ixodes canisuga,50.908490000685084,-1.4308167245308483
srhcxv1CgtCUYLcBY0fC,2020-01-18T10:49:41,Glasgow,Marsh tick,Ixodes apronophorus,55.82333203426464,-4.232451588205889
L21gsSkavTojnIuiip4P,2016-07-28T23:39:36,Bristol,Fox/badger tick,Ixodes canisuga,51.45318407066575,-2.5553951281600473
NsqKCu26xdMA5py4NdTm,2019-02-27T10:45:38,Edinburgh,Fox/badger tick,Ixodes canisuga,55.92627529011739,-3.1617636015072055
NaX0oRZbPKVVotfIMm3M,2013-12-29T14:55:23,Birmingham,Southern rodent tick,Ixodes acuminatus,52.44841120216256,-1.869870105232082
XzQuNC7pzZFFl3hZGI5b,2016-07-09T10:54:45,Liverpool,Tree-hole tick,Ixodes arboricola,53.389127689856444,-3.0075969414218418
q1d3CncbWT9Rj5nrX4bx,2021-12-25T01:27:13,Leicester,Passerine tick,Dermacentor frontalis,52.682198469827924,-1.1294277510812305
FxJC5DrgT7gPyMLLeP1p,2018-07-17T07:49:54,Bristol,Fox/badger tick,Ixodes canisuga,51.4374928150931,-2.6043095820179296
s1Nr2wF0iX8UsCsJqFTX,2021-02-20T04:30:28,Liverpool,Fox/badger tick,Ixodes canisuga,53.39520196871298,-2.996719138261226
uGo5oUs6YsfZC5dOJ2GZ,2012-10-02T11:21:14,Southampton,Tree-hole tick,Ixodes arboricola,50.871640482029925,-1.4284704270845332
vwAwtCa42vmKmcgy70Vn,2023-08-07T21:57:23,Leicester,Fox/badger tick,Ixodes canisuga,52.63774264451597,-1.160892247690361
VXDs139na67TnBL52fUm,2024-03-06T21:52:36,Nottingham,Southern rodent tick,Ixodes acuminatus,52.90464841426295,-1.124290886969328
ZgQv0RPsLFTgZ3BSWjtl,2024-05-02T06:27:49,Glasgow,Passerine tick,Dermacentor frontalis,55.881287818770886,-4.251923751435152
uFq2r7ehioWbmRnWDnbx,2019-02-21T12:50:13,Leeds,Tree-hole tick,Ixodes arboricola,53.85037808190603,-1.5494544008726079
b1SOOCLWzwAdzOpZuL7x,2018-07-21T16:28:23,Glasgow,Passerine tick,Dermacentor frontalis,55.89862689945629,-4.287914364220765
UpFq4j9SEeQ4qhNW9C0m,2013-12-23T04:25:43,Newcastle,Southern rodent tick,Ixodes acuminatus,54.98088489932343,-1.641312029313139
vEC0YeOLtsPXdBH1yTVf,2012-07-26T06:51:23,Cardiff,Fox/badger tick,Ixodes canisuga,51.47396541232832,-3.1597362622654477
KxkGFf6K9ZPWR7zHZCS7,2015-01-28T06:57:30,Liverpool,Fox/badger tick,Ixodes canisuga,53.40231256239349,-2.985222961297065
sS5cVSVYaqjMAhorU46A,2020-08-02T06:02:01,Birmingham,Tree-hole tick,Ixodes arboricola,52.49706388206539,-1.8589589153187722
ZOMg7mCcACN4A3BnGweq,2024-02-04T13:30:33,Newcastle,Southern rodent tick,Ixodes acuminatus,54.91759120159498,-1.6280258134879726
4oubeepyeR3M3I693E5I,2015-05-19T07:09:40,Liverpool,Southern rodent tick,Ixodes acuminatus,53.44056136312182,-2.9439502709715906
SP2ErFEQniZMZ4ixW9K9,2023-04-08T02:41:39,Leeds,Passerine tick,Dermacentor frontalis,53.76207364795055,-1.5502273712334182
wKW9dpCM9k4IPZvirQHC,2012-12-06T21:32:36,Sheffield,Southern rodent tick,Ixodes acuminatus,53.37483203848648,-1.5084371082142007
6uL0leRbGkixrE6S44ZA,2017-07-02T11:14:51,Manchester,Fox/badger tick,Ixodes canisuga,53.4948728991569,-2.2325705859088747
e6tbRIFyltMoBxLXMX90,2013-12-23T16:17:08,London,Fox/badger tick,Ixodes canisuga,51.466173360548616,-0.08931817520552639
cR4KGuqHfhVX2nIqB5AC,2015-01-29T01:46:15,Cardiff,Tree-hole tick,Ixodes arboricola,51.48091536084607,-3.1870994422561907
jlWQ9fdo0pT9JmEZrgHj,2016-02-04T13:35:55,Nottingham,Tree-hole tick,Ixodes arboricola,52.93773453038454,-1.1971208962466509
3L6TsvB67MTMP8CS18O2,2014-09-17T00:03:23,Cardiff,Tree-hole tick,Ixodes arboricola,51.47813968291315,-3.191436591382774
AfFBFPpfAcRmUhiilk8E,2018-12-02T08:59:56,Bristol,Tree-hole tick,Ixodes arboricola,51.484578926761365,-2.59835270907621
3a7xGlfGDsu796YSmXLM,2018-07-29T09:32:00,Edinburgh,Southern rodent tick,Ixodes acuminatus,55.938593094353244,-3.226699691398387
C26VHMqkZeDApDgxvRxM,2021-03-30T06:26:22,Edinburgh,Marsh tick,Ixodes apronophorus,55.99940616820031,-3.202834493923554
q8MblYhjgm3e0jPI3VGF,2018-07-20T17:09:02,Manchester,Marsh tick,Ixodes apronophorus,53.5138733384886,-2.2551256993616886
xdS3lGqhM2W20vb5sVNp,2023-01-24T07:49:02,Leeds,Tree-hole tick,Ixodes arboricola,53.78068015224712,-1.5336031621445474
oZwDASwDKwiSzQqcPUg9,2014-07-08T04:48:34,Newcastle,Marsh tick,Ixodes apronophorus,55.006280511725855,-1.553318202237907
1cwi6SlTNeS2WCXeWJWx,2012-03-10T00:08:03,Cardiff,Tree-hole tick,Ixodes arboricola,51.46802335680857,-3.1569396576533855
CePZOLqnifb7xxYbQVyF,2015-08-30T12:50:16,Bristol,Tree-hole tick,Ixodes arboricola,51.410122514416386,-2.5437043014148424
w6J5IXRhUNu1e9BdoyTM,2015-09-23T05:34:25,Liverpool,Fox/badger tick,Ixodes canisuga,53.36213720489493,-3.023687400322126
Pbt56iOYPDE1LNzGtKfG,2021-11-06T06:03:34,Birmingham,Marsh tick,Ixodes apronophorus,52.509278189872326,-1.9071956097831029
Iq3o97B33HJ88BOsIIIV,2023-03-28T10:51:51,Southampton,Marsh tick,Ixodes apronophorus,50.89604684327527,-1.391805941905032
7bXdoYrNX2P2TaIXMUyw,2021-04-03T11:03:10,Glasgow,Passerine tick,Dermacentor frontalis,55.87840352060164,-4.2706982635526805
mkP5Moftu80FLb0JgTIa,2012-09-26T22:46:23,Sheffield,Marsh tick,Ixodes apronophorus,53.352026991361015,-1.4928123741179475
6aMgu1nQOYG4NlhNtL2V,2023-07-30T06:01:12,London,Tree-hole tick,Ixodes arboricola,51.4767607857644,-0.10505860743581308
G9FARnHZhyjM8f8OyAko,2015-11-05T06:15:02,Bristol,Marsh tick,Ixodes apronophorus,51.46818809604852,-2.630193809523773
E1SoitjUxiTfAlad8Olp,2014-06-05T15:41:31,Cardiff,Passerine tick,Dermacentor frontalis,51.485509196603836,-3.2142961235956684
0t6DXz0QgOMjSKqCST8J,2021-12-26T06:52:07,Birmingham,Passerine tick,Dermacentor frontalis,52.500748411938424,-1.941957986587183
2pys19ACVjn5pWjRRxaB,2017-06-20T13:50:08,Cardiff,Marsh tick,Ixodes apronophorus,51.45554883947935,-3.137856907278697
KOxKafBIMhXVDu4F9ILx,2022-03-12T05:37:51,Cardiff,Southern rodent tick,Ixodes acuminatus,51.45532697522345,-3.2250692547484126
BWB78fEQ3Viy58gMG9v6,2016-12-23T00:50:10,Glasgow,Fox/badger tick,Ixodes canisuga,55.84331582688627,-4.289284817972776
xmFkWgWYLtVoaD3reP4K,2022-01-23T01:00:55,Newcastle,Passerine tick,Dermacentor frontalis,54.96872904677071,-1.6346809184556532
f9hVgw8yNbpXpx2mm0HE,2013-09-10T00:51:31,Nottingham,Fox/badger tick,Ixodes canisuga,52.900953577224556,-1.1097760159628356
oyE1pvmNhi9d4Aq7sYin,2013-09-10T20:50:09,Manchester,Southern rodent tick,Ixodes acuminatus,53.48174315549548,-2.251730935655777
FTBzIQ0udjgVPH0a7vZG,2012-06-04T04:49:40,Nottingham,Passerine tick,Dermacentor frontalis,52.90052106201295,-1.110570557341939
dnNM8mu5MgXR8UFze0cA,2022-11-18T08:57:51,Liverpool,Fox/badger tick,Ixodes canisuga,53.421948302872266,-3.024783278225235
p65mctXAysJ3VpL0OfMf,2021-08-27T09:33:10,Southampton,Passerine tick,Dermacentor frontalis,50.88398689714291,-1.4513280725205109
VhuU7Xh900Wofv1OTbzw,2012-12-11T11:18:35,Nottingham,Fox/badger tick,Ixodes canisuga,52.96983068902106,-1.155006564304418
7XWDtRF2fHFDUU0mePcz,2024-08-22T15:25:39,Newcastle,Fox/badger tick,Ixodes canisuga,54.92280231953814,-1.649207629153262
FC94cTxWqQB2Kd0bvzyx,2021-05-11T10:32:37,London,Passerine tick,Dermacentor frontalis,51.51241062697313,-0.14175950566832435
oOGITwX7NdhwQpvM9zdh,2017-05-21T22:11:04,Birmingham,Passerine tick,Dermacentor frontalis,52.46417140053373,-1.8660126686513887
rAKQCU9kGbzl21VPN67J,2018-11-06T04:18:32,London,Passerine tick,Dermacentor frontalis,51.49513711849636,-0.16671165902452875
dhnSu6bGaRyqAR1Efynt,2023-02-19T10:57:13,Leicester,Marsh tick,Ixodes apronophorus,52.67322876755111,-1.1131373816992858
Ryi8D1cvb12gDVGD86Z0,2019-08-06T05:28:17,Leeds,Passerine tick,Dermacentor frontalis,53.82698394263613,-1.553033096604878
vu9k3oRyy2BQskX6rBO9,2012-01-03T20:40:43,Edinburgh,Marsh tick,Ixodes apronophorus,55.99221003435801,-3.141358438945806
gdpb38lLZJYolXMYDojp,2019-03-25T11:22:26,Leeds,Tree-hole tick,Ixodes arboricola,53.80506922845093,-1.564724825927579
NsqKCu26xdMA5py4NdTm,2019-02-27T10:45:38,Edinburgh,Fox/badger tick,Ixodes canisuga,55.97681430464135,-3.1888660684005807
pamJV7YjFwozdo1FB6eL,2012-03-21T03:28:17,London,Southern rodent tick,Ixodes acuminatus,51.46206481881553,-0.08922070773749412
GWZ5ZJxUnLgHh97qeE6m,2019-12-24T00:48:47,Leeds,Fox/badger tick,Ixodes canisuga,53.75622950121501,-1.5224732723015668
vn85mg1CAzPFeGOoDndh,2012-01-06T09:34:59,Glasgow,Southern rodent tick,Ixodes acuminatus,55.9050130459343,-4.218279688717942
doxC3AvGsbkcuqEK5Zxu,2015-12-18T10:04:13,Glasgow,Passerine tick,Dermacentor frontalis,55.84267990592195,-4.230140297867228
RYhoeFOcfCjg1pURvkhp,2012-03-13T03:31:39,Leeds,Marsh tick,Ixodes apronophorus,53.84000308944551,-1.587676062495781
amJcbzHtGSbXwRYTiRIe,2014-06-18T23:03:12,London,Tree-hole tick,Ixodes arboricola,51.53975933224807,-0.09713854593219205
yCnT5AExmdUzu51zrqcS,2021-01-13T18:53:35,Glasgow,Tree-hole tick,Ixodes arboricola,55.898195217474836,-4.252986942944976
CL0xiYDZIjJLpMDJOe2V,2014-08-14T23:46:15,Liverpool,Tree-hole tick,Ixodes arboricola,53.39018932689087,-2.995017017228087
u4rUvuPvWMGxMpAArmGT,2020-10-22T12:22:34,London,Passerine tick,Dermacentor frontalis,51.480775285764935,-0.07281228546687937
Lvzn7hihmoCyVNfw8Rw3,2015-06-09T10:38:32,Nottingham,Passerine tick,Dermacentor frontalis,52.9189143505391,-1.1010978044916784
it2Bkt5kYL4L3k8vRBga,2024-10-14T04:16:50,Edinburgh,Fox/badger tick,Ixodes canisuga,55.96497451623593,-3.2364349173395346
vEC0YeOLtsPXdBH1yTVf,2012-07-26T06:51:23,Cardiff,Fox/badger tick,Ixodes canisuga,51.506057142425874,-3.1763500461222773
H3UTS3Wl92ALNszyexfS,2021-05-04T11:00:10,Leicester,Fox/badger tick,Ixodes canisuga,52.60946013076672,-1.1061699752762097
b1SOOCLWzwAdzOpZuL7x,2018-07-21T16:28:23,Glasgow,Passerine tick,Dermacentor frontalis,55.888022151517795,-4.232510199267579
CXxFJtCAKdmbFXPlQE5q,2016-02-17T12:46:29,Manchester,Fox/badger tick,Ixodes canisuga,53.513319693455784,-2.1986254168448
ET4z01CZ3w5sdrxppC9A,2023-02-21T03:58:01,Manchester,Marsh tick,Ixodes apronophorus,53.47171996636525,-2.2072431075294445
mlAxlO8cxwodnaOX4rHQ,2023-10-14T14:44:07,Southampton,Southern rodent tick,Ixodes acuminatus,50.95693572767169,-1.4242713718210487
j67AXxhYW3r6fODJl8eA,2012-11-15T08:21:23,Nottingham,Southern rodent tick,Ixodes acuminatus,52.92782891168128,-1.1630817123165462
mBpKzd3Ld0fODlAarKJ3,2012-06-07T08:50:08,Bristol,Passerine tick,Dermacentor frontalis,51.42804592521567,-2.633096559445902
L0HuMHK0PI2cWv3XvBSN,2019-06-10T13:42:28,Glasgow,Marsh tick,Ixodes apronophorus,55.83333724548806,-4.209252512116892
aAtF4ayfXlA6NgfSJBeo,2017-10-30T06:06:10,Nottingham,Fox/badger tick,Ixodes canisuga,52.961824669114606,-1.1448317302437299
NzRAh9Bys6aIoK6R0DGT,2022-08-10T18:28:37,Nottingham,Southern rodent tick,Ixodes acuminatus,52.96322749216091,-1.1154076510807311
83WtbOyHXrd5r85gb5Vz,2024-12-30T04:32:12,Glasgow,Southern rodent tick,Ixodes acuminatus,55.869346530798396,-4.275142709863759
ZUT3XVKMqXdWjlAzZg9L,2023-02-13T03:36:29,Cardiff,Passerine tick,Dermacentor frontalis,51.44407779980271,-3.1813592607275196
LlssYw9JjCTckb9o0Z74,2015-08-28T09:33:56,Nottingham,Southern rodent tick,Ixodes acuminatus,52.92408919401408,-1.186272750296957
cR4KGuqHfhVX2nIqB5AC,2015-01-29T01:46:15,Cardiff,Tree-hole tick,Ixodes arboricola,51.51175370405163,-3.162296001276892
bocX9wijAxDqtLnTJwQe,2023-11-07T08:21:48,Liverpool,Passerine tick,Dermacentor frontalis,53.409149209321114,-2.9736861490694193
mqfnRVwajySN0tmwk47o,2012-04-04T04:51:45,Newcastle,Fox/badger tick,Ixodes canisuga,54.983452824333156,-1.6478025707942079
sBVvethlD9HhHivJHzNL,2012-08-27T22:00:43,Glasgow,Tree-hole tick,Ixodes arboricola,55.81181062989149,-4.221618927894623
eAZjRDHT5hlrRAQfLUvy,2015-03-27T07:14:36,Newcastle,Tree-hole tick,Ixodes arboricola,55.005752620046124,-1.6081119352213775
G4Wi8jy31n9eP6MCeqI2,2017-12-07T19:46:15,Nottingham,Tree-hole tick,Ixodes arboricola,52.92877854293454,-1.1922649085429524
o5NUmQARj3P60J3Q7AUV,2020-11-22T16:01:36,Leicester,Passerine tick,Dermacentor frontalis,52.6099591700744,-1.085345328089456
okXN6rgciNCfndicZntB,2012-09-01T00:11:36,London,Passerine tick,Dermacentor frontalis,51.54081617070599,-0.16303592641092413
PKTNTwQChc3ftjBnDHZu,2016-07-27T04:43:31,Liverpool,Marsh tick,Ixodes apronophorus,53.446104474163825,-2.993647124230529
pOUOMhtIAK0a2h0FQXO4,2020-11-30T19:37:40,Birmingham,Southern rodent tick,Ixodes acuminatus,52.452288965046286,-1.9062653692864202
3WzSJP8VpilsnyxdIVK7,2013-06-08T10:20:21,Leicester,Marsh tick,Ixodes apronophorus,52.620999813370815,-1.1170969726953863
Owo79mOrSMA1FEdvOPad,2021-02-09T07:29:40,London,Passerine tick,Dermacentor frontalis,51.53871184448441,-0.09687689039458625
j856qPODHjv9tUuvi8TS,2024-06-14T12:48:17,Southampton,Fox/badger tick,Ixodes canisuga,50.941942152384755,-1.4419552500318584
B6CaPF49BQNLXAjsAQYg,2012-12-23T21:17:45,Leeds,Southern rodent tick,Ixodes acuminatus,53.79905287221005,-1.5126105443253968
9WB23vVRf7JDX7dPijds,2024-08-12T15:18:06,Manchester,Fox/badger tick,Ixodes canisuga,53.528430379052836,-2.270850120850866
4oubeepyeR3M3I693E5I,2015-05-19T07:09:40,Liverpool,Southern rodent tick,Ixodes acuminatus,53.38389597135438,-3.000234299968941
bHRuSRQQzl4Cg0yYcEiC,2024-02-06T05:06:28,Liverpool,Passerine tick,Dermacentor frontalis,53.428758768654276,-3.008364119179118
LFf811BVUhR6Kqkcvm6C,2015-12-26T23:18:14,Leicester,Southern rodent tick,Ixodes acuminatus,52.60633564482989,-1.14245542568424
nrLSTjahy0VmHlUIlxMA,2015-06-01T00:12:09,Birmingham,Tree-hole tick,Ixodes arboricola,52.46381720177118,-1.9206525752470192
nzAt9IY31jSDg3z2rHca,2015-07-10T00:15:17,Glasgow,Marsh tick,Ixodes apronophorus,55.90876123826698,-4.250714215064019
mOMdnLwXSFYV3Hhx1lpj,2019-09-28T10:00:48,Glasgow,Passerine tick,Dermacentor frontalis,55.886467779708305,-4.226643567307311
Ysk9YlCgjdTwagDYcLLr,2013-06-19T02:56:17,Leeds,Marsh tick,Ixodes apronophorus,53.81625075632554,-1.5591426520198486
mJZpaHehPvBpDzc696Tg,2018-07-06T15:09:17,Sheffield,Marsh tick,Ixodes apronophorus,53.40813956139141,-1.471498537793367
v77UE07ae5Fh6pRpAbuw,2023-06-02T19:20:00,Liverpool,Passerine tick,Dermacentor frontalis,53.35904087872323,-2.9696004335537594
aIEBQ6Jj2ai6iVx4l3dl,2018-07-22T22:25:12,Nottingham,Marsh tick,Ixodes apronophorus,52.92891215534007,-1.1135870297748725
qKsYoQf5rorESrwZMopt,2024-01-21T06:11:04,Southampton,Tree-hole tick,Ixodes arboricola,50.882385154874704,-1.4134169996201686
LlssYw9JjCTckb9o0Z74,2015-08-28T09:33:56,Nottingham,Southern rodent tick,Ixodes acuminatus,52.96260196929933,-1.1992453213244656
R2gB79b7qDQQLPKcDRSO,2017-06-17T03:07:55,Sheffield,Fox/badger tick,Ixodes canisuga,53.416208070203886,-1.4919772089190635
Ryi8D1cvb12gDVGD86Z0,2019-08-06T05:28:17,Leeds,Passerine tick,Dermacentor frontalis,53.7741121882742,-1.57000445492539
oSYCyylQlRbuF8EWV9ar,2017-05-14T03:32:17,London,Marsh tick,Ixodes apronophorus,51.547311246252264,-0.11174837014004183
3a7xGlfGDsu796YSmXLM,2018-07-29T09:32:00,Edinburgh,Southern rodent tick,Ixodes acuminatus,55.965851498857965,-3.1466676845880617
l1eXK8OjZjEUeFLDLCPk,2017-06-10T10:55:14,Birmingham,Marsh tick,Ixodes apronophorus,52.5091285269561,-1.9230080455119913
aGLWEbTuIjion51zmJtm,2024-05-14T07:06:31,Manchester,Marsh tick,Ixodes apronophorus,53.46956004423526,-2.255733668661742
rGUhbOR39ZE9fdVf3lws,2016-03-14T15:34:09,London,Fox/badger tick,Ixodes canisuga,51.483910254352644,-0.122124960516564
CePZOLqnifb7xxYbQVyF,2015-08-30T12:50:16,Bristol,Tree-hole tick,Ixodes arboricola,51.4347143863626,-2.588113816475098
g8ACvfJ9Zv4CnfvNWG9F,2019-05-12T00:30:51,London,Passerine tick,Dermacentor frontalis,51.46793104807695,-0.09021215938640192
Q3Lb39ZVb8iKc0i2bh7J,2021-06-19T12:34:14,Manchester,Southern rodent tick,Ixodes acuminatus,53.529807514122595,-2.2280505022487005
EDkrJ5Vf8L1yKpodif2U,2017-01-04T03:53:10,Southampton,Southern rodent tick,Ixodes acuminatus,50.89341911567479,-1.3679372649624768
tKqhQt3E1L973YmduiHh,2021-12-23T03:26:51,London,Fox/badger tick,Ixodes canisuga,51.53585584882643,-0.094100798254401
qPJuZDJGKUCGiTb0Mz3P,2019-11-14T05:14:40,Edinburgh,Tree-hole tick,Ixodes arboricola,55.99234960280537,-3.1624885268416856
oDyRHtTMQgW6gZRvuDbA,2018-01-27T23:44:24,Edinburgh,Southern rodent tick,Ixodes acuminatus,55.936521797088474,-3.199247573017579
CAhFkgnSiR1mtNS1ndrC,2017-05-19T15:04:17,Liverpool,Tree-hole tick,Ixodes arboricola,53.437391300723476,-3.032060968052054
ENeRInaA98jFbwJI3o93,2023-11-02T01:15:00,Glasgow,Marsh tick,Ixodes apronophorus,55.87289087204018,-4.222889708085343
ZzTrsTXOlqLadvTAVVSH,2022-03-15T16:29:13,Manchester,Passerine tick,Dermacentor frontalis,53.523273959817914,-2.218269474465394
gBo8rP0FeL7fVlBeGstO,2013-09-15T21:50:22,London,Fox/badger tick,Ixodes canisuga,51.525236344133,-0.14339432352175677
DFOXJECOHLIgurUbkGDe,2016-04-10T01:13:44,Glasgow,Southern rodent tick,Ixodes acuminatus,55.86486348725496,-4.266048097147816
7bXdoYrNX2P2TaIXMUyw,2021-04-03T11:03:10,Glasgow,Passerine tick,Dermacentor frontalis,55.82193647927284,-4.295873744735238
baknOjdKDYF2oNmtfL6q,2022-07-17T04:22:02,Edinburgh,Southern rodent tick,Ixodes acuminatus,55.90351322827664,-3.144320447599355
oA4D9dQUBh4xImV86bRI,2016-03-08T03:57:06,Birmingham,Passerine tick,Dermacentor frontalis,52.50897478758835,-1.8879478784136545
0c0k4ArSwnqmBJOF8zTH,2022-09-02T01:21:13,Nottingham,Passerine tick,Dermacentor frontalis,52.99609082731944,-1.1699788107953852
4roCxtIrNuW2SERVIKTL,2015-07-04T00:47:36,Birmingham,Fox/badger tick,Ixodes canisuga,52.5145108367732,-1.85782322797543
cmomvSsNHNbJmjS59YGc,2021-07-16T15:13:50,Edinburgh,Fox/badger tick,Ixodes canisuga,55.950184030906435,-3.156901156664986
RPHn7T7r5dCUSfrTiW7o,2021-04-12T16:03:49,Sheffield,Passerine tick,Dermacentor frontalis,53.35294749584867,-1.5106249884130107
NIH4Qn6JNwgArvgpKVdw,2014-07-06T08:26:48,Nottingham,Marsh tick,Ixodes apronophorus,52.901360954786696,-1.1812778342129575
ktESvOuz4nE9Q11CeUj6,2023-05-17T18:58:31,Manchester,Marsh tick,Ixodes apronophorus,53.437623821374665,-2.246765464758808
IWkIdJFsPjd9E990hs0M,2023-08-08T23:36:14,London,Tree-hole tick,Ixodes arboricola,51.50472811845938,-0.06889081569327143
FEWLK58rdfFYOqjygvvL,2015-12-18T05:46:08,Birmingham,Southern rodent tick,Ixodes acuminatus,52.49967782963039,-1.9409214104178467
bocX9wijAxDqtLnTJwQe,2023-11-07T08:21:48,Liverpool,Passerine tick,Dermacentor frontalis,53.4122395126088,-2.9382608047956733
ZOMg7mCcACN4A3BnGweq,2024-02-04T13:30:33,Newcastle,Southern rodent tick,Ixodes acuminatus,54.96025449179499,-1.5814816975735213
gGXXfRChVwUu5HXV6n1s,2012-02-11T03:28:53,Leicester,Fox/badger tick,Ixodes canisuga,52.63779628233369,-1.17825695273252
l8fMYrtE62bflvPfFELr,2024-05-12T10:47:07,Liverpool,Passerine tick,Dermacentor frontalis,53.39161210649435,-3.003561159271698
XEgICCnrwqF4wdiDqfuL,2023-05-28T02:42:56,Glasgow,Marsh tick,Ixodes apronophorus,55.87253274986933,-4.299057107924093
a8d9FiCKsP6857gvEDKc,2015-01-19T09:19:41,Liverpool,Passerine tick,Dermacentor frontalis,53.42233864138485,-2.9440676711006004
NMvi6cL8q3imjBSewQRk,2015-05-10T20:50:06,Leicester,Tree-hole tick,Ixodes arboricola,52.65657216785488,-1.1029434280439125
YYy6EIM7XhqeWI6OiRuH,2024-02-29T02:51:15,Leeds,Passerine tick,Dermacentor frontalis,53.7775800218801,-1.523652177251611
QRTihy6qYgzEaRdWaNLy,2017-12-20T12:29:46,London,Passerine tick,Dermacentor frontalis,51.551680789094256,-0.07214017607361678
myDBIAReVGQMmCdJVzBx,2014-11-23T22:42:21,Nottingham,Fox/badger tick,Ixodes canisuga,52.970515598597004,-1.1265576751399213
D433j2BmBgVJBXQczRXW,2012-11-09T03:28:28,Sheffield,Passerine tick,Dermacentor frontalis,53.41032037521733,-1.4905869568217596
wl8KioHl4ALDTsb6Qbp6,2020-10-23T17:48:56,Edinburgh,Fox/badger tick,Ixodes canisuga,55.9740948336003,-3.144265266262034
Zt3sufhZaf1NIZk8FBun,2019-03-17T08:28:51,Bristol,Passerine tick,Dermacentor frontalis,51.498789062313556,-2.619331196115924
x0XPFJPBxVwVSivF0Wk5,2016-12-08T04:53:58,Birmingham,Fox/badger tick,Ixodes canisuga,52.53351410481048,-1.877285165255206
VUUvfoUTHmJei6sDcyu9,2019-06-15T21:54:47,Bristol,Passerine tick,Dermacentor frontalis,51.48869315109705,-2.631859754563058
brndliVZbSLLJIxwJunf,2013-07-04T12:01:16,Nottingham,Marsh tick,Ixodes apronophorus,52.947155858535,-1.12625508315526
PChgl98oKgBl2ufOMVnx,2020-12-06T23:39:05,Cardiff,Passerine tick,Dermacentor frontalis,51.50796980188322,-3.2029651188789607
YwFCOeRmycVLgsoupxXs,2015-03-18T15:07:21,Sheffield,Tree-hole tick,Ixodes arboricola,53.4190121454247,-1.440855022878235
kq5ZxEnwxch0UY0XiPyr,2013-08-15T02:19:32,Edinburgh,Fox/badger tick,Ixodes canisuga,55.90733356369365,-3.139193847537688
oOGITwX7NdhwQpvM9zdh,2017-05-21T22:11:04,Birmingham,Passerine tick,Dermacentor frontalis,52.4542565472429,-1.9010436306075331
3KeoYblTvAKYVRpsPuE0,2021-07-04T10:55:49,Leeds,Passerine tick,Dermacentor frontalis,53.8030463972033,-1.5865477996384187
4oubeepyeR3M3I693E5I,2015-05-19T07:09:40,Liverpool,Southern rodent tick,Ixodes acuminatus,53.41212998342723,-2.982234232023669
ZOMg7mCcACN4A3BnGweq,2024-02-04T13:30:33,Newcastle,Southern rodent tick,Ixodes acuminatus,54.940099210035235,-1.6115335952665844
VK2jIKfaIOuvStej7j1g,2015-11-16T12:15:16,London,Marsh tick,Ixodes apronophorus,51.52695633475745,-0.13930408077636947
ViVrgZ2PxFSokGkZlS5D,2021-07-31T19:24:24,London,Marsh tick,Ixodes apronophorus,51.50755619251442,-0.14682613360729768
7wM3049Ld2GQEaReLB2p,2021-10-16T09:53:37,Glasgow,Tree-hole tick,Ixodes arboricola,55.90530127314532,-4.229436256165043
QUH9aKMRXOkJMvTS1set,2014-01-28T00:35:34,Liverpool,Fox/badger tick,Ixodes canisuga,53.380749531279584,-2.968792532184575
WoAAUYMvcyusSmjfYRYM,2021-11-03T14:51:15,Sheffield,Passerine tick,Dermacentor frontalis,53.36361852832196,-1.432085528365413
yCnT5AExmdUzu51zrqcS,2021-01-13T18:53:35,Glasgow,Tree-hole tick,Ixodes arboricola,55.9058180809327,-4.228771019028089
IG3l1a8oRJtvyPKF3rgO,2021-10-20T01:23:04,London,Marsh tick,Ixodes apronophorus,51.51215211699598,-0.09944821932230485
gLxMbOJPFUJA5CDErIXf,2016-05-16T08:17:46,Newcastle,Passerine tick,Dermacentor frontalis,54.98379092701047,-1.634065096862036
tq1qSry5xRiCsQAMslaD,2013-01-20T17:40:33,Nottingham,Passerine tick,Dermacentor frontalis,52.95450340306872,-1.1550674567756154
oETRSmT4e61kyKkiuhQs,2021-10-25T20:06:40,Birmingham,Tree-hole tick,Ixodes arboricola,52.49936207775466,-1.8929438403582681
SIa8in9RI3GBRNPvc7hP,2017-09-09T22:03:22,London,Marsh tick,Ixodes apronophorus,51.548728348160566,-0.11667399759519775
e6tbRIFyltMoBxLXMX90,2013-12-23T16:17:08,London,Fox/badger tick,Ixodes canisuga,51.46242244458058,-0.06975355679144528
dCWdEjQ6RrcsnSP8G7nZ,2015-12-18T08:09:03,Cardiff,Marsh tick,Ixodes apronophorus,51.48863502720506,-3.1530521516345225
Ls8iNGkafOxq0BssEbIC,2023-02-03T09:50:00,London,Southern rodent tick,Ixodes acuminatus,51.47963048396784,-0.08802116902853495
ZLExmdsaMwnv9l36XmH5,2018-09-21T17:28:01,Southampton,Southern rodent tick,Ixodes acuminatus,50.92321583894669,-1.3678162923595347
CE7lsZjdLZU0gneaut6Y,2014-03-18T21:07:53,Leeds,Tree-hole tick,Ixodes arboricola,53.80770114660862,-1.5562850230295198
8ORFBRRPnXUOCq1ybDcn,2019-08-10T17:47:55,Nottingham,Fox/badger tick,Ixodes canisuga,52.99405786189682,-1.1062602889087778
UjXk60DdGGhB9fXyQycu,2017-08-03T15:11:24,Manchester,Tree-hole tick,Ixodes arboricola,53.43648398546545,-2.196006913673641
AfFBFPpfAcRmUhiilk8E,2018-12-02T08:59:56,Bristol,Tree-hole tick,Ixodes arboricola,51.47505559453483,-2.605102423745108
u6Ue44eJVDFLOcoU2EJB,2022-08-21T21:24:41,Cardiff,Southern rodent tick,Ixodes acuminatus,51.446736033335064,-3.1593918918842356
9HEBCijRp1mMClmGYeyv,2018-02-06T19:57:00,Birmingham,Fox/badger tick,Ixodes canisuga,52.48558199163348,-1.8610886337305987
Jl2BoDhGUezLen3GkwUw,2023-06-21T06:42:08,Glasgow,Fox/badger tick,Ixodes canisuga,55.861746239303635,-4.206556525305446
FPxMHXF1dkiFtJ5jn18T,2017-04-06T18:00:43,Glasgow,Southern rodent tick,Ixodes acuminatus,55.84446874468657,-4.289097024722937
n5sekJCGzfrCrRUJAUdV,2014-11-23T13:28:07,Leicester,Tree-hole tick,Ixodes arboricola,52.641803726718145,-1.121279964652033
lHrC1htc7YQ1VQpEh43f,2022-10-04T10:01:30,Bristol,Fox/badger tick,Ixodes canisuga,51.415296568561395,-2.563692693577161
9F7cM8AwvFiNIsdhqCqy,2014-04-05T09:05:51,Liverpool,Passerine tick,Dermacentor frontalis,53.35300820620052,-3.017359610285496
NzRAh9Bys6aIoK6R0DGT,2022-08-10T18:28:37,Nottingham,Southern rodent tick,Ixodes acuminatus,52.93827220058797,-1.1585454878541563
FUiiJZzGqvvJhETffqR0,2016-04-03T09:09:42,Bristol,Passerine tick,Dermacentor frontalis,51.49806546023454,-2.560154880141584
ibK1G4b6OytOC8q2EK6u,2012-03-16T15:39:34,Edinburgh,Southern rodent tick,Ixodes acuminatus,55.93775075690835,-3.221664866222521
dnNM8mu5MgXR8UFze0cA,2022-11-18T08:57:51,Liverpool,Fox/badger tick,Ixodes canisuga,53.37209630181746,-2.967064974966653
jCV1IAMgSFAV3tY8ZRzx,2012-11-19T07:32:49,Manchester,Southern rodent tick,Ixodes acuminatus,53.46597762164624,-2.286819658178806
L21gsSkavTojnIuiip4P,2016-07-28T23:39:36,Bristol,Fox/badger tick,Ixodes canisuga,51.48058291006647,-2.5732440462373827
hrHBFSk8V0zfhWB1p49G,2023-11-16T03:25:56,Liverpool,Fox/badger tick,Ixodes canisuga,53.4114884582786,-2.961859373860496
AiYCxGryVjZftdUsw7yl,2023-03-14T20:26:58,London,Passerine tick,Dermacentor frontalis,51.51409805838071,-0.0770635935834622
tCWY1NBNFjL56v0YIUCL,2013-09-03T03:59:45,Nottingham,Marsh tick,Ixodes apronophorus,52.939946483411525,-1.1473880903621816
amJcbzHtGSbXwRYTiRIe,2014-06-18T23:03:12,London,Tree-hole tick,Ixodes arboricola,51.52424186639089,-0.07015894148674041
DawlnIjY3mjPVDwMfoOa,2016-05-01T23:34:37,Cardiff,Passerine tick,Dermacentor frontalis,51.44306642599135,-3.1963511818762758
RPHn7T7r5dCUSfrTiW7o,2021-04-12T16:03:49,Sheffield,Passerine tick,Dermacentor frontalis,53.42880378036908,-1.511914942702076
mMoHgHk0Ybt2uu8quxr5,2018-01-02T23:07:36,Manchester,Marsh tick,Ixodes apronophorus,53.5246205314613,-2.281025721717842
dVTCmfGlJhgSEsPgJHRN,2024-08-22T06:11:08,Southampton,Fox/badger tick,Ixodes canisuga,50.90494747438305,-1.3713585480910229
RsimxKYXbujbRgp4ZvRY,2019-08-08T00:13:01,London,Marsh tick,Ixodes apronophorus,51.50714257933189,-0.16400409241435013
qNAWcpW4EUxDplEl9ikI,2014-02-23T18:10:15,Liverpool,Passerine tick,Dermacentor frontalis,53.35728099765033,-2.9734501162690186
8yTkS1PSkdwgzh1ZCTKK,2021-09-19T16:37:07,Southampton,Tree-hole tick,Ixodes arboricola,50.86558607689612,-1.4359530551773825
ejnyhBc0tUnoeo2FUPi9,2013-08-07T04:01:04,Bristol,Fox/badger tick,Ixodes canisuga,51.479029938339394,-2.6216891294930393
mOMdnLwXSFYV3Hhx1lpj,2019-09-28T10:00:48,Glasgow,Passerine tick,Dermacentor frontalis,55.8578480256486,-4.29809435574354
8B0MI5mWSOphj8HYnScj,2022-08-21T19:30:46,Newcastle,Marsh tick,Ixodes apronophorus,55.01132029780815,-1.5722303999891676
Q3Lb39ZVb8iKc0i2bh7J,2021-06-19T12:34:14,Manchester,Southern rodent tick,Ixodes acuminatus,53.48964263485253,-2.293542584566779
w9ZVfej8Zz0S7Tmy4yY3,2021-01-12T22:50:15,Sheffield,Tree-hole tick,Ixodes arboricola,53.37919037599041,-1.471332727108295
uKV79fATq5nigkdW40RK,2014-10-09T09:50:31,Cardiff,Fox/badger tick,Ixodes canisuga,51.44926128124689,-3.228823030351622
NMvi6cL8q3imjBSewQRk,2015-05-10T20:50:06,Leicester,Tree-hole tick,Ixodes arboricola,52.6223230159154,-1.1715024198940152
KxkGFf6K9ZPWR7zHZCS7,2015-01-28T06:57:30,Liverpool,Fox/badger tick,Ixodes canisuga,53.442110953650804,-2.9887705819534527
q8MblYhjgm3e0jPI3VGF,2018-07-20T17:09:02,Manchester,Marsh tick,Ixodes apronophorus,53.526017964007345,-2.257674539734038
CV36uy2FyopM3k0UF20F,2014-06-30T23:26:17,Edinburgh,Fox/badger tick,Ixodes canisuga,55.98471300504073,-3.2349384519706406
y51ZWE8b5pgZ0aS0KuPo,2018-06-05T06:19:35,Liverpool,Fox/badger tick,Ixodes canisuga,53.40424357413426,-2.947678653913715
YYy6EIM7XhqeWI6OiRuH,2024-02-29T02:51:15,Leeds,Passerine tick,Dermacentor frontalis,53.834758439614994,-1.565756355224031
2AoC73JALdJTozXVptx1,2023-11-21T21:26:43,Manchester,Southern rodent tick,Ixodes acuminatus,53.47467127825731,-2.2692692397886556
Iq1ASgLNepeZGf0cy7HC,2022-02-13T20:48:00,Bristol,Passerine tick,Dermacentor frontalis,51.48133364813508,-2.606871606606533
YYy6EIM7XhqeWI6OiRuH,2024-02-29T02:51:15,Leeds,Passerine tick,Dermacentor frontalis,53.75583551156139,-1.5757150751726143
3a7xGlfGDsu796YSmXLM,2018-07-29T09:32:00,Edinburgh,Southern rodent tick,Ixodes acuminatus,55.986077143014874,-3.1715243990799182
EoCsJjgHPjApkg4O2x2n,2016-01-04T15:50:39,Manchester,Marsh tick,Ixodes apronophorus,53.499870480007594,-2.292010442252874
UjXk60DdGGhB9fXyQycu,2017-08-03T15:11:24,Manchester,Tree-hole tick,Ixodes arboricola,53.44323386541586,-2.228803673037751
svrsl3BKnqOd7u52c7fk,2021-02-19T15:33:12,Leicester,Southern rodent tick,Ixodes acuminatus,52.63204732197799,-1.1504347889363882
c1hofVj89dhbUuVPBKV2,2020-12-09T20:00:56,Bristol,Marsh tick,Ixodes apronophorus,51.49112574306884,-2.623696908747545
srhcxv1CgtCUYLcBY0fC,2020-01-18T10:49:41,Glasgow,Marsh tick,Ixodes apronophorus,55.8728575007715,-4.20304632423424
4VNbwkpZQVkM1jSJ3tIV,2015-08-03T13:38:08,Edinburgh,Southern rodent tick,Ixodes acuminatus,55.97315714122525,-3.220388504802701
MzrJZxJYDS6wWK9qLLKa,2016-12-23T16:11:25,Edinburgh,Marsh tick,Ixodes apronophorus,55.997161769804116,-3.230461675239586
iOZqOURSV09NGZcdZg5L,2021-09-12T03:15:02,Nottingham,Tree-hole tick,Ixodes arboricola,52.94969110190475,-1.1669825244497232
02rFwLCaAwZSVxdTDicK,2014-09-12T23:33:03,London,Southern rodent tick,Ixodes acuminatus,51.5062693853121,-0.10731508250285349
aAtF4ayfXlA6NgfSJBeo,2017-10-30T06:06:10,Nottingham,Fox/badger tick,Ixodes canisuga,52.98360081496143,-1.1064122724976604
rlb1M2hK6389R6gyNTy6,2014-11-17T01:22:59,Cardiff,Southern rodent tick,Ixodes acuminatus,51.52583054036126,-3.1852853605766964
WLoKQlCc6jXzjvp9cz4P,2020-12-17T02:08:00,Southampton,Fox/badger tick,Ixodes canisuga,50.95031720015335,-1.375973606483835
b1SOOCLWzwAdzOpZuL7x,2018-07-21T16:28:23,Glasgow,Passerine tick,Dermacentor frontalis,55.83732911830297,-4.278542677058471
sIuCSIyXNoSkY617lhZ6,2012-04-20T05:33:21,Birmingham,Southern rodent tick,Ixodes acuminatus,52.45194628527136,-1.8844201293247957
9WcQRkW35tCOyRbwvaz8,2021-05-21T02:08:15,Leicester,Passerine tick,Dermacentor frontalis,52.677262331564656,-1.134936100764071
6BgeW0SeM37jZNYrzzHd,2015-04-08T07:26:58,Glasgow,Marsh tick,Ixodes apronophorus,55.87469436346399,-4.240554546024353
neK1GEjuS2gr6eRqV0r7,2018-10-08T15:25:30,London,Southern rodent tick,Ixodes acuminatus,51.5258317821502,-0.09596411283526216
tCWY1NBNFjL56v0YIUCL,2013-09-03T03:59:45,Nottingham,Marsh tick,Ixodes apronophorus,52.95947120172172,-1.1134866479502536
O8KJXNlxW87DvuRcGiuD,2012-02-26T23:24:33,Edinburgh,Passerine tick,Dermacentor frontalis,55.93127543749387,-3.208641373695775
Zojo3wSCPL0hBNIMHeny,2015-02-09T22:06:52,Bristol,Marsh tick,Ixodes apronophorus,51.498717191029876,-2.5912906836287197
b9qimwpCQXNHSxOOdhbl,2024-02-22T04:12:55,Edinburgh,Marsh tick,Ixodes apronophorus,55.9405502356806,-3.201363490612937
tR1HvhalUxdUMoe5HG9j,2022-09-09T08:28:02,Newcastle,Passerine tick,Dermacentor frontalis,54.94528551694487,-1.6118292958779796
dCWdEjQ6RrcsnSP8G7nZ,2015-12-18T08:09:03,Cardiff,Marsh tick,Ixodes apronophorus,51.440410701359305,-3.1915201025307054
GkTWmmCaVIfOeENqTywe,2016-10-15T21:37:37,Cardiff,Passerine tick,Dermacentor frontalis,51.43722105402021,-3.187514003322586
UaHeQlAIuqp7u4mo3xBd,2023-02-23T22:13:32,Cardiff,Southern rodent tick,Ixodes acuminatus,51.49491800321271,-3.1474075813885114
lDGKgtzpyXA5ZUvuyNQK,2012-04-17T21:09:23,Southampton,Tree-hole tick,Ixodes arboricola,50.862386165211,-1.414491293868487
BmZJHIdgDJnJgTXCJkVw,2018-05-31T12:31:39,Leicester,Fox/badger tick,Ixodes canisuga,52.63485827595849,-1.1571104174068503
Q8LcWuL0YBkwBb4KTBSO,2014-04-21T15:20:59,Nottingham,Southern rodent tick,Ixodes acuminatus,52.976203640772,-1.1329010006366194
lvaCdJUZqExjsHrcwnku,2020-03-11T21:12:53,Liverpool,Tree-hole tick,Ixodes arboricola,53.36875765575123,-3.0194114775148333
6Av6Cyy21rSAEnnTfEiE,2016-09-27T03:27:56,Leicester,Fox/badger tick,Ixodes canisuga,52.604437924048725,-1.0886740490400029
46Bn6f8zq7YVl208EW1A,2024-04-20T21:01:07,Leeds,Southern rodent tick,Ixodes acuminatus,53.76548580345092,-1.5229572265289735
b9qimwpCQXNHSxOOdhbl,2024-02-22T04:12:55,Edinburgh,Marsh tick,Ixodes apronophorus,55.98228393871139,-3.220870920170918
S9O0X1VDVMyRU0IDQYvV,2015-06-15T18:08:42,Nottingham,Marsh tick,Ixodes apronophorus,52.984381154375605,-1.1183390648130112
oZwDASwDKwiSzQqcPUg9,2014-07-08T04:48:34,Newcastle,Marsh tick,Ixodes apronophorus,54.945195964764956,-1.6089532366356818
BWRfADffJiQVd2hWbyHO,2020-12-26T10:01:22,Manchester,Passerine tick,Dermacentor frontalis,53.44170071707173,-2.2172600108346945
ETxuaOa9OkUAyfM7brLn,2013-09-12T16:40:28,Bristol,Fox/badger tick,Ixodes canisuga,51.428408318215965,-2.568967107763546
tokLHXxPfNoK00he3JUy,2018-10-28T10:31:48,Manchester,Southern rodent tick,Ixodes acuminatus,53.476684109534155,-2.2774874867245067
KYpmerycUmIxrfQEfB0z,2021-03-13T01:03:21,Cardiff,Marsh tick,Ixodes apronophorus,51.436249376491595,-3.197455752414658
kRyJHh8eSgX3w6zqwWfU,2014-12-29T08:16:15,Leeds,Marsh tick,Ixodes apronophorus,53.82909634255704,-1.5039889272183116
0L5BVSzmm898d1JCBaVB,2023-07-20T21:30:11,Nottingham,Passerine tick,Dermacentor frontalis,52.9194160307266,-1.1776596052110273
tFpfZYF4gRR0PiJvRmmP,2019-08-21T02:39:25,Edinburgh,Passerine tick,Dermacentor frontalis,55.99053324705929,-3.153480464178928
v8kmhKkvYXS9RjiRPtx0,2021-01-29T21:26:32,Birmingham,Southern rodent tick,Ixodes acuminatus,52.45480314267694,-1.9087508675733382
Jl2BoDhGUezLen3GkwUw,2023-06-21T06:42:08,Glasgow,Fox/badger tick,Ixodes canisuga,55.849340404603296,-4.206301193436494
xHuPaFkWYKEcdKxdyzPC,2015-03-03T15:48:22,Sheffield,Fox/badger tick,Ixodes canisuga,53.34524426331851,-1.4210811707832507
baknOjdKDYF2oNmtfL6q,2022-07-17T04:22:02,Edinburgh,Southern rodent tick,Ixodes acuminatus,55.92099671176428,-3.2143799760307084
R5YPrUYo2i4FcHDKiovX,2020-08-24T13:38:46,Bristol,Passerine tick,Dermacentor frontalis,51.45202296425717,-2.6223981659292357
mrqqb08ODLOyzuXxjKZF,2022-11-22T04:49:05,London,Tree-hole tick,Ixodes arboricola,51.52755920363042,-0.11937252428558437
Y70gsw3EbOEF9rsUG3oS,2022-09-17T05:02:54,Manchester,Marsh tick,Ixodes apronophorus,53.45732008648156,-2.258047009380641
JSxSd0lnzlGazsLwK2FZ,2023-04-02T10:43:00,Birmingham,Passerine tick,Dermacentor frontalis,52.50817961421138,-1.9147332523091614
baknOjdKDYF2oNmtfL6q,2022-07-17T04:22:02,Edinburgh,Southern rodent tick,Ixodes acuminatus,55.95279157161314,-3.2085669844968945
e6rsfodIkBtQQH4e2BiD,2013-02-14T06:01:21,Newcastle,Southern rodent tick,Ixodes acuminatus,54.98915346677057,-1.595944495969404
C26VHMqkZeDApDgxvRxM,2021-03-30T06:26:22,Edinburgh,Marsh tick,Ixodes apronophorus,55.95847085330731,-3.1681055476586097
zxqhVeaA7vB7jaQCuiJa,2012-05-28T23:18:10,Edinburgh,Passerine tick,Dermacentor frontalis,55.964693962362965,-3.223710299980078
Ryi8D1cvb12gDVGD86Z0,2019-08-06T05:28:17,Leeds,Passerine tick,Dermacentor frontalis,53.78771453917396,-1.5796808586330977
u4rUvuPvWMGxMpAArmGT,2020-10-22T12:22:34,London,Passerine tick,Dermacentor frontalis,51.50739960538229,-0.1065436699387182
1dc3Sq3ckh8fQ4qm0cSz,2014-05-23T13:45:01,Manchester,Passerine tick,Dermacentor frontalis,53.48386900464709,-2.285237587127999
8NABLMK5ofNxkd15JhBo,2012-03-19T11:26:34,Leicester,Tree-hole tick,Ixodes arboricola,52.671092589392586,-1.1797493430503923
iZJxFS5bFWlqBvdz1HmR,2018-11-10T00:10:39,Newcastle,Marsh tick,Ixodes apronophorus,54.941960613517644,-1.5903846400950554
L24cKfajwi1B6as4rZLA,2021-01-13T21:44:12,Nottingham,Southern rodent tick,Ixodes acuminatus,52.925799837989686,-1.1246670416697018
R9HFV3dddlm6f9BtdAIo,2018-07-19T10:55:53,Manchester,Tree-hole tick,Ixodes arboricola,53.488716141285785,-2.2506022383828492
Wf6yH4ir9cQg5Bij3dfD,2020-08-27T03:17:49,Leeds,Passerine tick,Dermacentor frontalis,53.77727312428947,-1.5235269138667136
Hy2738cPFago6Z2JOjfN,2013-09-10T17:11:54,Cardiff,Tree-hole tick,Ixodes arboricola,51.4375212713377,-3.208438404619408
q6WLOxWuGpDWohByRvZm,2012-12-15T13:56:21,Bristol,Marsh tick,Ixodes apronophorus,51.43184933609829,-2.5511036896148487
mc4WlXVbB9k8SE21f4mY,2019-04-27T08:32:33,Cardiff,Tree-hole tick,Ixodes arboricola,51.52325777378753,-3.22815464497565
NaX0oRZbPKVVotfIMm3M,2013-12-29T14:55:23,Birmingham,Southern rodent tick,Ixodes acuminatus,52.49338528120838,-1.9479559006436498
l1eXK8OjZjEUeFLDLCPk,2017-06-10T10:55:14,Birmingham,Marsh tick,Ixodes apronophorus,52.47302663142616,-1.9461526329146426
drelGkBlZdCbBt2yGJ7U,2020-03-04T23:01:37,Cardiff,Fox/badger tick,Ixodes canisuga,51.473139147639465,-3.2093207718172825
m34iaKBBTmjpqvVPz6ye,2017-06-04T20:49:28,Edinburgh,Tree-hole tick,Ixodes arboricola,55.903675108076214,-3.197725479565107
b4HtlCMYx8QaveCuVaq1,2017-03-04T09:45:52,Nottingham,Tree-hole tick,Ixodes arboricola,52.910461453304656,-1.1164010227834014
BZ4iQ6FJzEilaS6PMPu1,2012-02-25T05:50:29,Bristol,Passerine tick,Dermacentor frontalis,51.4252051716915,-2.6139352895028782
KMd8Kuhhc8OGaOB0cwy7,2024-04-11T23:47:24,Glasgow,Marsh tick,Ixodes apronophorus,55.87516016430923,-4.2864475195390925
HDzq1TQLJuUCARD2J3gG,2017-06-28T02:20:14,Newcastle,Marsh tick,Ixodes apronophorus,54.99697926381262,-1.5551808271913217
MjR9kUJjCb2Hxe61X3Av,2013-09-15T22:59:01,Leeds,Southern rodent tick,Ixodes acuminatus,53.8142085578037,-1.534534595837985
9tWNppfl3kOOuNnNiNOk,2021-12-08T04:07:36,Southampton,Fox/badger tick,Ixodes canisuga,50.86886191225366,-1.4412672253500143
nzAt9IY31jSDg3z2rHca,2015-07-10T00:15:17,Glasgow,Marsh tick,Ixodes apronophorus,55.842692252828826,-4.247875514014968
q1d3CncbWT9Rj5nrX4bx,2021-12-25T01:27:13,Leicester,Passerine tick,Dermacentor frontalis,52.59740118432695,-1.1442892981009756
fjJyZs4YlOpRlGAFgDlf,2019-04-13T02:03:21,London,Fox/badger tick,Ixodes canisuga,51.50433069095837,-0.12347074517912063
6f3U0O5DcqJU39bi6mZ9,2021-01-19T17:01:18,Leicester,Tree-hole tick,Ixodes arboricola,52.67982324612867,-1.1409276858434338
ldPKYSBxc8awNLYd8hBs,2016-07-26T22:44:05,Leicester,Fox/badger tick,Ixodes canisuga,52.588035874761864,-1.1015552097085182
czhlbDCviOsNpjbbKzXd,2012-10-04T18:17:06,Leeds,Fox/badger tick,Ixodes canisuga,53.850609742002575,-1.578207960956742
ZqZWzvsvbpezAscUTU1T,2021-12-01T12:20:08,Birmingham,Passerine tick,Dermacentor frontalis,52.53559731442663,-1.8636771931693867
dFChDx2mevpRdaNVwiEG,2018-04-08T18:02:41,Cardiff,Passerine tick,Dermacentor frontalis,51.52947613873158,-3.1500808073273037
PLXp8OveG1forG7wdxw1,2021-12-16T13:23:29,Nottingham,Southern rodent tick,Ixodes acuminatus,52.92726063466119,-1.1543108087246525
UJ6Db2lbdMovdp0HGVmW,2023-02-06T18:17:10,Glasgow,Tree-hole tick,Ixodes arboricola,55.875282649587234,-4.2763729018923895
4roCxtIrNuW2SERVIKTL,2015-07-04T00:47:36,Birmingham,Fox/badger tick,Ixodes canisuga,52.52102726597116,-1.9177415628611783
3EhiuZeS21dXpMZTNJEq,2019-10-15T04:19:36,Glasgow,Passerine tick,Dermacentor frontalis,55.85887623969359,-4.218941521698274
p9ZvVRFJKo8cyCfAnqKY,2020-06-20T21:26:08,Bristol,Fox/badger tick,Ixodes canisuga,51.49634268372823,-2.5432181487323886
FUiiJZzGqvvJhETffqR0,2016-04-03T09:09:42,Bristol,Passerine tick,Dermacentor frontalis,51.461201901783085,-2.6356534529224924
P4QqgezEv7lvQHRgNi4s,2018-01-24T09:11:48,Nottingham,Southern rodent tick,Ixodes acuminatus,52.94563795415648,-1.1628330134966989
0L5BVSzmm898d1JCBaVB,2023-07-20T21:30:11,Nottingham,Passerine tick,Dermacentor frontalis,52.968405773738404,-1.1810737142239511
dV9s3G8Wqp2WmFq5EONw,2021-11-16T18:28:35,Nottingham,Fox/badger tick,Ixodes canisuga,52.91530267125996,-1.1810208439673426
dyTdKg1awLcIxfIhqyWU,2014-11-26T12:41:17,Nottingham,Passerine tick,Dermacentor frontalis,52.90776820046589,-1.1589127272921294
gLxMbOJPFUJA5CDErIXf,2016-05-16T08:17:46,Newcastle,Passerine tick,Dermacentor frontalis,54.995643665290146,-1.6432614894847832
gYGfMhEeS6Nv4Oscjyfh,2012-05-01T01:47:15,Edinburgh,Passerine tick,Dermacentor frontalis,55.97232934893817,-3.188092952446575
IplJ1E4rnwfDjFP5M9bD,2024-01-06T12:43:33,Edinburgh,Southern rodent tick,Ixodes acuminatus,55.93457217353632,-3.1997076028450313
YyYDL6T8CDc6Fo6eUGbN,2015-02-02T22:26:28,Manchester,Fox/badger tick,Ixodes canisuga,53.47195442344037,-2.256465370883743
ILf8vEC5ceQG1BjsFXVg,2017-06-25T06:50:42,Manchester,Passerine tick,Dermacentor frontalis,53.45487035688775,-2.2865431898606556
d6qJsil45owbLEzNEDs2,2018-01-23T18:12:47,Nottingham,Tree-hole tick,Ixodes arboricola,52.99942464718204,-1.140402425363567
zxqhVeaA7vB7jaQCuiJa,2012-05-28T23:18:10,Edinburgh,Passerine tick,Dermacentor frontalis,55.952111393298075,-3.2382555749748096
8Ao9g5WrBiTrH35ruYVq,2015-12-04T18:43:16,Liverpool,Southern rodent tick,Ixodes acuminatus,53.424968060748625,-3.0020022071698556
hPWVJik1nIneZKeSfRyD,2022-02-22T17:26:33,London,Tree-hole tick,Ixodes arboricola,51.518414382539845,-0.116746458045417
iqI7u3P4yNHs5v76rIgN,2016-06-14T10:49:25,Birmingham,Tree-hole tick,Ixodes arboricola,52.454030983319306,-1.9435602296600571
szOO4Me73AonK5KAGyvv,2013-06-27T08:24:19,Liverpool,Marsh tick,Ixodes apronophorus,53.424765292178904,-2.964444951227934
Yxkf3q0MjVrqSUsZzbwl,2015-07-02T03:16:58,London,Tree-hole tick,Ixodes arboricola,51.530457242975714,-0.13512011792384604
K8R27D3M88flP3QkE8C8,2022-06-29T10:37:20,Liverpool,Passerine tick,Dermacentor frontalis,53.414660923266,-2.9620146862588688
GDL6K8jgn6EE5gwhCgB1,2013-10-28T22:29:11,Manchester,Passerine tick,Dermacentor frontalis,53.49468348014339,-2.2516939960466753
jTDwwWjThAycMZndR6PY,2020-01-23T18:54:10,Newcastle,Southern rodent tick,Ixodes acuminatus,54.97267369944151,-1.6431637669580654
H3UTS3Wl92ALNszyexfS,2021-05-04T11:00:10,Leicester,Fox/badger tick,Ixodes canisuga,52.65681859964623,-1.1454229642106846
bn2QczQeQ5spzADJnepj,2018-08-17T05:38:11,Glasgow,Tree-hole tick,Ixodes arboricola,55.86750778718617,-4.222547789095781
ttomh5LiyE6AvMXkGyqv,2014-04-08T23:45:52,London,Fox/badger tick,Ixodes canisuga,51.50233696358667,-0.12638690679026587
OzaXrTbscahHVtbFP6lH,2019-12-28T01:53:22,Leicester,Fox/badger tick,Ixodes canisuga,52.6674608126933,-1.0878457027410753
tfsEWZQGwOE5HTfVPRS0,2014-02-13T20:33:49,Bristol,Southern rodent tick,Ixodes acuminatus,51.48265159887105,-2.5695439599113117
mhe3dhsNGA3rIE6UatS2,2023-11-25T14:35:04,Cardiff,Tree-hole tick,Ixodes arboricola,51.46968486852745,-3.1737192279510165
rfEQwm0MTtan2vl7tvaw,2012-03-30T20:29:42,Nottingham,Fox/badger tick,Ixodes canisuga,52.998268197624014,-1.107553220157004
kq5ZxEnwxch0UY0XiPyr,2013-08-15T02:19:32,Edinburgh,Fox/badger tick,Ixodes canisuga,55.9449993389492,-3.228771359118541
NYY64XSpeCcxPjoaVhWV,2020-07-10T21:02:16,Newcastle,Fox/badger tick,Ixodes canisuga,54.944218663698976,-1.599400331141077
xYQWwkwXCwm3vRn3xU3T,2016-10-29T17:56:02,Cardiff,Tree-hole tick,Ixodes arboricola,51.49787053017768,-3.181470768558714
VSYu41t9YrjtK4ceyDIG,2023-01-15T21:43:20,Nottingham,Passerine tick,Dermacentor frontalis,52.95615477738172,-1.157917851430535
9nQaYeeaGAR6r7MQwNNr,2016-09-10T11:44:44,Leicester,Marsh tick,Ixodes apronophorus,52.64119225274558,-1.145346303437998
SzwbBFGbaImV0T4LW2rG,2024-07-05T06:44:51,Southampton,Marsh tick,Ixodes apronophorus,50.871013071173124,-1.3789459588733133
ktESvOuz4nE9Q11CeUj6,2023-05-17T18:58:31,Manchester,Marsh tick,Ixodes apronophorus,53.43900594069489,-2.253863030388745
ZSUnj6IBOVKudEPjhIpY,2018-01-10T15:17:16,Nottingham,Fox/badger tick,Ixodes canisuga,52.91922472143655,-1.1845574668930217
kLqDOX9w2gPeNYjJeNLd,2018-05-18T23:05:24,Bristol,Southern rodent tick,Ixodes acuminatus,51.471023929175196,-2.5834974042469114
Y70gsw3EbOEF9rsUG3oS,2022-09-17T05:02:54,Manchester,Marsh tick,Ixodes apronophorus,53.44638845938224,-2.256479795715666
GkTWmmCaVIfOeENqTywe,2016-10-15T21:37:37,Cardiff,Passerine tick,Dermacentor frontalis,51.51031251047344,-3.1904968317281397
g42DmGoM8dDPOcpUEuoF,2021-08-15T20:40:58,Edinburgh,Marsh tick,Ixodes apronophorus,55.915904637682765,-3.234321414134428
FMTrhYMr40AzFyOYeMkx,2012-02-01T08:18:41,Cardiff,Passerine tick,Dermacentor frontalis,51.46987880379474,-3.1623824157121705
w2zf0126GQ0RHARAl8FG,2021-08-15T01:29:47,Leeds,Fox/badger tick,Ixodes canisuga,53.818304840250455,-1.5924081357600035
dyTdKg1awLcIxfIhqyWU,2014-11-26T12:41:17,Nottingham,Passerine tick,Dermacentor frontalis,52.92646374333856,-1.1753804751107384
p5nJlgUQjNEN2YMkEYJz,2018-03-16T15:46:41,Leicester,Passerine tick,Dermacentor frontalis,52.6414322389533,-1.0849420041056261
RKKviq68whgZqyzu1DWf,2018-02-13T00:20:23,Manchester,Southern rodent tick,Ixodes acuminatus,53.43787524456163,-2.1960121314321537
K7ccFz7V9dJ8Jm496RSz,2019-04-02T17:01:26,Southampton,Tree-hole tick,Ixodes arboricola,50.90638472480319,-1.3566357714324464
mwLgvijNjTVH6HVlxq6h,2023-12-05T07:19:08,Leeds,Passerine tick,Dermacentor frontalis,53.827531115231025,-1.5464534041832232
fJgivXeKY7D82ijGc1zy,2022-10-01T05:04:14,Leeds,Passerine tick,Dermacentor frontalis,53.81573090868835,-1.5856453535049324
KxkGFf6K9ZPWR7zHZCS7,2015-01-28T06:57:30,Liverpool,Fox/badger tick,Ixodes canisuga,53.406026978673566,-2.935509239110743
PYbn1uI7kY8DUIZhPhwU,2023-11-04T13:31:18,Bristol,Passerine tick,Dermacentor frontalis,51.431393270870494,-2.613373617794183
x0IMTPasY0DZcX601gnV,2013-07-17T00:29:56,Manchester,Fox/badger tick,Ixodes canisuga,53.45591498473469,-2.231882878103906
8SXVSF0bqI0Nwl9V8t75,2024-04-30T12:54:30,Glasgow,Passerine tick,Dermacentor frontalis,55.89212788487147,-4.275361797002947
WoAAUYMvcyusSmjfYRYM,2021-11-03T14:51:15,Sheffield,Passerine tick,Dermacentor frontalis,53.361969287892535,-1.4942140720653627
kSEdfGkbs6wAfcamRzDi,2020-01-22T03:40:16,Edinburgh,Marsh tick,Ixodes apronophorus,55.97298721627981,-3.2259675713167684
Yxkf3q0MjVrqSUsZzbwl,2015-07-02T03:16:58,London,Tree-hole tick,Ixodes arboricola,51.53639554916699,-0.08070606850883004
nxfAJBPXXhRCeC1kZTHF,2015-05-14T10:53:44,Leeds,Fox/badger tick,Ixodes canisuga,53.7578069633892,-1.5419027850192448
j856qPODHjv9tUuvi8TS,2024-06-14T12:48:17,Southampton,Fox/badger tick,Ixodes canisuga,50.90889752918104,-1.3813787683058507
QHtdU9t0ORH04X2EN7pq,2015-10-11T01:59:18,London,Southern rodent tick,Ixodes acuminatus,51.52557189881383,-0.1150210224097717
HsBoKTi0FiHniGgQVJZS,2016-01-05T13:17:11,Sheffield,Fox/badger tick,Ixodes canisuga,53.391472893648064,-1.4404664093641693
xMOyvUx9wwAWaGTsEyGz,2012-02-04T19:59:04,Liverpool,Southern rodent tick,Ixodes acuminatus,53.40381046636184,-2.9671631298540553
at8DyTOxkvxoYPsAgp1x,2016-11-29T02:29:21,Manchester,Fox/badger tick,Ixodes canisuga,53.50231253341233,-2.263284954558116
5obLk5ADwtVMaHP8mvRZ,2019-07-17T13:49:20,Bristol,Fox/badger tick,Ixodes canisuga,51.448305819663254,-2.5994049083059
uSZRyS4q7Eb1J0p8InzT,2018-02-09T22:03:51,Cardiff,Marsh tick,Ixodes apronophorus,51.43299201551809,-3.187911058165649
9nQaYeeaGAR6r7MQwNNr,2016-09-10T11:44:44,Leicester,Marsh tick,Ixodes apronophorus,52.589297132337755,-1.158163188290164
81wmm1pbZoWSejo95arG,2022-10-04T12:54:27,Sheffield,Tree-hole tick,Ixodes arboricola,53.34860351591767,-1.5088509050455852
LtqWS9zdnisxeLymLVou,2012-10-23T09:13:20,Bristol,Marsh tick,Ixodes apronophorus,51.43089574145611,-2.562613510111637
0YAF6rRZ8QL8n47OGxcJ,2019-01-30T07:47:29,Liverpool,Southern rodent tick,Ixodes acuminatus,53.42331121227738,-2.9577120099150065
yHKpQIbUfqdl7h4CYKyf,2012-01-24T00:24:09,Birmingham,Southern rodent tick,Ixodes acuminatus,52.472799296429386,-1.8814887906915443
fZ37VXdcHn91pST2FFwi,2015-07-06T14:42:13,Newcastle,Fox/badger tick,Ixodes canisuga,55.01617851402514,-1.5952980516557087
cRExsbZmfjZ4rNEEejf5,2024-06-04T09:15:23,Cardiff,Marsh tick,Ixodes apronophorus,51.45998012820512,-3.1402668990853453
JEdr5UCUnujGMVr5K97V,2019-11-12T12:13:36,Nottingham,Tree-hole tick,Ixodes arboricola,52.9823512091783,-1.1516371488512576
ZxZErv884fSgqrXnyVCU,2020-11-08T01:01:38,Birmingham,Southern rodent tick,Ixodes acuminatus,52.49144063071527,-1.8923575611811159
8mdpwENCmmHsXuw4vKBi,2015-05-03T13:28:12,Sheffield,Southern rodent tick,Ixodes acuminatus,53.4248579786768,-1.5136892884596975
5fpBbElEfHfG0vFErOoz,2013-07-11T08:39:47,Glasgow,Passerine tick,Dermacentor frontalis,55.90578675936939,-4.280685917724207
tlmtfB9XPgXGVEibnc7W,2015-04-18T05:12:13,Birmingham,Southern rodent tick,Ixodes acuminatus,52.51111408858707,-1.9196460016742523
ZLExmdsaMwnv9l36XmH5,2018-09-21T17:28:01,Southampton,Southern rodent tick,Ixodes acuminatus,50.880637107645875,-1.4470493276355016
shJ4n1xW7ozxVkvwEEkq,2021-11-02T21:50:01,Liverpool,Southern rodent tick,Ixodes acuminatus,53.43633136812642,-2.971162508544512
4BpYXknaXLU6PapCN7Ie,2020-07-12T14:00:33,Liverpool,Tree-hole tick,Ixodes arboricola,53.388706266714536,-2.965749815207741
KN1GRXUhweD3uMzYWz9c,2021-02-26T22:40:06,Sheffield,Passerine tick,Dermacentor frontalis,53.39678762383738,-1.4521062645114513
5ct4qdYjEDARY4ki9iL1,2012-08-20T19:15:53,Sheffield,Tree-hole tick,Ixodes arboricola,53.37750674472148,-1.436506959526668
9HEBCijRp1mMClmGYeyv,2018-02-06T19:57:00,Birmingham,Fox/badger tick,Ixodes canisuga,52.503147383260476,-1.8873110156786361
6EAhpY86qoLTW76pGT3G,2015-03-19T23:14:03,Birmingham,Tree-hole tick,Ixodes arboricola,52.49990925758031,-1.9441895612848223
9gkZh8PpOMnklKoHaq7F,2018-07-25T00:41:17,Sheffield,Southern rodent tick,Ixodes acuminatus,53.424815575815444,-1.4980792689094182
vKvwfpPzfYOMCN5xu57s,2020-03-11T02:00:04,Liverpool,Tree-hole tick,Ixodes arboricola,53.38351108632493,-3.005788122493359
fhpi12COUkTyMLGA8e71,2023-12-11T16:35:06,Manchester,Tree-hole tick,Ixodes arboricola,53.45691802916055,-2.1981082116532886
xtiEypezSxsfNJVkz3N0,2024-01-13T07:16:39,Bristol,Southern rodent tick,Ixodes acuminatus,51.48494174241898,-2.5427114498129773
GznDMUpuuOJAZOa0EJT5,2019-03-07T12:41:31,Sheffield,Southern rodent tick,Ixodes acuminatus,53.37294562382632,-1.4947780099237133
QRTihy6qYgzEaRdWaNLy,2017-12-20T12:29:46,London,Passerine tick,Dermacentor frontalis,51.49607593406684,-0.12125724030518852
Pt8q33VTOMMs5vwZksSP,2018-07-23T18:04:49,Manchester,Southern rodent tick,Ixodes acuminatus,53.5334444302755,-2.210165740886611
K7ccFz7V9dJ8Jm496RSz,2019-04-02T17:01:26,Southampton,Tree-hole tick,Ixodes arboricola,50.92383733856084,-1.4143730587702743
H5137RgcNux1AWA4Va6O,2020-07-31T15:22:50,Nottingham,Fox/badger tick,Ixodes canisuga,52.90915203253101,-1.1668250744285753
SzwbBFGbaImV0T4LW2rG,2024-07-05T06:44:51,Southampton,Marsh tick,Ixodes apronophorus,50.879469748956026,-1.370614110599026
8tPfltDuCe9bHXUP1szQ,2013-01-18T18:04:17,Liverpool,Marsh tick,Ixodes apronophorus,53.37452808690227,-2.9420416308854147
2cv4kihvGZ1M3JCz1dS6,2024-01-06T21:51:00,Liverpool,Marsh tick,Ixodes apronophorus,53.38970280545458,-2.9374875343333984
jwM6Ge0xgsAfNkjceVhf,2022-11-22T03:36:31,Nottingham,Fox/badger tick,Ixodes canisuga,52.968329148239135,-1.1913874001826477
mcg4t3RTWIUPEH68KDXo,2023-06-14T15:51:56,Manchester,Southern rodent tick,Ixodes acuminatus,53.49539819278191,-2.2756897924713893
8QjHL9AYfAD2BNUS0J8p,2015-06-16T21:03:18,Liverpool,Southern rodent tick,Ixodes acuminatus,53.4424075616763,-2.9648893819797677
7VXMlHYUA3z07lov9SQl,2017-11-26T20:55:51,Edinburgh,Southern rodent tick,Ixodes acuminatus,55.97041784624634,-3.228447288172242
G9FARnHZhyjM8f8OyAko,2015-11-05T06:15:02,Bristol,Marsh tick,Ixodes apronophorus,51.42851341308751,-2.625401622098875
RlSvGNTyqlddtiVQ2CF2,2023-06-02T11:46:47,Nottingham,Southern rodent tick,Ixodes acuminatus,52.92019983895597,-1.154427823165168
sojykRuhbh0mifCYogHu,2013-04-19T01:23:32,Sheffield,Fox/badger tick,Ixodes canisuga,53.42007584545723,-1.5105253016599396
3EhiuZeS21dXpMZTNJEq,2019-10-15T04:19:36,Glasgow,Passerine tick,Dermacentor frontalis,55.828296497395485,-4.2500712607503015
H3UTS3Wl92ALNszyexfS,2021-05-04T11:00:10,Leicester,Fox/badger tick,Ixodes canisuga,52.589068964131975,-1.1265345339931194
p65mctXAysJ3VpL0OfMf,2021-08-27T09:33:10,Southampton,Passerine tick,Dermacentor frontalis,50.900846486467806,-1.4448363109712987
baknOjdKDYF2oNmtfL6q,2022-07-17T04:22:02,Edinburgh,Southern rodent tick,Ixodes acuminatus,55.93884078218341,-3.2333797978282117
UYbrMHMdmM92p9yoMu4w,2020-09-01T04:17:38,London,Fox/badger tick,Ixodes canisuga,51.49202423523881,-0.16273716483258965
rRk5Z5nPMHZIPDj2UYtF,2022-02-10T11:09:02,Birmingham,Southern rodent tick,Ixodes acuminatus,52.484863313057346,-1.899591708279552
Ez30oqT6mFRyiCrzdK1J,2015-07-08T20:25:50,Birmingham,Marsh tick,Ixodes apronophorus,52.537845619182086,-1.9249625934814552
HsBoKTi0FiHniGgQVJZS,2016-01-05T13:17:11,Sheffield,Fox/badger tick,Ixodes canisuga,53.42979583409336,-1.458136825685385
SbkrKYCKt67JtyoaXO50,2024-05-17T01:38:19,Edinburgh,Passerine tick,Dermacentor frontalis,56.001666761350684,-3.1417154161361074
ESJAL8XBdzN8pKVk3swM,2021-12-01T06:12:14,London,Marsh tick,Ixodes apronophorus,51.52014414288007,-0.154549059412335
CV36uy2FyopM3k0UF20F,2014-06-30T23:26:17,Edinburgh,Fox/badger tick,Ixodes canisuga,55.90590730852414,-3.235307130111341
D3Te0ZPO18dCtoNNk5aT,2023-08-31T14:01:58,Manchester,Passerine tick,Dermacentor frontalis,53.43616994048815,-2.2354048117483503
P4QqgezEv7lvQHRgNi4s,2018-01-24T09:11:48,Nottingham,Southern rodent tick,Ixodes acuminatus,52.9641699988577,-1.1257037340482399
KE4H6XqCWD1XZMTgPMbb,2012-03-12T19:44:51,Glasgow,Passerine tick,Dermacentor frontalis,55.81895410021103,-4.2224970823922865
f64PnB4dtR23Nxp67VR2,2019-09-25T13:59:52,Nottingham,Passerine tick,Dermacentor frontalis,52.961710099859566,-1.1949616698287575
HlwX1As41KVOnWAkXheg,2022-02-20T17:49:07,Cardiff,Southern rodent tick,Ixodes acuminatus,51.49116044898883,-3.188118316172891
52TXdCor1RrFbeakilyb,2019-08-08T12:02:22,Leeds,Fox/badger tick,Ixodes canisuga,53.79350454565293,-1.511356045870651
ya20Hxs21ULk3VUmjLJs,2016-07-18T11:21:31,Glasgow,Fox/badger tick,Ixodes canisuga,55.827638579376256,-4.212739034519346
ZcCCJVpIlgfPX1KPkX9i,2016-03-01T09:28:37,Leicester,Marsh tick,Ixodes apronophorus,52.60267095308066,-1.1350475776971671
1VhTOVT9kr5E1V3J2rQ1,2018-10-21T04:07:16,Nottingham,Southern rodent tick,Ixodes acuminatus,52.97533827408465,-1.139871731425715
7Ypw4iCBaUGSP936c4Vh,2017-12-27T04:08:37,Bristol,Southern rodent tick,Ixodes acuminatus,51.46947874673912,-2.569910547449448
dFaensEuXRAelfCSBxO2,2024-07-18T18:15:32,London,Tree-hole tick,Ixodes arboricola,51.51392673361362,-0.0694990868729352
CUFiFnljNp3xxKwmiCVW,2022-05-25T14:27:47,Leeds,Tree-hole tick,Ixodes arboricola,53.7573565728751,-1.5579028040611338
czhlbDCviOsNpjbbKzXd,2012-10-04T18:17:06,Leeds,Fox/badger tick,Ixodes canisuga,53.82885551972761,-1.5507114982006234
xdS3lGqhM2W20vb5sVNp,2023-01-24T07:49:02,Leeds,Tree-hole tick,Ixodes arboricola,53.823498603446474,-1.5453856810650826
p9ZvVRFJKo8cyCfAnqKY,2020-06-20T21:26:08,Bristol,Fox/badger tick,Ixodes canisuga,51.448055542388985,-2.6065155796368398
aABOUyyyfNKf9ba8s9un,2024-03-28T10:11:17,Edinburgh,Passerine tick,Dermacentor frontalis,55.945422125892556,-3.1565142729478826
dFChDx2mevpRdaNVwiEG,2018-04-08T18:02:41,Cardiff,Passerine tick,Dermacentor frontalis,51.487640181663615,-3.1306737842944408
0wcc3HT0lnp2jkAy7q6Y,2024-04-17T20:31:08,Leicester,Tree-hole tick,Ixodes arboricola,52.623084720265766,-1.1210792480896543
MU4cFOw4JDeAfLqGcVqo,2014-10-02T15:08:16,Glasgow,Passerine tick,Dermacentor frontalis,55.83495187244272,-4.2165785318086195
H3UTS3Wl92ALNszyexfS,2021-05-04T11:00:10,Leicester,Fox/badger tick,Ixodes canisuga,52.661041278376835,-1.1246315484837686
RSocILpYMa6IG7DJDdSE,2018-11-19T07:53:07,Birmingham,Tree-hole tick,Ixodes arboricola,52.455695200923365,-1.881339834753765
3cqL3ROuepjfQMs9ngvc,2022-07-03T20:22:01,Bristol,Marsh tick,Ixodes apronophorus,51.48550653805317,-2.5641696595932797
dCWdEjQ6RrcsnSP8G7nZ,2015-12-18T08:09:03,Cardiff,Marsh tick,Ixodes apronophorus,51.49947200167985,-3.129590855101654
JHPXPy4AhjeZarxGuJfF,2020-10-27T08:33:16,Nottingham,Passerine tick,Dermacentor frontalis,52.982344386847984,-1.10221221361942
mlaoEgkf4u4ekmG2HtmA,2016-12-21T05:59:55,Bristol,Fox/badger tick,Ixodes canisuga,51.49511132677336,-2.603112726245257
zhNgy66ZydWrS15fuZJt,2017-04-02T05:03:53,Leeds,Southern rodent tick,Ixodes acuminatus,53.82237569673404,-1.5166237773166897
uFq2r7ehioWbmRnWDnbx,2019-02-21T12:50:13,Leeds,Tree-hole tick,Ixodes arboricola,53.80441343878322,-1.5885239627661778
wKW9dpCM9k4IPZvirQHC,2012-12-06T21:32:36,Sheffield,Southern rodent tick,Ixodes acuminatus,53.33365079610593,-1.4364428855322913
jcF9MRhT35VwgGWaVB8M,2021-03-19T12:44:44,Cardiff,Southern rodent tick,Ixodes acuminatus,51.434762673382515,-3.1613372675472426
vu8YJaxGIPg4rpvNmhNl,2012-07-13T21:10:32,Leicester,Fox/badger tick,Ixodes canisuga,52.6631063739852,-1.169153938365872
4BpYXknaXLU6PapCN7Ie,2020-07-12T14:00:33,Liverpool,Tree-hole tick,Ixodes arboricola,53.423374634625596,-3.0278298907901844
doxC3AvGsbkcuqEK5Zxu,2015-12-18T10:04:13,Glasgow,Passerine tick,Dermacentor frontalis,55.83607534952926,-4.234800442971002
4MkOEqCML2vUFL7h7RrB,2023-02-27T09:09:01,Nottingham,Marsh tick,Ixodes apronophorus,52.94512828212803,-1.111571860378441
UOFs2LXNQhzLHtARw0Ej,2024-08-29T07:02:03,Sheffield,Fox/badger tick,Ixodes canisuga,53.37553289949969,-1.4826829758124729
DgHIEsdCLxR16wSy3zZO,2015-02-27T23:23:08,Glasgow,Marsh tick,Ixodes apronophorus,55.876949447083014,-4.24081758506267
Jw6921YckWOYdE7UfGcL,2022-08-19T01:26:28,London,Fox/badger tick,Ixodes canisuga,51.536787598358224,-0.09052176923430695
4MkOEqCML2vUFL7h7RrB,2023-02-27T09:09:01,Nottingham,Marsh tick,Ixodes apronophorus,52.922709110456196,-1.1114992489724436
9meABYFDEA9MMF5JaeRD,2021-05-01T05:31:35,Manchester,Southern rodent tick,Ixodes acuminatus,53.49461409192346,-2.2516496606926624
VIgAP58B7wR6mhNq9sUu,2023-07-03T07:06:52,Leeds,Passerine tick,Dermacentor frontalis,53.781855186765455,-1.5815328739878827
qKsYoQf5rorESrwZMopt,2024-01-21T06:11:04,Southampton,Tree-hole tick,Ixodes arboricola,50.9419928353151,-1.36025670603031
T9DVmtxedNDwma6D8H5U,2023-05-05T03:50:06,Sheffield,Passerine tick,Dermacentor frontalis,53.41109467098299,-1.4739764449280062
MIM9FaIEybhkWiVMEaTV,2015-03-30T17:49:54,Nottingham,Fox/badger tick,Ixodes canisuga,52.98576086812345,-1.1591473711377234
KAKbx5v5GpqDNu5Fq44D,2018-11-24T07:08:32,Glasgow,Tree-hole tick,Ixodes arboricola,55.85659877100894,-4.2945055586967085
ItEPQy0TIL2oAfW90Xd5,2018-12-10T05:09:25,Nottingham,Tree-hole tick,Ixodes arboricola,52.931692788347675,-1.1885433093927935
RsimxKYXbujbRgp4ZvRY,2019-08-08T00:13:01,London,Marsh tick,Ixodes apronophorus,51.554887833984395,-0.10323961251976999
YwSwSKm7KE7JpjrdkvCl,2012-07-02T14:27:07,Edinburgh,Southern rodent tick,Ixodes acuminatus,55.948474330227754,-3.1857427812580346
mMWRdEKwKCVA4EI7OeCZ,2012-01-15T21:00:06,Nottingham,Southern rodent tick,Ixodes acuminatus,52.96290499751594,-1.1506831660901953
zioQC3eCsCL3gn94x7az,2019-06-22T21:29:54,Sheffield,Fox/badger tick,Ixodes canisuga,53.381163910264206,-1.4463547215207835
3lkxXuO5Vwf1SmuMhBfK,2018-11-25T03:35:57,Bristol,Fox/badger tick,Ixodes canisuga,51.41830011701536,-2.5558575652039073
vu8YJaxGIPg4rpvNmhNl,2012-07-13T21:10:32,Leicester,Fox/badger tick,Ixodes canisuga,52.59001826458821,-1.090541390219519
Sx7xG0zJe5SRSqJG5h9Y,2014-01-21T23:56:36,London,Passerine tick,Dermacentor frontalis,51.512599753562355,-0.0830126224780351
1dnyM0apCiT8NGr9TBIr,2024-07-08T01:47:29,Manchester,Fox/badger tick,Ixodes canisuga,53.532510250382316,-2.23894047718277
UBHmG7Eso2fDNgkPN7Gs,2016-02-07T13:52:25,Edinburgh,Southern rodent tick,Ixodes acuminatus,55.98059477058039,-3.1473898007560694
yRa7tagc5ddhKL9mOrdq,2017-11-08T05:14:51,Sheffield,Marsh tick,Ixodes apronophorus,53.40929863407612,-1.514772559214822
oPsSEOUH8TCt29bdUHzp,2020-12-11T21:36:33,Leicester,Southern rodent tick,Ixodes acuminatus,52.64656261288611,-1.1111079776828365
KN1tzAlN0sw5XWqq7Bmb,2018-10-11T14:16:48,Edinburgh,Passerine tick,Dermacentor frontalis,55.99920318930449,-3.2228506132219747
PYbn1uI7kY8DUIZhPhwU,2023-11-04T13:31:18,Bristol,Passerine tick,Dermacentor frontalis,51.472700611505275,-2.5910614170153754
1WTkNtTMvlPMMgyMcrMb,2024-12-08T20:09:18,Bristol,Marsh tick,Ixodes apronophorus,51.43708081468017,-2.60814528234267
0mgV5wo4mQ9i0t8Hpfdw,2020-10-19T21:35:03,London,Tree-hole tick,Ixodes arboricola,51.49623003696482,-0.11986081124770015
NaX0oRZbPKVVotfIMm3M,2013-12-29T14:55:23,Birmingham,Southern rodent tick,Ixodes acuminatus,52.501287502548855,-1.8929676891871938
vxGUJOnT1EJfIJ9foKrK,2020-12-09T14:07:09,Cardiff,Marsh tick,Ixodes apronophorus,51.48321092986923,-3.178598148519603
1VhTOVT9kr5E1V3J2rQ1,2018-10-21T04:07:16,Nottingham,Southern rodent tick,Ixodes acuminatus,52.950792858804085,-1.1926772883826597
3XY7jBZDKFZGsTjy72Hw,2019-10-23T20:15:01,Nottingham,Tree-hole tick,Ixodes arboricola,52.98008629623016,-1.1427916565144052
j67AXxhYW3r6fODJl8eA,2012-11-15T08:21:23,Nottingham,Southern rodent tick,Ixodes acuminatus,52.90190433841416,-1.151654945662158
cIVwSzPKINvTbcm2XV98,2020-05-03T12:56:44,Birmingham,Passerine tick,Dermacentor frontalis,52.46710247914503,-1.9447387035415944
iLk7GhtTSEaZz80L269k,2023-01-02T08:29:53,London,Southern rodent tick,Ixodes acuminatus,51.47983799511472,-0.12608924654472647
8ORFBRRPnXUOCq1ybDcn,2019-08-10T17:47:55,Nottingham,Fox/badger tick,Ixodes canisuga,52.94927538638358,-1.1486674417759437
mBpKzd3Ld0fODlAarKJ3,2012-06-07T08:50:08,Bristol,Passerine tick,Dermacentor frontalis,51.41365999696529,-2.6252540583248054
B6CaPF49BQNLXAjsAQYg,2012-12-23T21:17:45,Leeds,Southern rodent tick,Ixodes acuminatus,53.8122735115315,-1.5411334407785855
ZeFKViV8tskTtoGYEe60,2012-08-28T11:25:59,Southampton,Fox/badger tick,Ixodes canisuga,50.916192310098765,-1.4068049988436433
LTnH2QcOJfn4KPBKKsYB,2015-07-21T10:41:00,Liverpool,Passerine tick,Dermacentor frontalis,53.37793762394466,-2.965356828113737
FxupEiF9DCD3LDnkGBnz,2017-04-26T21:46:08,Sheffield,Fox/badger tick,Ixodes canisuga,53.34876063968129,-1.499662682234068
YdApzi4p6xcN4uW88k8p,2018-04-13T13:56:31,Leeds,Tree-hole tick,Ixodes arboricola,53.82804033558184,-1.5931718846745377
AiSNMSlxbrNWPX116Jve,2018-12-07T11:52:18,Bristol,Tree-hole tick,Ixodes arboricola,51.44128691522759,-2.611538596766409
uKV79fATq5nigkdW40RK,2014-10-09T09:50:31,Cardiff,Fox/badger tick,Ixodes canisuga,51.486260621907064,-3.1524293692719967
ZqZWzvsvbpezAscUTU1T,2021-12-01T12:20:08,Birmingham,Passerine tick,Dermacentor frontalis,52.493057454167136,-1.8941464985167673
bocX9wijAxDqtLnTJwQe,2023-11-07T08:21:48,Liverpool,Passerine tick,Dermacentor frontalis,53.42997372080359,-2.99109630638745
vxGUJOnT1EJfIJ9foKrK,2020-12-09T14:07:09,Cardiff,Marsh tick,Ixodes apronophorus,51.520934152439864,-3.150225900376749
ZUT3XVKMqXdWjlAzZg9L,2023-02-13T03:36:29,Cardiff,Passerine tick,Dermacentor frontalis,51.46597896761874,-3.1632036765794505
y1fM2l3XJWsVJBs13k8A,2016-08-13T20:02:49,Liverpool,Tree-hole tick,Ixodes arboricola,53.44154384958401,-3.012787800777025
Q2Uu4nErrOta0O6hi6Z4,2014-12-19T11:51:09,London,Marsh tick,Ixodes apronophorus,51.46306122175697,-0.1348278227422024
H5uaK2OExzE81VWZQcoE,2020-06-09T17:22:11,London,Marsh tick,Ixodes apronophorus,51.462479053393956,-0.1608715975291491
HUwyCepes6Tkk0z6IU4F,2014-01-13T02:49:30,Leeds,Marsh tick,Ixodes apronophorus,53.84946359546809,-1.5867599528125411
HDzq1TQLJuUCARD2J3gG,2017-06-28T02:20:14,Newcastle,Marsh tick,Ixodes apronophorus,54.941194532817995,-1.6178760336130253
8B0MI5mWSOphj8HYnScj,2022-08-21T19:30:46,Newcastle,Marsh tick,Ixodes apronophorus,55.01342997495228,-1.6497952324004796
I7xcoZs5lTXU0Hqwsn19,2015-03-31T06:38:19,Liverpool,Passerine tick,Dermacentor frontalis,53.43119151364616,-3.0152058916759312
qKsYoQf5rorESrwZMopt,2024-01-21T06:11:04,Southampton,Tree-hole tick,Ixodes arboricola,50.931017890456566,-1.3561975546117828
1meKWioAA6aqH8Nw41vp,2020-12-20T11:06:49,Glasgow,Tree-hole tick,Ixodes arboricola,55.87534118770946,-4.262013690729464
RPTtZEkOF7GKDhJRi2XJ,2017-06-30T17:07:32,London,Marsh tick,Ixodes apronophorus,51.54619279235215,-0.09642438012414394
DyFy26uzJvVdtdLcp1lE,2022-05-09T23:47:35,Newcastle,Marsh tick,Ixodes apronophorus,54.94874907251088,-1.597257125412819
KOxKafBIMhXVDu4F9ILx,2022-03-12T05:37:51,Cardiff,Southern rodent tick,Ixodes acuminatus,51.44004867845333,-3.155688427471006
641TKZaZ7oGv90DIHowL,2018-02-09T12:40:57,Nottingham,Fox/badger tick,Ixodes canisuga,52.90332998522647,-1.1746727659020693
EuaGZEMoI1Ja2px75dvt,2016-04-26T08:55:04,Birmingham,Marsh tick,Ixodes apronophorus,52.51866780991067,-1.8829190677987857
HgEoQ2wLJKmQUiSsbcWF,2013-02-20T23:08:11,Bristol,Fox/badger tick,Ixodes canisuga,51.45500789586913,-2.6359430218506357
9cEnX6Uq9ewnINedmf8w,2021-08-09T02:23:53,London,Marsh tick,Ixodes apronophorus,51.524224844745156,-0.09661970210878354
9tqlaH9WKbPRBiElq5RP,2012-05-02T23:28:49,London,Tree-hole tick,Ixodes arboricola,51.510390040099985,-0.08997234066195914
SieaANJiDLOGMzeJN9il,2022-11-22T12:58:19,Nottingham,Fox/badger tick,Ixodes canisuga,52.912429718750005,-1.136735261512995
i50OyQ3jxr64LVAbCxhF,2014-03-26T11:48:38,Liverpool,Marsh tick,Ixodes apronophorus,53.353431473376546,-3.0027700681792395
O8KJXNlxW87DvuRcGiuD,2012-02-26T23:24:33,Edinburgh,Passerine tick,Dermacentor frontalis,55.927978867876085,-3.226194450319943
ayoIraRlZW4gtkUyV8UN,2016-06-24T10:02:06,Leeds,Southern rodent tick,Ixodes acuminatus,53.833437729890306,-1.5816007977967643
Zt3sufhZaf1NIZk8FBun,2019-03-17T08:28:51,Bristol,Passerine tick,Dermacentor frontalis,51.45119516948144,-2.593725099863796
Lj7Rmp75DwQdgIOqRhli,2021-03-08T20:49:52,Sheffield,Fox/badger tick,Ixodes canisuga,53.347540140971105,-1.4488446544425173
QUH9aKMRXOkJMvTS1set,2014-01-28T00:35:34,Liverpool,Fox/badger tick,Ixodes canisuga,53.44451972873297,-2.956137267773317
aGLWEbTuIjion51zmJtm,2024-05-14T07:06:31,Manchester,Marsh tick,Ixodes apronophorus,53.53280750772207,-2.267017412337469
qNAWcpW4EUxDplEl9ikI,2014-02-23T18:10:15,Liverpool,Passerine tick,Dermacentor frontalis,53.3608309463089,-3.025628624311107
FUiiJZzGqvvJhETffqR0,2016-04-03T09:09:42,Bristol,Passerine tick,Dermacentor frontalis,51.49032392987865,-2.573029145825396
JS69mIQYTB6mdu0vMt4p,2022-12-17T04:56:17,Nottingham,Marsh tick,Ixodes apronophorus,52.93033968730649,-1.1955360109641031
YAQPqcjZsugM4GDinYde,2016-09-02T20:24:30,Liverpool,Passerine tick,Dermacentor frontalis,53.43902313309892,-2.988920070185088
oLNRElZvkIwuvDpSJCUG,2022-11-29T13:09:18,Leeds,Southern rodent tick,Ixodes acuminatus,53.75218396594589,-1.521220021626473
46nOhsoyrrsadruPfDZQ,2019-05-20T14:29:24,Cardiff,Fox/badger tick,Ixodes canisuga,51.446971938551,-3.1567493757557874
SP7kgRoPTmloWj8zEak5,2013-01-08T15:44:12,Birmingham,Southern rodent tick,Ixodes acuminatus,52.4956907209382,-1.948464949526629
iqI7u3P4yNHs5v76rIgN,2016-06-14T10:49:25,Birmingham,Tree-hole tick,Ixodes arboricola,52.52171250596285,-1.9424924788632252
mqfnRVwajySN0tmwk47o,2012-04-04T04:51:45,Newcastle,Fox/badger tick,Ixodes canisuga,54.95659820347497,-1.6124482562127427
umDl7UzIWiBB3qb2vM5H,2014-07-08T16:37:15,Manchester,Passerine tick,Dermacentor frontalis,53.481898746035014,-2.2932987578077775
lG6OXJLPH8ZhWZyZAdYK,2019-03-12T15:14:55,Newcastle,Southern rodent tick,Ixodes acuminatus,54.972477257403156,-1.5670402969841077
ha5el3ef6pfPSq1iZh6f,2022-07-03T00:46:12,Newcastle,Fox/badger tick,Ixodes canisuga,54.99263680516773,-1.6068513866392065
1BAyUx8rQnqelYaMLqmP,2015-03-06T15:04:32,Bristol,Fox/badger tick,Ixodes canisuga,51.48556631594152,-2.6292508682025573
LIYCcqZ4sMDMWLCapOYW,2016-12-25T20:50:17,Cardiff,Tree-hole tick,Ixodes arboricola,51.44516027965619,-3.1723042729246673
oLNRElZvkIwuvDpSJCUG,2022-11-29T13:09:18,Leeds,Southern rodent tick,Ixodes acuminatus,53.826441759771924,-1.5890317343560798
1BAyUx8rQnqelYaMLqmP,2015-03-06T15:04:32,Bristol,Fox/badger tick,Ixodes canisuga,51.45884060621755,-2.6036123195592977
EyCsXBBNAjzSGGTRVpjt,2013-12-23T19:30:23,Newcastle,Tree-hole tick,Ixodes arboricola,55.01082086694244,-1.605728827102314
BZ4iQ6FJzEilaS6PMPu1,2012-02-25T05:50:29,Bristol,Passerine tick,Dermacentor frontalis,51.48152356745602,-2.5441046594469405
Wf6yH4ir9cQg5Bij3dfD,2020-08-27T03:17:49,Leeds,Passerine tick,Dermacentor frontalis,53.76631100862501,-1.5305189629405287
gMjI1QGSQ0fddeAYTFJc,2023-12-19T06:20:56,Bristol,Tree-hole tick,Ixodes arboricola,51.48003541365971,-2.6195534895804222
Ff1JYByXmaS8VRxvw7bP,2022-01-07T11:45:56,Leicester,Marsh tick,Ixodes apronophorus,52.61953723102046,-1.0973726524165632
J8HZLUDO3quUlJlfgK3q,2023-07-19T05:06:16,Leeds,Tree-hole tick,Ixodes arboricola,53.823728416331825,-1.5548624098263328
sKm3fj8jM5nFCUZkjsqQ,2020-04-03T14:12:03,Nottingham,Fox/badger tick,Ixodes canisuga,52.91116639384061,-1.1571225337052922
tR1HvhalUxdUMoe5HG9j,2022-09-09T08:28:02,Newcastle,Passerine tick,Dermacentor frontalis,54.97424302688138,-1.565639284367881
0KWpLGYsmDgVEVQckW7f,2016-09-19T06:05:49,Glasgow,Tree-hole tick,Ixodes arboricola,55.83632403094785,-4.244708699288238
IDu5mjGPOqV0BpDSor2o,2017-05-17T02:10:22,Leicester,Fox/badger tick,Ixodes canisuga,52.6571944975685,-1.1495910312451227
Wf6yH4ir9cQg5Bij3dfD,2020-08-27T03:17:49,Leeds,Passerine tick,Dermacentor frontalis,53.81218396916161,-1.5079872400409324
jvNRAmvwl6r2bxwuiCD2,2023-09-09T03:03:47,Cardiff,Tree-hole tick,Ixodes arboricola,51.526899100497765,-3.213481450565158
MfEzuLHlq911ndw9WlmL,2018-06-27T10:58:52,Birmingham,Passerine tick,Dermacentor frontalis,52.49866160107145,-1.9414886777618565
c1rQLWCGrk5BbpN8oSI5,2016-07-15T21:39:21,Birmingham,Tree-hole tick,Ixodes arboricola,52.4805502286922,-1.8600499419196712
G4mB10cbrvTbwgGHc3xQ,2020-11-05T08:09:09,Liverpool,Southern rodent tick,Ixodes acuminatus,53.351045329545805,-2.9379094021866137
UaHeQlAIuqp7u4mo3xBd,2023-02-23T22:13:32,Cardiff,Southern rodent tick,Ixodes acuminatus,51.52452943094613,-3.1356270389029004
S2p28UBZxjM8sT2wKXLh,2012-09-04T06:24:07,Nottingham,Southern rodent tick,Ixodes acuminatus,52.9392883612206,-1.1113246223013828
ZgQv0RPsLFTgZ3BSWjtl,2024-05-02T06:27:49,Glasgow,Passerine tick,Dermacentor frontalis,55.901744898431744,-4.266615521511364
w1bDF50JF2lU5vbydM9I,2017-03-26T23:32:49,Birmingham,Passerine tick,Dermacentor frontalis,52.51826662784324,-1.9057619673846966
yoPLO3ZYNiLKVh7Cfo1f,2018-06-30T17:00:29,Birmingham,Marsh tick,Ixodes apronophorus,52.513550585154974,-1.8909732853562695
mFg3vk2IdqgapFbDktdf,2024-02-23T11:50:07,Bristol,Fox/badger tick,Ixodes canisuga,51.45866085398854,-2.627634422903652
I59fa8epR5AZeUvgFVg4,2018-09-29T09:59:39,Leicester,Southern rodent tick,Ixodes acuminatus,52.642538016292335,-1.1444983336040773
ED46zemgTCc38RfjggT5,2015-02-22T15:18:35,Glasgow,Passerine tick,Dermacentor frontalis,55.87888759344968,-4.292126857772495
X0c832ZZSeaGKmb7dwkB,2018-02-13T03:59:43,Nottingham,Passerine tick,Dermacentor frontalis,52.97601910082942,-1.100126265584204
8oE7yfH8FmN2lzDuN9XN,2014-12-16T18:24:05,Newcastle,Southern rodent tick,Ixodes acuminatus,54.92242136513606,-1.603088878039388
2aJ0Nbp40AA37xTH3eWb,2023-03-01T07:21:43,Birmingham,Southern rodent tick,Ixodes acuminatus,52.506710737940196,-1.9146374731871951
lAFjkQIzhcV5H5rDOlxc,2012-08-15T23:46:03,Leicester,Southern rodent tick,Ixodes acuminatus,52.63248139824246,-1.1502320714154632
XEgICCnrwqF4wdiDqfuL,2023-05-28T02:42:56,Glasgow,Marsh tick,Ixodes apronophorus,55.842222918038935,-4.203856045717687
u6Ue44eJVDFLOcoU2EJB,2022-08-21T21:24:41,Cardiff,Southern rodent tick,Ixodes acuminatus,51.456244343572834,-3.147663103054662
Wf6yH4ir9cQg5Bij3dfD,2020-08-27T03:17:49,Leeds,Passerine tick,Dermacentor frontalis,53.837737307151016,-1.5753931237004375
0L5BVSzmm898d1JCBaVB,2023-07-20T21:30:11,Nottingham,Passerine tick,Dermacentor frontalis,52.99713966485068,-1.192975093816093
kLY588unNh5Nj4DWz5c7,2022-10-16T06:08:16,Birmingham,Fox/badger tick,Ixodes canisuga,52.50892786590968,-1.8594687291904144
a8d9FiCKsP6857gvEDKc,2015-01-19T09:19:41,Liverpool,Passerine tick,Dermacentor frontalis,53.3685655884589,-2.9357169305596447
NIIjGEngmmmxjQVuI12A,2015-05-02T01:53:53,Southampton,Marsh tick,Ixodes apronophorus,50.95834398686515,-1.4258216357993327
a8d9FiCKsP6857gvEDKc,2015-01-19T09:19:41,Liverpool,Passerine tick,Dermacentor frontalis,53.4060687891083,-2.9626623573951516
mFg3vk2IdqgapFbDktdf,2024-02-23T11:50:07,Bristol,Fox/badger tick,Ixodes canisuga,51.45959417208652,-2.6085244892299344
IdoWVlLOQ1IaKZ7nGVQu,2014-02-28T07:44:10,Glasgow,Passerine tick,Dermacentor frontalis,55.880938921911316,-4.2649280051630996
8QjHL9AYfAD2BNUS0J8p,2015-06-16T21:03:18,Liverpool,Southern rodent tick,Ixodes acuminatus,53.382665859139074,-2.951400457379132
4XlbZB98NFfaIaZS1sdR,2020-08-19T12:07:08,Leicester,Southern rodent tick,Ixodes acuminatus,52.666906108927705,-1.1485440089013066
UjXk60DdGGhB9fXyQycu,2017-08-03T15:11:24,Manchester,Tree-hole tick,Ixodes arboricola,53.45564261794532,-2.1950103464340365
6uL0leRbGkixrE6S44ZA,2017-07-02T11:14:51,Manchester,Fox/badger tick,Ixodes canisuga,53.51339018947781,-2.26420246617032
dEtBKILZrtVli6ijuZmZ,2015-10-13T13:05:54,Glasgow,Fox/badger tick,Ixodes canisuga,55.888742763223235,-4.209274767333076
EyCsXBBNAjzSGGTRVpjt,2013-12-23T19:30:23,Newcastle,Tree-hole tick,Ixodes arboricola,54.97231591502632,-1.6192956059152912
LtqWS9zdnisxeLymLVou,2012-10-23T09:13:20,Bristol,Marsh tick,Ixodes apronophorus,51.43470332158782,-2.5877260092535974
86qHZzj19gGxRmeG4Jth,2017-06-30T15:03:50,Manchester,Passerine tick,Dermacentor frontalis,53.447628774266974,-2.215037388463049
kSEdfGkbs6wAfcamRzDi,2020-01-22T03:40:16,Edinburgh,Marsh tick,Ixodes apronophorus,55.979168151614445,-3.1804047818646426
aI3eNTq4eWwOsLrTsyoJ,2022-11-13T18:06:39,Birmingham,Passerine tick,Dermacentor frontalis,52.5384234272547,-1.9426489996526748
yoPLO3ZYNiLKVh7Cfo1f,2018-06-30T17:00:29,Birmingham,Marsh tick,Ixodes apronophorus,52.45867703196425,-1.8620730573205753
CXxFJtCAKdmbFXPlQE5q,2016-02-17T12:46:29,Manchester,Fox/badger tick,Ixodes canisuga,53.437070280670795,-2.220310095573218
nPxD6vkpmUBrFC6aM4AX,2015-06-02T04:19:29,London,Southern rodent tick,Ixodes acuminatus,51.465189479465245,-0.11277876088117751
Iq1ASgLNepeZGf0cy7HC,2022-02-13T20:48:00,Bristol,Passerine tick,Dermacentor frontalis,51.42851645873076,-2.5503156257322597
h8Qd91ekoF5XzmX3zEZI,2023-02-16T00:36:27,London,Southern rodent tick,Ixodes acuminatus,51.54327349464334,-0.12350890498658722
sItHisGbG7Wr2VRijce5,2020-04-19T11:18:10,Glasgow,Passerine tick,Dermacentor frontalis,55.85062440801119,-4.289556282926656
JlbiMKQsVEa0JNfUVdlR,2017-07-01T18:17:33,Birmingham,Marsh tick,Ixodes apronophorus,52.445643813134026,-1.8967533797058997
OzaXrTbscahHVtbFP6lH,2019-12-28T01:53:22,Leicester,Fox/badger tick,Ixodes canisuga,52.60754661375473,-1.1348697583075225
ziniFOq3yOlOQFNcItlz,2017-11-02T00:45:28,London,Fox/badger tick,Ixodes canisuga,51.5488336530997,-0.07298650711778133
HHWT4HRxJt3yvV30dbfH,2017-01-02T10:07:09,Southampton,Marsh tick,Ixodes apronophorus,50.87229471357658,-1.3924658317980119
MqyC1jxKSyTl3eF0Izbg,2013-12-23T23:51:01,Edinburgh,Southern rodent tick,Ixodes acuminatus,55.979692403693015,-3.1852485271783175
nxfAJBPXXhRCeC1kZTHF,2015-05-14T10:53:44,Leeds,Fox/badger tick,Ixodes canisuga,53.829484292916895,-1.5013511370500876
lIPrppLZJ182GqraMR9j,2020-01-15T10:18:38,Birmingham,Marsh tick,Ixodes apronophorus,52.51739296744617,-1.943465870244359
KWJ0macPKyLhJD0MkyVU,2020-11-22T02:37:42,Sheffield,Passerine tick,Dermacentor frontalis,53.33555697794687,-1.4692639162962344
y8rDPVx5SwgkTkMCJjpq,2017-06-18T04:48:46,Glasgow,Southern rodent tick,Ixodes acuminatus,55.81179433599963,-4.277446886775856
p5nJlgUQjNEN2YMkEYJz,2018-03-16T15:46:41,Leicester,Passerine tick,Dermacentor frontalis,52.61596122938869,-1.10633135409094
JE4E9TpWLx3PjClnLltW,2016-03-24T10:03:49,Southampton,Marsh tick,Ixodes apronophorus,50.898014723636315,-1.3982775349212637
K8R27D3M88flP3QkE8C8,2022-06-29T10:37:20,Liverpool,Passerine tick,Dermacentor frontalis,53.43549540543118,-2.9393474539242646
tmuXaUR7ipVGwCNs7Ypc,2019-07-29T10:43:48,Edinburgh,Marsh tick,Ixodes apronophorus,55.98327139597747,-3.2212162944675065
CRVnFBHoIPSirfmZqBwO,2015-05-22T02:24:58,London,Fox/badger tick,Ixodes canisuga,51.51275474851438,-0.08397809536187482
Sx7xG0zJe5SRSqJG5h9Y,2014-01-21T23:56:36,London,Passerine tick,Dermacentor frontalis,51.52246170220613,-0.10913522132805718
6eSLU6MGCz3wSh5UKFN5,2018-10-02T04:13:24,Newcastle,Passerine tick,Dermacentor frontalis,54.9708429714748,-1.5767258598579093
Lj7Rmp75DwQdgIOqRhli,2021-03-08T20:49:52,Sheffield,Fox/badger tick,Ixodes canisuga,53.36284575728945,-1.5046442797487323
S3f8sdNWFLtTgAXlDC4u,2024-09-18T15:17:24,Bristol,Fox/badger tick,Ixodes canisuga,51.44605431332443,-2.5841564509913098
klMtwuJjnqjwY49eLsHc,2014-01-07T21:48:51,Cardiff,Southern rodent tick,Ixodes acuminatus,51.435082916329506,-3.2161609057793106
3cqL3ROuepjfQMs9ngvc,2022-07-03T20:22:01,Bristol,Marsh tick,Ixodes apronophorus,51.447553891178536,-2.6353441649823734
HDzq1TQLJuUCARD2J3gG,2017-06-28T02:20:14,Newcastle,Marsh tick,Ixodes apronophorus,55.000622762851975,-1.5879058251670333
9gkZh8PpOMnklKoHaq7F,2018-07-25T00:41:17,Sheffield,Southern rodent tick,Ixodes acuminatus,53.392803407184,-1.4616589527571664
dlZjhHqGj3gyUmAkdGBp,2015-12-07T06:16:10,Sheffield,Marsh tick,Ixodes apronophorus,53.39069043233498,-1.4729382941521272
6EotzaikFXHVnCgFA49X,2014-03-12T07:34:49,Manchester,Fox/badger tick,Ixodes canisuga,53.505884012750606,-2.2830285871259006
jK2Cik6m2BxFYUFXzAeX,2024-04-09T21:45:00,Liverpool,Marsh tick,Ixodes apronophorus,53.419020814244625,-2.960951485462525
jcF9MRhT35VwgGWaVB8M,2021-03-19T12:44:44,Cardiff,Southern rodent tick,Ixodes acuminatus,51.514171972719204,-3.14812443183141
1jg81lcxSkVHqe7MXBF7,2013-04-17T19:43:42,Southampton,Fox/badger tick,Ixodes canisuga,50.88953303136733,-1.4276852860314795
pKyMsVQ6yvdOTa30zb2A,2015-06-30T04:40:44,Birmingham,Southern rodent tick,Ixodes acuminatus,52.538387031799,-1.8674382605555926
E9MP5NirTrF3XwlLFakG,2017-06-27T13:11:23,Birmingham,Southern rodent tick,Ixodes acuminatus,52.478752670235274,-1.8680524405661205
QDZ3j2i5qxuv9qZNuXrn,2021-09-24T12:43:55,Liverpool,Tree-hole tick,Ixodes arboricola,53.36827144841993,-2.948839484736146
XEgICCnrwqF4wdiDqfuL,2023-05-28T02:42:56,Glasgow,Marsh tick,Ixodes apronophorus,55.88954778646048,-4.219796891319619
3WDoZ4kGpYvjEyYaGYGw,2015-04-19T11:48:28,London,Marsh tick,Ixodes apronophorus,51.54922262071296,-0.0845149889432173
2jznlhICSCIrnPJ8rgQ7,2017-12-27T05:46:35,Newcastle,Southern rodent tick,Ixodes acuminatus,55.01222507058462,-1.5788452343439463
4RLJWhFRd83xZY2Fu2Vk,2022-06-29T21:36:28,Liverpool,Tree-hole tick,Ixodes arboricola,53.449934572513214,-2.952812007290769
xkRekaVi9Su8Z5j2NyGa,2022-01-31T18:16:21,Edinburgh,Fox/badger tick,Ixodes canisuga,55.94876884485227,-3.229523606002908
oLNRElZvkIwuvDpSJCUG,2022-11-29T13:09:18,Leeds,Southern rodent tick,Ixodes acuminatus,53.753332684515186,-1.5239246191411167
1VsrvUmhvA9wLvuahmgX,2012-06-27T03:19:07,Nottingham,Tree-hole tick,Ixodes arboricola,52.92168526464065,-1.1189859791371068
GFvwBwlKqG452CvPCekP,2015-02-18T14:43:58,Bristol,Southern rodent tick,Ixodes acuminatus,51.40774270560974,-2.632696913600921
JbAXebsbCrAhgtPpVHEB,2022-05-01T12:31:27,Edinburgh,Tree-hole tick,Ixodes arboricola,55.91896461960117,-3.1821713073622226
XzQuNC7pzZFFl3hZGI5b,2016-07-09T10:54:45,Liverpool,Tree-hole tick,Ixodes arboricola,53.442678026796095,-3.0167458376596645
45giE11e9oGHGyOXa7Cn,2023-08-11T19:58:57,Edinburgh,Marsh tick,Ixodes apronophorus,55.93905503699437,-3.169578422957618
81wmm1pbZoWSejo95arG,2022-10-04T12:54:27,Sheffield,Tree-hole tick,Ixodes arboricola,53.411242881252406,-1.457438903615309
qKsYoQf5rorESrwZMopt,2024-01-21T06:11:04,Southampton,Tree-hole tick,Ixodes arboricola,50.900423675269955,-1.4363571589201514
NMvi6cL8q3imjBSewQRk,2015-05-10T20:50:06,Leicester,Tree-hole tick,Ixodes arboricola,52.640130233963205,-1.0930450712703221
8nhE5TSJcL1oOld3OpVW,2023-06-17T13:08:18,Birmingham,Southern rodent tick,Ixodes acuminatus,52.51133070344538,-1.9063799743828302
fhpi12COUkTyMLGA8e71,2023-12-11T16:35:06,Manchester,Tree-hole tick,Ixodes arboricola,53.437599741869285,-2.2406200437837582
h8Qd91ekoF5XzmX3zEZI,2023-02-16T00:36:27,London,Southern rodent tick,Ixodes acuminatus,51.52845764904074,-0.11964519439883298
UPJcBmWvVMYjWyoj7PJ2,2015-10-11T06:43:43,Edinburgh,Tree-hole tick,Ixodes arboricola,55.91662914378833,-3.1994635904467836
Cwbsm7HBoaXS7sArujWB,2017-12-27T08:51:05,Sheffield,Passerine tick,Dermacentor frontalis,53.3772942811953,-1.419942686165068
21YeuUkAlXgWklaq0Oeb,2021-03-07T19:08:07,Bristol,Southern rodent tick,Ixodes acuminatus,51.42168531715466,-2.5687861626034953
rlb1M2hK6389R6gyNTy6,2014-11-17T01:22:59,Cardiff,Southern rodent tick,Ixodes acuminatus,51.48167888556842,-3.173939850185586
FWC8nmo9Qzzmv5yVQ2AO,2024-10-14T14:43:33,Bristol,Marsh tick,Ixodes apronophorus,51.409253611216556,-2.5529668591141097
1dc3Sq3ckh8fQ4qm0cSz,2014-05-23T13:45:01,Manchester,Passerine tick,Dermacentor frontalis,53.494018163851024,-2.1974455582340173
Ez30oqT6mFRyiCrzdK1J,2015-07-08T20:25:50,Birmingham,Marsh tick,Ixodes apronophorus,52.508954565851305,-1.9097573824445722
vHLNBrXjRoaIzZOhmbr4,2021-09-09T17:00:29,Bristol,Marsh tick,Ixodes apronophorus,51.43403779317066,-2.583299820779915
v1vt9ekMPoGAdQg9miXI,2020-10-12T20:42:50,Bristol,Passerine tick,Dermacentor frontalis,51.48152123987984,-2.540136911086223
h8Qd91ekoF5XzmX3zEZI,2023-02-16T00:36:27,London,Southern rodent tick,Ixodes acuminatus,51.46695810126029,-0.07191679624600607
Hl56tj9pHF0KxoORz0uz,2024-03-30T20:29:12,Liverpool,Tree-hole tick,Ixodes arboricola,53.355585784341436,-2.9395202841902814
wcLqXNJP3avv7Kg5H953,2017-08-13T23:22:58,Birmingham,Tree-hole tick,Ixodes arboricola,52.49660819090447,-1.9451090917507456
VSYu41t9YrjtK4ceyDIG,2023-01-15T21:43:20,Nottingham,Passerine tick,Dermacentor frontalis,52.90388813389186,-1.113004421487833
1dnyM0apCiT8NGr9TBIr,2024-07-08T01:47:29,Manchester,Fox/badger tick,Ixodes canisuga,53.46716946417643,-2.2388916770654617
NWGsV7RVmEZp3wj1bIxl,2022-12-04T12:45:44,Southampton,Fox/badger tick,Ixodes canisuga,50.90610702379194,-1.403884102570594
IG3l1a8oRJtvyPKF3rgO,2021-10-20T01:23:04,London,Marsh tick,Ixodes apronophorus,51.53468816292195,-0.10440686885915339
AoYEPQnOL8XSrFWnTvYP,2024-12-28T06:01:52,Birmingham,Southern rodent tick,Ixodes acuminatus,52.44749276972408,-1.8508171028958804
sJ19ePbILqrRK0d7L5eZ,2016-11-05T06:50:53,Bristol,Passerine tick,Dermacentor frontalis,51.42565010115485,-2.6105924522998856
5obLk5ADwtVMaHP8mvRZ,2019-07-17T13:49:20,Bristol,Fox/badger tick,Ixodes canisuga,51.44200757866564,-2.604271088582763
4whMANj754FhlLX4Od9N,2013-10-12T00:33:44,Sheffield,Fox/badger tick,Ixodes canisuga,53.38484343139436,-1.4813098907112816
uiW7clRJNBo3PPOOl1xT,2022-11-12T08:17:01,Birmingham,Fox/badger tick,Ixodes canisuga,52.4474912674785,-1.850901566019424
y51ZWE8b5pgZ0aS0KuPo,2018-06-05T06:19:35,Liverpool,Fox/badger tick,Ixodes canisuga,53.36589339618936,-2.947459190280051
igJ8dE6bZgOSvJWyGoVj,2024-03-16T04:05:09,Leeds,Fox/badger tick,Ixodes canisuga,53.82464843846447,-1.5256297403615018
l1eXK8OjZjEUeFLDLCPk,2017-06-10T10:55:14,Birmingham,Marsh tick,Ixodes apronophorus,52.531231913221355,-1.9452821977328962
KWJ0macPKyLhJD0MkyVU,2020-11-22T02:37:42,Sheffield,Passerine tick,Dermacentor frontalis,53.420058529782224,-1.4656001336454405
UPJcBmWvVMYjWyoj7PJ2,2015-10-11T06:43:43,Edinburgh,Tree-hole tick,Ixodes arboricola,55.970517457503085,-3.177680041768956
hLfJFsnPxeBOsrbQUVtL,2023-11-24T21:28:09,Leeds,Passerine tick,Dermacentor frontalis,53.787747860568246,-1.5527040312452516
pzFGoT55ULEseJLcZreF,2024-05-23T17:05:22,Glasgow,Marsh tick,Ixodes apronophorus,55.86056952529423,-4.265076797182452
yoPLO3ZYNiLKVh7Cfo1f,2018-06-30T17:00:29,Birmingham,Marsh tick,Ixodes apronophorus,52.465342301160774,-1.944148745257523
K4Fs8p4nH7x9EUjm7sOe,2014-07-27T17:40:18,Liverpool,Southern rodent tick,Ixodes acuminatus,53.38957113643362,-2.935058898617043
xYQWwkwXCwm3vRn3xU3T,2016-10-29T17:56:02,Cardiff,Tree-hole tick,Ixodes arboricola,51.464098313416066,-3.1457553220256704
4RLJWhFRd83xZY2Fu2Vk,2022-06-29T21:36:28,Liverpool,Tree-hole tick,Ixodes arboricola,53.44274129347749,-3.0062228575788357
5obLk5ADwtVMaHP8mvRZ,2019-07-17T13:49:20,Bristol,Fox/badger tick,Ixodes canisuga,51.41581546317662,-2.556640811710158
v8kmhKkvYXS9RjiRPtx0,2021-01-29T21:26:32,Birmingham,Southern rodent tick,Ixodes acuminatus,52.48260493115501,-1.8533393307851922
sItHisGbG7Wr2VRijce5,2020-04-19T11:18:10,Glasgow,Passerine tick,Dermacentor frontalis,55.82102402441322,-4.275820340251641
SIQ8Ou0QGQoOhxDgsNX7,2020-10-25T04:45:34,Southampton,Passerine tick,Dermacentor frontalis,50.89775293918033,-1.4362374757214753
RWIlYmTGxSS2GAFG45sL,2015-04-04T18:14:50,Leeds,Southern rodent tick,Ixodes acuminatus,53.76205203770676,-1.583908695642764
L21gsSkavTojnIuiip4P,2016-07-28T23:39:36,Bristol,Fox/badger tick,Ixodes canisuga,51.41870315570729,-2.63573860425734
DwcJyztD3DJNhUkEt5e1,2024-05-17T14:25:32,Leeds,Southern rodent tick,Ixodes acuminatus,53.846954396074935,-1.5128541515346596
KOxKafBIMhXVDu4F9ILx,2022-03-12T05:37:51,Cardiff,Southern rodent tick,Ixodes acuminatus,51.448283794672044,-3.157580773576118
RKKviq68whgZqyzu1DWf,2018-02-13T00:20:23,Manchester,Southern rodent tick,Ixodes acuminatus,53.51080857462677,-2.2755638546494725
ha5el3ef6pfPSq1iZh6f,2022-07-03T00:46:12,Newcastle,Fox/badger tick,Ixodes canisuga,54.97303558458709,-1.5847348701118698
zmQC5Z0BxcmemDAWRheX,2024-03-10T03:55:02,Sheffield,Passerine tick,Dermacentor frontalis,53.409179338652685,-1.4759990543430876
DkqliAxY4jB2nTDcfgjt,2012-11-22T07:16:08,Manchester,Fox/badger tick,Ixodes canisuga,53.48165797014622,-2.2658961092117313
YdApzi4p6xcN4uW88k8p,2018-04-13T13:56:31,Leeds,Tree-hole tick,Ixodes arboricola,53.759665913814224,-1.5422495964626413
tR1HvhalUxdUMoe5HG9j,2022-09-09T08:28:02,Newcastle,Passerine tick,Dermacentor frontalis,55.00605017879058,-1.589322872909223
9vFF9tEofSP8UG0wlxRw,2015-04-30T13:08:43,Leeds,Tree-hole tick,Ixodes arboricola,53.75366483399628,-1.557786220431165
Nbkno212sADyiXDO9C2Z,2020-12-16T01:41:02,Newcastle,Fox/badger tick,Ixodes canisuga,55.00061592480582,-1.6162411129392038
vxGUJOnT1EJfIJ9foKrK,2020-12-09T14:07:09,Cardiff,Marsh tick,Ixodes apronophorus,51.479235099648825,-3.2207900181931373
DgHIEsdCLxR16wSy3zZO,2015-02-27T23:23:08,Glasgow,Marsh tick,Ixodes apronophorus,55.83844189089222,-4.212125072869737
jii1Vk6pFSTGP6FtU2FU,2021-06-23T20:17:40,Nottingham,Fox/badger tick,Ixodes canisuga,52.95349049813544,-1.1610990275823225
ZwgC8qSB2hppBh4cnKt6,2017-07-20T18:59:41,Cardiff,Marsh tick,Ixodes apronophorus,51.477917111590685,-3.21797780870448
nzAt9IY31jSDg3z2rHca,2015-07-10T00:15:17,Glasgow,Marsh tick,Ixodes apronophorus,55.876049524985305,-4.2193192372827015
cmomvSsNHNbJmjS59YGc,2021-07-16T15:13:50,Edinburgh,Fox/badger tick,Ixodes canisuga,55.913056654006155,-3.1569273071817228
K4Fs8p4nH7x9EUjm7sOe,2014-07-27T17:40:18,Liverpool,Southern rodent tick,Ixodes acuminatus,53.44191240522844,-2.9368880687280843
lZ1TkYSb4zE1tFGfESgf,2019-11-17T19:28:44,Newcastle,Southern rodent tick,Ixodes acuminatus,54.97853993705421,-1.5957227421259264
cmomvSsNHNbJmjS59YGc,2021-07-16T15:13:50,Edinburgh,Fox/badger tick,Ixodes canisuga,55.99436363795305,-3.148647694964229
YyYDL6T8CDc6Fo6eUGbN,2015-02-02T22:26:28,Manchester,Fox/badger tick,Ixodes canisuga,53.47627123433202,-2.2151032054332944
kKKcVeNAs0nK359VfwRa,2012-09-29T21:32:55,Nottingham,Fox/badger tick,Ixodes canisuga,52.98075384888444,-1.1985611824252997
2YFTaHRPnYF3wQERz3gq,2015-07-05T09:49:58,Birmingham,Tree-hole tick,Ixodes arboricola,52.52040767768834,-1.9018027198585123
9RInLb9D9Vr6Dl0gq8rw,2012-02-04T22:47:40,Newcastle,Passerine tick,Dermacentor frontalis,54.941629302633544,-1.5537107538358568
BWB78fEQ3Viy58gMG9v6,2016-12-23T00:50:10,Glasgow,Fox/badger tick,Ixodes canisuga,55.81356312936615,-4.2016948322439145
ZzTrsTXOlqLadvTAVVSH,2022-03-15T16:29:13,Manchester,Passerine tick,Dermacentor frontalis,53.47682345351875,-2.268186339565995
5zGlbMy45diJFgDwGt0b,2020-03-24T17:15:33,Cardiff,Fox/badger tick,Ixodes canisuga,51.509662594260625,-3.193768559273009
3XY7jBZDKFZGsTjy72Hw,2019-10-23T20:15:01,Nottingham,Tree-hole tick,Ixodes arboricola,52.98262426156841,-1.195967122461988
8nhE5TSJcL1oOld3OpVW,2023-06-17T13:08:18,Birmingham,Southern rodent tick,Ixodes acuminatus,52.4684846519103,-1.9478086503960148
8xX7IDgDPBkMukgrfqwA,2017-06-25T13:55:23,Birmingham,Passerine tick,Dermacentor frontalis,52.53897186060216,-1.8520164391511038
mkP5Moftu80FLb0JgTIa,2012-09-26T22:46:23,Sheffield,Marsh tick,Ixodes apronophorus,53.42097084030926,-1.4694928591940049
LVtxT3FgK2RmCuREo2q6,2015-02-24T05:32:55,Glasgow,Tree-hole tick,Ixodes arboricola,55.89339520226794,-4.231518788375732
ugzxj8porcW6Y20NuCIe,2013-02-27T15:57:07,Nottingham,Southern rodent tick,Ixodes acuminatus,52.92899635555926,-1.1998729084700288
NIIjGEngmmmxjQVuI12A,2015-05-02T01:53:53,Southampton,Marsh tick,Ixodes apronophorus,50.92422774938497,-1.4373280535493382
aiJdkuW11kqcI3whhUBX,2012-08-09T08:28:49,Manchester,Passerine tick,Dermacentor frontalis,53.48270734666024,-2.2740613735787214
yrAgc54LPgifH3KuL65U,2019-11-18T15:16:38,Edinburgh,Fox/badger tick,Ixodes canisuga,56.00096917633988,-3.1747679635039865
DgHIEsdCLxR16wSy3zZO,2015-02-27T23:23:08,Glasgow,Marsh tick,Ixodes apronophorus,55.86358351754558,-4.262947527332417
bjgCNFIrXiTJVF1uj1Px,2019-07-06T06:58:42,Liverpool,Southern rodent tick,Ixodes acuminatus,53.41092832216496,-3.0117527103687127
PeS49k1UBWSzpdhEeOPo,2014-10-06T09:23:11,Edinburgh,Marsh tick,Ixodes apronophorus,55.957738645095525,-3.1572969471820826
2cv4kihvGZ1M3JCz1dS6,2024-01-06T21:51:00,Liverpool,Marsh tick,Ixodes apronophorus,53.44251885376064,-2.9756993151194875
3KIhIxMpAXjXZLbljrBP,2016-04-03T14:00:37,Glasgow,Southern rodent tick,Ixodes acuminatus,55.85730040214344,-4.265524305209188
cOuA7aseSH9CqugI6JYq,2018-11-25T20:36:21,Bristol,Southern rodent tick,Ixodes acuminatus,51.490053652689646,-2.5722301740160276
2aJ0Nbp40AA37xTH3eWb,2023-03-01T07:21:43,Birmingham,Southern rodent tick,Ixodes acuminatus,52.51221489294484,-1.882075180281302
GDL6K8jgn6EE5gwhCgB1,2013-10-28T22:29:11,Manchester,Passerine tick,Dermacentor frontalis,53.48497060739299,-2.2143845302333385
ZIJJQmSGYu91ay30YbrF,2023-04-10T01:32:31,Birmingham,Passerine tick,Dermacentor frontalis,52.484006948264756,-1.8924335699089174
BtrPnLEY7xWvohDwUV8U,2023-12-05T01:41:05,Edinburgh,Passerine tick,Dermacentor frontalis,55.90408766509166,-3.1760269391706966
qgj52BWIsYnTKNSOLgO9,2021-06-03T18:52:30,Nottingham,Passerine tick,Dermacentor frontalis,52.973152521319165,-1.1853843480421067
E1SoitjUxiTfAlad8Olp,2014-06-05T15:41:31,Cardiff,Passerine tick,Dermacentor frontalis,51.48358853164271,-3.1870183974048074
0t6DXz0QgOMjSKqCST8J,2021-12-26T06:52:07,Birmingham,Passerine tick,Dermacentor frontalis,52.500323818354175,-1.848640646037935
0PPxLMBVzgqsoA8ExrkR,2022-02-03T15:49:52,Sheffield,Fox/badger tick,Ixodes canisuga,53.3732281008534,-1.435027808137249
LipDngLgzjL2kGgUTMYQ,2015-08-15T22:10:48,Southampton,Fox/badger tick,Ixodes canisuga,50.861389937231515,-1.3672812587239211
CAhFkgnSiR1mtNS1ndrC,2017-05-19T15:04:17,Liverpool,Tree-hole tick,Ixodes arboricola,53.36174545406913,-2.9856899577931024
NHvuAoUclpa9sUWDNl0q,2021-08-25T17:18:36,Liverpool,Southern rodent tick,Ixodes acuminatus,53.417931656711325,-2.9872051877727546
vwAwtCa42vmKmcgy70Vn,2023-08-07T21:57:23,Leicester,Fox/badger tick,Ixodes canisuga,52.622278570743305,-1.1044717561671238
twxeVXohYeXphja6jfMV,2014-07-20T09:29:30,Birmingham,Passerine tick,Dermacentor frontalis,52.501884461372654,-1.896079932679718
kLqDOX9w2gPeNYjJeNLd,2018-05-18T23:05:24,Bristol,Southern rodent tick,Ixodes acuminatus,51.42993568191784,-2.593122963420218
UJ6Db2lbdMovdp0HGVmW,2023-02-06T18:17:10,Glasgow,Tree-hole tick,Ixodes arboricola,55.81498400496419,-4.250885768625002
2AoC73JALdJTozXVptx1,2023-11-21T21:26:43,Manchester,Southern rodent tick,Ixodes acuminatus,53.52018683045814,-2.2465224215761515
Sx7xG0zJe5SRSqJG5h9Y,2014-01-21T23:56:36,London,Passerine tick,Dermacentor frontalis,51.4670688228441,-0.1529716981936629
yAKixTA80BHN1JCZ7iVM,2021-04-23T02:05:48,London,Fox/badger tick,Ixodes canisuga,51.50701406613896,-0.1467460788279142
1UAk7dOWT61bT8o8Ur6s,2012-05-02T03:22:57,London,Tree-hole tick,Ixodes arboricola,51.55713938159848,-0.13877256862141474
7VXMlHYUA3z07lov9SQl,2017-11-26T20:55:51,Edinburgh,Southern rodent tick,Ixodes acuminatus,55.916154521973496,-3.1625905835897785
FUvyJ5g8Deb34YvBdGHc,2017-06-12T20:20:32,Nottingham,Fox/badger tick,Ixodes canisuga,52.99587770615097,-1.1090908906427812
KUVmFKOfx42CJt31m7bA,2019-04-01T01:04:58,Sheffield,Passerine tick,Dermacentor frontalis,53.34025802673889,-1.4209697366183496
ASeCrHxOBrh3XPTH4oMW,2014-12-22T01:09:21,Leicester,Passerine tick,Dermacentor frontalis,52.674607864594925,-1.1026247365409565
ETxuaOa9OkUAyfM7brLn,2013-09-12T16:40:28,Bristol,Fox/badger tick,Ixodes canisuga,51.423389329247335,-2.6339175621187927
0PPxLMBVzgqsoA8ExrkR,2022-02-03T15:49:52,Sheffield,Fox/badger tick,Ixodes canisuga,53.345186099046906,-1.5048478588698824
02rFwLCaAwZSVxdTDicK,2014-09-12T23:33:03,London,Southern rodent tick,Ixodes acuminatus,51.4652105592754,-0.07865075111358176
c7OwRKYAfAuI3piSwG42,2022-12-16T01:26:07,Leicester,Passerine tick,Dermacentor frontalis,52.677347893192355,-1.1117819667207693
JSxSd0lnzlGazsLwK2FZ,2023-04-02T10:43:00,Birmingham,Passerine tick,Dermacentor frontalis,52.45432683324766,-1.8841593090880715
u6Ue44eJVDFLOcoU2EJB,2022-08-21T21:24:41,Cardiff,Southern rodent tick,Ixodes acuminatus,51.43974005868476,-3.201116427401999
aGLWEbTuIjion51zmJtm,2024-05-14T07:06:31,Manchester,Marsh tick,Ixodes apronophorus,53.45334500761888,-2.2654146150223227
LipDngLgzjL2kGgUTMYQ,2015-08-15T22:10:48,Southampton,Fox/badger tick,Ixodes canisuga,50.903938597484384,-1.3816444760091298
3KeoYblTvAKYVRpsPuE0,2021-07-04T10:55:49,Leeds,Passerine tick,Dermacentor frontalis,53.80207160426394,-1.5775329795226372
kMGKlLilj6IRqsWkDiKK,2017-10-20T04:38:05,Bristol,Tree-hole tick,Ixodes arboricola,51.503149319340295,-2.6328162076853574
641TKZaZ7oGv90DIHowL,2018-02-09T12:40:57,Nottingham,Fox/badger tick,Ixodes canisuga,52.91073930031473,-1.1368069632105327
Yf7iIzb9LzvmIiZYUpBP,2015-12-01T18:04:38,Liverpool,Southern rodent tick,Ixodes acuminatus,53.413013454727334,-3.0128249771391915
amJsZGHUMc8ZiIQA7ybZ,2017-10-18T02:32:27,Glasgow,Marsh tick,Ixodes apronophorus,55.87262391007427,-4.271708016647395
PvnBfdp00ggOFB4S47E2,2022-07-18T01:42:14,Bristol,Marsh tick,Ixodes apronophorus,51.44885724127673,-2.6165307460424954
A9tJpcNJFs01DoGnhyWc,2021-06-01T09:27:27,Liverpool,Fox/badger tick,Ixodes canisuga,53.369817399983646,-2.9920386084827686
FW0BpQTHFcnzB2WVYl6k,2017-08-23T15:41:18,Southampton,Tree-hole tick,Ixodes arboricola,50.93916563516825,-1.378738286078575
HoSGSFvHYcghGXXf2vNJ,2021-12-27T13:26:20,Liverpool,Southern rodent tick,Ixodes acuminatus,53.43450021202795,-2.970644205505644
shJ4n1xW7ozxVkvwEEkq,2021-11-02T21:50:01,Liverpool,Southern rodent tick,Ixodes acuminatus,53.41762367954692,-2.9914976096622197
ZLExmdsaMwnv9l36XmH5,2018-09-21T17:28:01,Southampton,Southern rodent tick,Ixodes acuminatus,50.87711179220978,-1.4342265420873346
Em5r73cU7ZBxiRicnzl2,2018-11-21T10:37:24,Birmingham,Fox/badger tick,Ixodes canisuga,52.47997036524567,-1.8784174965994664
3KeoYblTvAKYVRpsPuE0,2021-07-04T10:55:49,Leeds,Passerine tick,Dermacentor frontalis,53.79077719348661,-1.5179225809140637
MHe5XZ23ZwLYMekf3QuR,2019-06-12T19:32:05,Newcastle,Fox/badger tick,Ixodes canisuga,54.91818616552527,-1.5622054829626486
oSYCyylQlRbuF8EWV9ar,2017-05-14T03:32:17,London,Marsh tick,Ixodes apronophorus,51.516078517831566,-0.14256501192430676
g741PfqbJ5ovgBDapSLz,2016-05-03T10:34:25,Edinburgh,Fox/badger tick,Ixodes canisuga,55.955517936487304,-3.1415411658860584
Nrq6yWse6FWJYaDH2DeC,2014-05-22T10:35:45,London,Passerine tick,Dermacentor frontalis,51.480910300000545,-0.11544800358365195
NiX9S6v7vKzEkjGwmjpn,2013-06-20T23:44:17,Manchester,Fox/badger tick,Ixodes canisuga,53.511269624721,-2.203365866801434
Jw6921YckWOYdE7UfGcL,2022-08-19T01:26:28,London,Fox/badger tick,Ixodes canisuga,51.50367867988758,-0.11150138366043406
jii1Vk6pFSTGP6FtU2FU,2021-06-23T20:17:40,Nottingham,Fox/badger tick,Ixodes canisuga,52.93866185003493,-1.1264229590627093
e1matcjBvRlB76t5Fd5E,2013-03-24T23:22:52,Newcastle,Tree-hole tick,Ixodes arboricola,54.998456424251685,-1.6335408809724785
8xX7IDgDPBkMukgrfqwA,2017-06-25T13:55:23,Birmingham,Passerine tick,Dermacentor frontalis,52.516025880651355,-1.9111939905264783
jcoTJTId7FNMQ9FzFmsj,2019-06-17T00:31:50,Sheffield,Southern rodent tick,Ixodes acuminatus,53.33693738919127,-1.5080434527230644
KBWZc8RXQUA5BlehiOKk,2018-05-03T13:24:54,Bristol,Passerine tick,Dermacentor frontalis,51.47285250322528,-2.5908353945996323
hPeGy6h2gz3emC6UycfC,2015-12-19T23:19:00,Nottingham,Southern rodent tick,Ixodes acuminatus,52.90046960641644,-1.1243297892135156
d6qJsil45owbLEzNEDs2,2018-01-23T18:12:47,Nottingham,Tree-hole tick,Ixodes arboricola,52.91208760553333,-1.1008640895262272
vn85mg1CAzPFeGOoDndh,2012-01-06T09:34:59,Glasgow,Southern rodent tick,Ixodes acuminatus,55.82942789832151,-4.245234020500524
VV8ZX1Rk0FXyBcDM55h5,2012-05-25T02:32:13,Sheffield,Tree-hole tick,Ixodes arboricola,53.367808587020946,-1.4440807531265272
FgKVi70vRyCuyER9kZWT,2016-10-07T22:28:07,Southampton,Tree-hole tick,Ixodes arboricola,50.865201206127,-1.386424858630755
UPJcBmWvVMYjWyoj7PJ2,2015-10-11T06:43:43,Edinburgh,Tree-hole tick,Ixodes arboricola,55.96687081247795,-3.141942448680809
8evFSghoF3EDNCbe5mzm,2021-01-10T05:53:11,Nottingham,Passerine tick,Dermacentor frontalis,52.97191164843807,-1.1268738347727225
DWRYd0bMEuLXh5Nu3cjJ,2023-07-28T12:50:34,Leicester,Southern rodent tick,Ixodes acuminatus,52.65899190857892,-1.1222343088234101
1WTkNtTMvlPMMgyMcrMb,2024-12-08T20:09:18,Bristol,Marsh tick,Ixodes apronophorus,51.42642055802364,-2.5840346018230056
8xX7IDgDPBkMukgrfqwA,2017-06-25T13:55:23,Birmingham,Passerine tick,Dermacentor frontalis,52.46162094544549,-1.9300467483800015
E5k9w2Y2c7UeHb3Mr6Ft,2013-03-22T21:08:51,Bristol,Marsh tick,Ixodes apronophorus,51.42760942881402,-2.5732130823203416
NiX9S6v7vKzEkjGwmjpn,2013-06-20T23:44:17,Manchester,Fox/badger tick,Ixodes canisuga,53.49714895690008,-2.2112932944668957
e34AdXaZ8balEINviMnX,2012-02-09T22:06:30,Birmingham,Fox/badger tick,Ixodes canisuga,52.5258209930444,-1.9036439322579406
kLY588unNh5Nj4DWz5c7,2022-10-16T06:08:16,Birmingham,Fox/badger tick,Ixodes canisuga,52.48738833817125,-1.861585077507425
KroXf4XBlB39ih6BmXa4,2018-10-08T19:27:01,Cardiff,Tree-hole tick,Ixodes arboricola,51.5108173248231,-3.1976365413219625
vn85mg1CAzPFeGOoDndh,2012-01-06T09:34:59,Glasgow,Southern rodent tick,Ixodes acuminatus,55.84104270402603,-4.243863211631659
mc4WlXVbB9k8SE21f4mY,2019-04-27T08:32:33,Cardiff,Tree-hole tick,Ixodes arboricola,51.52120728383122,-3.148802476089265
iiyou3YqE8mUXn2FQFMA,2021-04-03T18:17:25,Bristol,Marsh tick,Ixodes apronophorus,51.40787576787737,-2.626105046714432
VV8ZX1Rk0FXyBcDM55h5,2012-05-25T02:32:13,Sheffield,Tree-hole tick,Ixodes arboricola,53.39349118112252,-1.4498031935826112
GDL6K8jgn6EE5gwhCgB1,2013-10-28T22:29:11,Manchester,Passerine tick,Dermacentor frontalis,53.45624057495773,-2.2759884473989187
kRyJHh8eSgX3w6zqwWfU,2014-12-29T08:16:15,Leeds,Marsh tick,Ixodes apronophorus,53.78794975871484,-1.5906823304984339
8Ao9g5WrBiTrH35ruYVq,2015-12-04T18:43:16,Liverpool,Southern rodent tick,Ixodes acuminatus,53.39100591139136,-2.9813100241743298
aUtasS16b4LDPs7sNM6H,2014-02-01T07:29:03,Birmingham,Fox/badger tick,Ixodes canisuga,52.45670235404636,-1.945571682271961
ZxIgHlFn4WhZFPBS3CBy,2012-08-12T10:39:44,Glasgow,Passerine tick,Dermacentor frontalis,55.893617001807044,-4.267139199376878
MPQc6aqIlYFnUOE8LlpN,2013-05-15T05:01:12,Nottingham,Marsh tick,Ixodes apronophorus,52.94153268460631,-1.1149375620987187
q1VBdsWce5QWGzRCuNXL,2017-09-29T15:51:12,Bristol,Passerine tick,Dermacentor frontalis,51.42618930607916,-2.5880487729770283
KgrKpAQkyLLtu28psC40,2012-07-13T00:18:06,Newcastle,Southern rodent tick,Ixodes acuminatus,54.987349684666825,-1.6028961805365294
xqfVFD2FeHCzASptHru6,2012-05-26T08:08:26,Leeds,Southern rodent tick,Ixodes acuminatus,53.83910073520113,-1.527131276404347
8evFSghoF3EDNCbe5mzm,2021-01-10T05:53:11,Nottingham,Passerine tick,Dermacentor frontalis,52.964953139221855,-1.1792413368838153
jwM6Ge0xgsAfNkjceVhf,2022-11-22T03:36:31,Nottingham,Fox/badger tick,Ixodes canisuga,52.958980833945745,-1.163272467502793
y7ETHtNRFxSWvbQ7hw0x,2024-03-13T14:34:43,Birmingham,Marsh tick,Ixodes apronophorus,52.52595347588784,-1.8908762504803458
RWIlYmTGxSS2GAFG45sL,2015-04-04T18:14:50,Leeds,Southern rodent tick,Ixodes acuminatus,53.75789099186429,-1.5796748479327656
FPxMHXF1dkiFtJ5jn18T,2017-04-06T18:00:43,Glasgow,Southern rodent tick,Ixodes acuminatus,55.88284211698946,-4.222107485623852
y1fM2l3XJWsVJBs13k8A,2016-08-13T20:02:49,Liverpool,Tree-hole tick,Ixodes arboricola,53.37528144083355,-3.0063861835884285
gLawkwnqChU4VLprfJBK,2022-10-20T12:28:41,Birmingham,Passerine tick,Dermacentor frontalis,52.48224873463754,-1.8971936788464965
j67AXxhYW3r6fODJl8eA,2012-11-15T08:21:23,Nottingham,Southern rodent tick,Ixodes acuminatus,52.93819661533104,-1.184056472573141
sKrOiHFnlSeYLNjydBiO,2012-12-31T14:49:42,London,Tree-hole tick,Ixodes arboricola,51.502697596495146,-0.15471804223000188
gf1QBgWObeWR9wBsKvKk,2018-03-21T12:30:35,Liverpool,Fox/badger tick,Ixodes canisuga,53.356672833954725,-2.992232596404382
4roCxtIrNuW2SERVIKTL,2015-07-04T00:47:36,Birmingham,Fox/badger tick,Ixodes canisuga,52.52055051454773,-1.869642154504372
7VXMlHYUA3z07lov9SQl,2017-11-26T20:55:51,Edinburgh,Southern rodent tick,Ixodes acuminatus,55.910362002023945,-3.178133468833856
NsqKCu26xdMA5py4NdTm,2019-02-27T10:45:38,Edinburgh,Fox/badger tick,Ixodes canisuga,55.92569829901181,-3.1604098168326877
Wr4bV3Re1zGCLmZTUiwb,2021-07-01T06:03:24,Sheffield,Marsh tick,Ixodes apronophorus,53.40665419913286,-1.4540401083967818
kLqDOX9w2gPeNYjJeNLd,2018-05-18T23:05:24,Bristol,Southern rodent tick,Ixodes acuminatus,51.47465938255411,-2.6327954878389574
N8JDqnSG1zArbBhaRTrH,2021-02-05T15:32:57,Newcastle,Fox/badger tick,Ixodes canisuga,54.96219867157181,-1.5671127525059896
iZJxFS5bFWlqBvdz1HmR,2018-11-10T00:10:39,Newcastle,Marsh tick,Ixodes apronophorus,54.98057459315043,-1.6049586130890905
nXbOfVoPX9c4NHfbdQO2,2022-01-12T19:43:00,Cardiff,Passerine tick,Dermacentor frontalis,51.509800537825775,-3.162851047678915
BmZJHIdgDJnJgTXCJkVw,2018-05-31T12:31:39,Leicester,Fox/badger tick,Ixodes canisuga,52.62332753907059,-1.125488133267834
1c59JwAnHry7SIbs2yfm,2015-06-11T01:55:27,Nottingham,Passerine tick,Dermacentor frontalis,52.958972618784955,-1.172348495730528
BZ4iQ6FJzEilaS6PMPu1,2012-02-25T05:50:29,Bristol,Passerine tick,Dermacentor frontalis,51.50135993134102,-2.556643986250353
Lj7Rmp75DwQdgIOqRhli,2021-03-08T20:49:52,Sheffield,Fox/badger tick,Ixodes canisuga,53.36109375466595,-1.4735988932951194
33sx6D9Z0WN3qO6pCLwE,2013-09-03T19:03:43,Cardiff,Marsh tick,Ixodes apronophorus,51.445733471420915,-3.1304439064187455
BtrPnLEY7xWvohDwUV8U,2023-12-05T01:41:05,Edinburgh,Passerine tick,Dermacentor frontalis,55.927829226853206,-3.207169791799737
L21gsSkavTojnIuiip4P,2016-07-28T23:39:36,Bristol,Fox/badger tick,Ixodes canisuga,51.4341202610673,-2.5743437947924317
446I1APVZL5warCVwvgK,2018-02-11T04:34:18,Edinburgh,Southern rodent tick,Ixodes acuminatus,55.92470222975839,-3.2119816050542696
CVG3pk5hMjw54JUAYPTM,2018-08-27T06:13:56,Sheffield,Fox/badger tick,Ixodes canisuga,53.33411454856988,-1.468978205056753
CwuBNUjl6T81u5Msa4Mi,2020-12-12T18:24:01,Birmingham,Tree-hole tick,Ixodes arboricola,52.47960509866699,-1.9383522921102485
hLfJFsnPxeBOsrbQUVtL,2023-11-24T21:28:09,Leeds,Passerine tick,Dermacentor frontalis,53.77368044282881,-1.499298377900405
C26VHMqkZeDApDgxvRxM,2021-03-30T06:26:22,Edinburgh,Marsh tick,Ixodes apronophorus,55.99110775879133,-3.153960816461899
LZ3R7Hj7621w6GnhXskY,2021-09-22T13:13:20,Glasgow,Marsh tick,Ixodes apronophorus,55.894954045602276,-4.2075438575004664
8KzzKK3MzNRMvvMkvI64,2023-12-11T13:59:50,Birmingham,Fox/badger tick,Ixodes canisuga,52.45799473565314,-1.8625959242855286
mc4WlXVbB9k8SE21f4mY,2019-04-27T08:32:33,Cardiff,Tree-hole tick,Ixodes arboricola,51.522018379904424,-3.180883508362538
oQRcAQt3uQXKAijMA1CT,2019-04-18T09:11:41,Bristol,Tree-hole tick,Ixodes arboricola,51.48766833020271,-2.6040997027952235
yWraib2Zv9siRlzVdChS,2021-08-05T04:45:55,London,Southern rodent tick,Ixodes acuminatus,51.55863695113278,-0.06814051278861856
VSYu41t9YrjtK4ceyDIG,2023-01-15T21:43:20,Nottingham,Passerine tick,Dermacentor frontalis,52.93481839322813,-1.1890713006794214
fJgivXeKY7D82ijGc1zy,2022-10-01T05:04:14,Leeds,Passerine tick,Dermacentor frontalis,53.76042903802648,-1.5730560869702572
qKsYoQf5rorESrwZMopt,2024-01-21T06:11:04,Southampton,Tree-hole tick,Ixodes arboricola,50.861785972944745,-1.3802865857236453
FTBzIQ0udjgVPH0a7vZG,2012-06-04T04:49:40,Nottingham,Passerine tick,Dermacentor frontalis,52.90219407783419,-1.1426518833975967
NaX0oRZbPKVVotfIMm3M,2013-12-29T14:55:23,Birmingham,Southern rodent tick,Ixodes acuminatus,52.537806398232775,-1.8973312553561246
zIid7p1umsoHWewLx7sS,2021-09-22T22:50:42,Cardiff,Fox/badger tick,Ixodes canisuga,51.48222496653292,-3.1296631739286873
lZ1TkYSb4zE1tFGfESgf,2019-11-17T19:28:44,Newcastle,Southern rodent tick,Ixodes acuminatus,54.994100312216794,-1.5500079380547185
sIuCSIyXNoSkY617lhZ6,2012-04-20T05:33:21,Birmingham,Southern rodent tick,Ixodes acuminatus,52.49788538593942,-1.8512770343387779
KciNxloIgscOuLLggnT5,2017-01-11T03:55:08,Newcastle,Tree-hole tick,Ixodes arboricola,54.947977082116694,-1.562117285545482
Nl2znr65WHeMvzuRtSck,2018-12-25T16:19:25,Liverpool,Passerine tick,Dermacentor frontalis,53.36571728152515,-2.988618669254205
x0IMTPasY0DZcX601gnV,2013-07-17T00:29:56,Manchester,Fox/badger tick,Ixodes canisuga,53.50627851904733,-2.2581858575290648
tKScVXgJhi9vRdG2fnV1,2012-08-10T19:02:13,Glasgow,Fox/badger tick,Ixodes canisuga,55.89693360042673,-4.242191169508695
cKtX8rc4218HisSImyYP,2014-05-20T16:01:09,Sheffield,Marsh tick,Ixodes apronophorus,53.39270228912533,-1.4226597584884786
3lkxXuO5Vwf1SmuMhBfK,2018-11-25T03:35:57,Bristol,Fox/badger tick,Ixodes canisuga,51.40569137633878,-2.5811912589825985
x0IMTPasY0DZcX601gnV,2013-07-17T00:29:56,Manchester,Fox/badger tick,Ixodes canisuga,53.49553376805465,-2.2905255342628066
Rxxb163HwD4KgxBRb7CJ,2023-02-18T09:17:17,Leeds,Passerine tick,Dermacentor frontalis,53.78956972097777,-1.5800543089936103
hPWVJik1nIneZKeSfRyD,2022-02-22T17:26:33,London,Tree-hole tick,Ixodes arboricola,51.508857597488145,-0.14102348629949693
HV0cNd5ircP0DwJA8XXN,2016-12-01T00:23:30,Leicester,Passerine tick,Dermacentor frontalis,52.67496359816459,-1.1379821310653155
IG3l1a8oRJtvyPKF3rgO,2021-10-20T01:23:04,London,Marsh tick,Ixodes apronophorus,51.552115707101244,-0.15659691548167487
8ujl6nxHxcl83m3pc90o,2018-02-10T01:51:48,Southampton,Marsh tick,Ixodes apronophorus,50.918938308138046,-1.4282840849865757
zrUxZiyxhJqo0EzS2k6M,2023-01-30T12:03:56,Leicester,Fox/badger tick,Ixodes canisuga,52.63984938051756,-1.1616577190059545
0YAF6rRZ8QL8n47OGxcJ,2019-01-30T07:47:29,Liverpool,Southern rodent tick,Ixodes acuminatus,53.42789340960652,-3.029190559087537
SUzL86fTG7KMrympCsGE,2021-04-25T15:36:14,Cardiff,Passerine tick,Dermacentor frontalis,51.518483496648614,-3.1826332804271624
ZqZWzvsvbpezAscUTU1T,2021-12-01T12:20:08,Birmingham,Passerine tick,Dermacentor frontalis,52.51763546261084,-1.8987606306620926
xCn6dLnxzD5v5PiYPorL,2013-02-12T08:47:25,Sheffield,Tree-hole tick,Ixodes arboricola,53.35436641232067,-1.4478501865410371
afdoemCDFY25zVCJMv72,2013-09-04T13:17:57,Cardiff,Tree-hole tick,Ixodes arboricola,51.49839206120758,-3.179996199807932
ha5el3ef6pfPSq1iZh6f,2022-07-03T00:46:12,Newcastle,Fox/badger tick,Ixodes canisuga,54.995959567301725,-1.628038445301347
KUVmFKOfx42CJt31m7bA,2019-04-01T01:04:58,Sheffield,Passerine tick,Dermacentor frontalis,53.431586734316774,-1.4894515102434132
Zq4puJGmwZEre8nY9SZ5,2019-12-22T13:21:32,Southampton,Southern rodent tick,Ixodes acuminatus,50.958085939524295,-1.3985975460290379
Sx7xG0zJe5SRSqJG5h9Y,2014-01-21T23:56:36,London,Passerine tick,Dermacentor frontalis,51.537002845847724,-0.13249052733183495
RKKviq68whgZqyzu1DWf,2018-02-13T00:20:23,Manchester,Southern rodent tick,Ixodes acuminatus,53.44893256711431,-2.214947515552278
N96ews9k8ZpsdfUcJHFT,2020-11-16T16:22:35,Glasgow,Fox/badger tick,Ixodes canisuga,55.813245421782156,-4.245501094744311
tR1HvhalUxdUMoe5HG9j,2022-09-09T08:28:02,Newcastle,Passerine tick,Dermacentor frontalis,54.93458751894575,-1.5580346969803145
S3f8sdNWFLtTgAXlDC4u,2024-09-18T15:17:24,Bristol,Fox/badger tick,Ixodes canisuga,51.496800558764605,-2.617141753923182
ZIJJQmSGYu91ay30YbrF,2023-04-10T01:32:31,Birmingham,Passerine tick,Dermacentor frontalis,52.443232035320634,-1.9087222467817582
dFChDx2mevpRdaNVwiEG,2018-04-08T18:02:41,Cardiff,Passerine tick,Dermacentor frontalis,51.50828776059342,-3.1302658692207252
P7lEgevWcyf4f8gGFxIA,2013-09-22T16:29:54,Newcastle,Tree-hole tick,Ixodes arboricola,54.97698527555492,-1.6495712822031448
Ps9EXYHAMpDQJxWyfjJW,2012-04-06T02:13:21,Southampton,Marsh tick,Ixodes apronophorus,50.883460025215136,-1.4379065964864612
BXh9Zef5jLWMNJ0l7Yu3,2020-09-21T07:53:52,Cardiff,Tree-hole tick,Ixodes arboricola,51.45642293516571,-3.198901609924985
aGLWEbTuIjion51zmJtm,2024-05-14T07:06:31,Manchester,Marsh tick,Ixodes apronophorus,53.49776871500474,-2.2475048590624533
v7OCS0Jaqh0IjsHjG3st,2019-03-06T00:31:21,Edinburgh,Southern rodent tick,Ixodes acuminatus,55.99739587020236,-3.1903828173415536
LlssYw9JjCTckb9o0Z74,2015-08-28T09:33:56,Nottingham,Southern rodent tick,Ixodes acuminatus,52.93430332146151,-1.1757525978360197
lp8kcJbRwptAI1afBk2O,2012-06-23T22:32:40,Nottingham,Passerine tick,Dermacentor frontalis,52.968045726740364,-1.1305788954777558
tBDEs7jcKlK3ImBdjXeF,2013-10-19T15:57:16,Birmingham,Marsh tick,Ixodes apronophorus,52.50542845164473,-1.9347534441065173
ejfVmgF5fsGQBK4ovfOX,2015-04-07T14:18:14,Bristol,Marsh tick,Ixodes apronophorus,51.496685962344344,-2.6085015206909326
s1Nr2wF0iX8UsCsJqFTX,2021-02-20T04:30:28,Liverpool,Fox/badger tick,Ixodes canisuga,53.41406070836389,-2.963687536087082
vxGUJOnT1EJfIJ9foKrK,2020-12-09T14:07:09,Cardiff,Marsh tick,Ixodes apronophorus,51.51871496698324,-3.1966394567050256
sjYEQ904DcgJglIh12p8,2021-09-08T10:34:25,Newcastle,Marsh tick,Ixodes apronophorus,54.97066173064604,-1.5660599243808593
RPHn7T7r5dCUSfrTiW7o,2021-04-12T16:03:49,Sheffield,Passerine tick,Dermacentor frontalis,53.40573605817572,-1.4613546546327072
1WTkNtTMvlPMMgyMcrMb,2024-12-08T20:09:18,Bristol,Marsh tick,Ixodes apronophorus,51.444361945653036,-2.6216220576768023
kdMgkFL47paAunA3cfYA,2014-07-27T12:38:07,Cardiff,Southern rodent tick,Ixodes acuminatus,51.51526672374773,-3.1416882034480573
xtOXJPkACNaghDJ13hNM,2017-11-14T05:58:35,Birmingham,Southern rodent tick,Ixodes acuminatus,52.52497943275935,-1.9356834757621433
oCA8LS6PY7KzMSya9Ynh,2019-08-11T12:14:38,Glasgow,Fox/badger tick,Ixodes canisuga,55.826088232446246,-4.279675094579382
StbFKwg5Zdx42DlgUaVb,2015-12-11T05:56:50,Bristol,Tree-hole tick,Ixodes arboricola,51.47687545173684,-2.5490807266683877
IkOrsHDYQiH1g0UrUXJe,2023-03-15T08:20:56,Sheffield,Tree-hole tick,Ixodes arboricola,53.39596089651352,-1.4916492663340537
0PjHl5xUUWf9Taf2fHxN,2024-06-12T20:03:52,Sheffield,Marsh tick,Ixodes apronophorus,53.37485005214007,-1.4530645485095763
3qKjc1DFIBTtNrpUgRkf,2023-12-09T08:17:21,Southampton,Marsh tick,Ixodes apronophorus,50.953762666778665,-1.3914854753773076
3jfzge9TUhip9lLYUEUF,2022-05-10T10:29:10,Edinburgh,Southern rodent tick,Ixodes acuminatus,55.90961057481502,-3.160835023785506
jlWQ9fdo0pT9JmEZrgHj,2016-02-04T13:35:55,Nottingham,Tree-hole tick,Ixodes arboricola,52.931175043784314,-1.1456838330584171
zmQC5Z0BxcmemDAWRheX,2024-03-10T03:55:02,Sheffield,Passerine tick,Dermacentor frontalis,53.37485068388924,-1.5016226054411828
oOGITwX7NdhwQpvM9zdh,2017-05-21T22:11:04,Birmingham,Passerine tick,Dermacentor frontalis,52.50153410830519,-1.9343323873363678
d6qJsil45owbLEzNEDs2,2018-01-23T18:12:47,Nottingham,Tree-hole tick,Ixodes arboricola,52.953481204406735,-1.159130194261969
446I1APVZL5warCVwvgK,2018-02-11T04:34:18,Edinburgh,Southern rodent tick,Ixodes acuminatus,55.94527137202075,-3.2001060243413653
fJgivXeKY7D82ijGc1zy,2022-10-01T05:04:14,Leeds,Passerine tick,Dermacentor frontalis,53.81974686900097,-1.5520924352954633
KMd8Kuhhc8OGaOB0cwy7,2024-04-11T23:47:24,Glasgow,Marsh tick,Ixodes apronophorus,55.84547728608747,-4.286994753292866
oCA8LS6PY7KzMSya9Ynh,2019-08-11T12:14:38,Glasgow,Fox/badger tick,Ixodes canisuga,55.880153661464135,-4.252657267055681
b062APnJGuqXoQRg9yf1,2021-12-23T22:19:54,Nottingham,Southern rodent tick,Ixodes acuminatus,52.967211620193204,-1.1071407345761157
YAQPqcjZsugM4GDinYde,2016-09-02T20:24:30,Liverpool,Passerine tick,Dermacentor frontalis,53.40568291213135,-3.0252260479635456
cmomvSsNHNbJmjS59YGc,2021-07-16T15:13:50,Edinburgh,Fox/badger tick,Ixodes canisuga,55.916409942478445,-3.2186159445951317
7m41XvCHtxrkq7yhOz0u,2016-02-25T06:35:51,Sheffield,Fox/badger tick,Ixodes canisuga,53.43140836509444,-1.464511617399504
5Qe4AAJsQpmQYlXmQoHn,2017-07-11T16:46:25,Southampton,Passerine tick,Dermacentor frontalis,50.917425644027944,-1.3609634559064303
cmomvSsNHNbJmjS59YGc,2021-07-16T15:13:50,Edinburgh,Fox/badger tick,Ixodes canisuga,55.976779651752466,-3.1997306092785935
lp8kcJbRwptAI1afBk2O,2012-06-23T22:32:40,Nottingham,Passerine tick,Dermacentor frontalis,52.96791091416669,-1.169544880614632
ecEd2z4RwHEJJum4wHOo,2013-01-05T13:44:03,Glasgow,Passerine tick,Dermacentor frontalis,55.85231614829697,-4.210303593343746
x0XPFJPBxVwVSivF0Wk5,2016-12-08T04:53:58,Birmingham,Fox/badger tick,Ixodes canisuga,52.465227594775335,-1.877265996130585
3jfzge9TUhip9lLYUEUF,2022-05-10T10:29:10,Edinburgh,Southern rodent tick,Ixodes acuminatus,55.92180062574962,-3.2290075059344385
RkSd6mhhd9oTRuTeKrmK,2017-01-13T14:53:34,Sheffield,Marsh tick,Ixodes apronophorus,53.39478624302353,-1.4744649405591028
7bXdoYrNX2P2TaIXMUyw,2021-04-03T11:03:10,Glasgow,Passerine tick,Dermacentor frontalis,55.8803574906326,-4.240456712344324
44F6xF2nAR63JLoudJTH,2018-03-11T00:59:26,Birmingham,Marsh tick,Ixodes apronophorus,52.47850168819448,-1.8993768856576532
Q2GQId7YuGQcsiDckc9x,2015-10-31T21:44:04,Birmingham,Fox/badger tick,Ixodes canisuga,52.51514208040094,-1.8586832965349434
QkYujbeBRckFiPFB03YG,2024-03-13T01:18:27,Southampton,Southern rodent tick,Ixodes acuminatus,50.890883958408914,-1.420033699635952
QRTihy6qYgzEaRdWaNLy,2017-12-20T12:29:46,London,Passerine tick,Dermacentor frontalis,51.47853207744092,-0.07922647224759786
x6TZr9LtRHQOpwM27lZY,2021-09-15T06:39:02,Glasgow,Passerine tick,Dermacentor frontalis,55.82365940773928,-4.2730523890287415
dgbhO0QPLGKBN22W6cpU,2021-03-20T03:56:21,Liverpool,Fox/badger tick,Ixodes canisuga,53.44002539287086,-2.988671520474682
VIgAP58B7wR6mhNq9sUu,2023-07-03T07:06:52,Leeds,Passerine tick,Dermacentor frontalis,53.82595418012347,-1.5003468384812688
mhe3dhsNGA3rIE6UatS2,2023-11-25T14:35:04,Cardiff,Tree-hole tick,Ixodes arboricola,51.47390709994074,-3.227523688791666
3C81xuaYJNAgGoMh9cdT,2018-02-07T07:57:13,Southampton,Passerine tick,Dermacentor frontalis,50.8963337649766,-1.430155665945888
MHybOMsw6ghalrkx2OlN,2024-08-28T08:07:28,Southampton,Passerine tick,Dermacentor frontalis,50.909371661095676,-1.3556064778290675
GwrOAmoayat6xREa6tS1,2023-02-06T08:58:44,London,Southern rodent tick,Ixodes acuminatus,51.51596457637671,-0.16768188138628948
1X5DO4d2kst8TDz5yeUg,2020-07-20T09:44:59,Cardiff,Passerine tick,Dermacentor frontalis,51.45225914018602,-3.1389659088770276
NYY64XSpeCcxPjoaVhWV,2020-07-10T21:02:16,Newcastle,Fox/badger tick,Ixodes canisuga,54.987156185328836,-1.643374772064794
jhZLsXznSeliftQ6bCRH,2015-11-08T01:49:49,Manchester,Marsh tick,Ixodes apronophorus,53.47538852430048,-2.2916808138715274
D16roCvyIFzWS9r9oK2Q,2014-02-22T10:42:48,Leeds,Passerine tick,Dermacentor frontalis,53.7862683987581,-1.5037480936240277
4whMANj754FhlLX4Od9N,2013-10-12T00:33:44,Sheffield,Fox/badger tick,Ixodes canisuga,53.38121794363887,-1.4700616275128466
9oDOTg3wpBm8rUkuFTPL,2019-03-04T23:42:49,Leicester,Tree-hole tick,Ixodes arboricola,52.66333481631426,-1.0939735757266313
9bCXNxlovKkRxtdPxMyO,2019-10-03T20:40:24,Glasgow,Tree-hole tick,Ixodes arboricola,55.90909805430635,-4.279576734635667
SIa8in9RI3GBRNPvc7hP,2017-09-09T22:03:22,London,Marsh tick,Ixodes apronophorus,51.53289283586076,-0.08248520526726376
m34iaKBBTmjpqvVPz6ye,2017-06-04T20:49:28,Edinburgh,Tree-hole tick,Ixodes arboricola,55.95174938609844,-3.215451763907514
kLY588unNh5Nj4DWz5c7,2022-10-16T06:08:16,Birmingham,Fox/badger tick,Ixodes canisuga,52.50674107297225,-1.9037686720206701
3L6TsvB67MTMP8CS18O2,2014-09-17T00:03:23,Cardiff,Tree-hole tick,Ixodes arboricola,51.43866895082262,-3.184151751225577
jlWQ9fdo0pT9JmEZrgHj,2016-02-04T13:35:55,Nottingham,Tree-hole tick,Ixodes arboricola,52.913547718488225,-1.1584100735112468
gdpb38lLZJYolXMYDojp,2019-03-25T11:22:26,Leeds,Tree-hole tick,Ixodes arboricola,53.7889502272605,-1.5461744130756123
O5v4y1JUJ8TonagDIJiV,2019-04-01T01:14:11,Southampton,Tree-hole tick,Ixodes arboricola,50.934543498128086,-1.418656011406596
qKsYoQf5rorESrwZMopt,2024-01-21T06:11:04,Southampton,Tree-hole tick,Ixodes arboricola,50.951048338801144,-1.4424239836924244
3a7xGlfGDsu796YSmXLM,2018-07-29T09:32:00,Edinburgh,Southern rodent tick,Ixodes acuminatus,55.93520424242853,-3.182507886537225
P7lEgevWcyf4f8gGFxIA,2013-09-22T16:29:54,Newcastle,Tree-hole tick,Ixodes arboricola,54.96066169930339,-1.6339587529388084
NEzia0bWh8BzZeBhYiUd,2023-07-13T22:45:31,Southampton,Tree-hole tick,Ixodes arboricola,50.87447790963154,-1.4349302219921822
A9tJpcNJFs01DoGnhyWc,2021-06-01T09:27:27,Liverpool,Fox/badger tick,Ixodes canisuga,53.447650037185774,-2.9505491130289316
hNUiO5Nx4zewL7HBPsSW,2017-02-10T08:55:57,Edinburgh,Tree-hole tick,Ixodes arboricola,55.93775368228421,-3.2284134679392316
REWT5KqcfASeZFsst5Ml,2013-12-23T00:50:28,Glasgow,Southern rodent tick,Ixodes acuminatus,55.87883791216494,-4.276778043219202
3qKjc1DFIBTtNrpUgRkf,2023-12-09T08:17:21,Southampton,Marsh tick,Ixodes apronophorus,50.903178444008276,-1.4169637202174419
bn2QczQeQ5spzADJnepj,2018-08-17T05:38:11,Glasgow,Tree-hole tick,Ixodes arboricola,55.878825105267694,-4.2214308337596185
yCnT5AExmdUzu51zrqcS,2021-01-13T18:53:35,Glasgow,Tree-hole tick,Ixodes arboricola,55.88659188114988,-4.218317453552701
gi41i4LD7a8z1T2JoVk2,2023-03-11T19:03:32,Manchester,Fox/badger tick,Ixodes canisuga,53.484095093149016,-2.2815043004061804
IdoWVlLOQ1IaKZ7nGVQu,2014-02-28T07:44:10,Glasgow,Passerine tick,Dermacentor frontalis,55.83643245406735,-4.2995443076933695
3XY7jBZDKFZGsTjy72Hw,2019-10-23T20:15:01,Nottingham,Tree-hole tick,Ixodes arboricola,52.91109599005915,-1.1682897217762451
fCWyinzxGKBaRsRJC654,2013-10-03T05:52:55,Southampton,Southern rodent tick,Ixodes acuminatus,50.9476672252237,-1.3988065295651662
LipDngLgzjL2kGgUTMYQ,2015-08-15T22:10:48,Southampton,Fox/badger tick,Ixodes canisuga,50.888132628438235,-1.4175841111879999
iiyou3YqE8mUXn2FQFMA,2021-04-03T18:17:25,Bristol,Marsh tick,Ixodes apronophorus,51.45815186922164,-2.598501855181036
L24cKfajwi1B6as4rZLA,2021-01-13T21:44:12,Nottingham,Southern rodent tick,Ixodes acuminatus,52.97257005538407,-1.136787513115654
lG6OXJLPH8ZhWZyZAdYK,2019-03-12T15:14:55,Newcastle,Southern rodent tick,Ixodes acuminatus,54.94283668662291,-1.5827399970007872
G4mB10cbrvTbwgGHc3xQ,2020-11-05T08:09:09,Liverpool,Southern rodent tick,Ixodes acuminatus,53.41918277653402,-2.935211087150799
tSoyCSAaz3yxZQSp0OFj,2023-02-06T03:44:16,Leicester,Passerine tick,Dermacentor frontalis,52.6290699806521,-1.170730559713278
8YAtzndoIpF2ZurbVyK8,2016-09-29T19:36:57,Newcastle,Marsh tick,Ixodes apronophorus,54.969112038346154,-1.5531426123272112
lAFjkQIzhcV5H5rDOlxc,2012-08-15T23:46:03,Leicester,Southern rodent tick,Ixodes acuminatus,52.68178990212154,-1.090776016066678
FUiiJZzGqvvJhETffqR0,2016-04-03T09:09:42,Bristol,Passerine tick,Dermacentor frontalis,51.48717501066466,-2.592264158497851
Y70gsw3EbOEF9rsUG3oS,2022-09-17T05:02:54,Manchester,Marsh tick,Ixodes apronophorus,53.51078167971068,-2.1998080217896496
Ysk9YlCgjdTwagDYcLLr,2013-06-19T02:56:17,Leeds,Marsh tick,Ixodes apronophorus,53.81049321735296,-1.551491406906095
NWGsV7RVmEZp3wj1bIxl,2022-12-04T12:45:44,Southampton,Fox/badger tick,Ixodes canisuga,50.878817542489244,-1.4001780691439607
jKTS9eHmmpXHrenEEHPH,2019-06-13T22:12:27,Manchester,Tree-hole tick,Ixodes arboricola,53.518581825605935,-2.2560606079181498
uSZRyS4q7Eb1J0p8InzT,2018-02-09T22:03:51,Cardiff,Marsh tick,Ixodes apronophorus,51.48825345806107,-3.1717585155642625
odYmefUrOwFcGraN2dmt,2019-06-27T01:17:53,Cardiff,Southern rodent tick,Ixodes acuminatus,51.47055940698869,-3.1392827715256963
3WDoZ4kGpYvjEyYaGYGw,2015-04-19T11:48:28,London,Marsh tick,Ixodes apronophorus,51.48158668718042,-0.15401010733395776
3WzSJP8VpilsnyxdIVK7,2013-06-08T10:20:21,Leicester,Marsh tick,Ixodes apronophorus,52.678684911301055,-1.1086455116901832
eCdH9oLtvPcyRwHgdVeq,2024-08-05T18:26:09,Southampton,Passerine tick,Dermacentor frontalis,50.94771124924368,-1.4151278747828595
l8fMYrtE62bflvPfFELr,2024-05-12T10:47:07,Liverpool,Passerine tick,Dermacentor frontalis,53.41852909268851,-3.015494306745793
OQfSQ1XuCumottXlDc9H,2018-01-14T13:03:56,Bristol,Tree-hole tick,Ixodes arboricola,51.41489249796495,-2.6093389103109668
aUtasS16b4LDPs7sNM6H,2014-02-01T07:29:03,Birmingham,Fox/badger tick,Ixodes canisuga,52.480512233710506,-1.8894813291817762
EoCsJjgHPjApkg4O2x2n,2016-01-04T15:50:39,Manchester,Marsh tick,Ixodes apronophorus,53.48509789903122,-2.246672316831542
0YAF6rRZ8QL8n47OGxcJ,2019-01-30T07:47:29,Liverpool,Southern rodent tick,Ixodes acuminatus,53.43448262977664,-3.016870368759137
D2egeOh3xsNtVaLMzK3u,2014-02-28T15:42:21,Leeds,Southern rodent tick,Ixodes acuminatus,53.77479900716204,-1.577041150873775
iH3S7YhU0uyyfZQvcOQM,2023-10-03T07:05:31,Sheffield,Passerine tick,Dermacentor frontalis,53.40619584712857,-1.4433036352283046
dgbhO0QPLGKBN22W6cpU,2021-03-20T03:56:21,Liverpool,Fox/badger tick,Ixodes canisuga,53.411072411112634,-2.947914929698234
p65mctXAysJ3VpL0OfMf,2021-08-27T09:33:10,Southampton,Passerine tick,Dermacentor frontalis,50.95145498485351,-1.4256147271904516
R9HFV3dddlm6f9BtdAIo,2018-07-19T10:55:53,Manchester,Tree-hole tick,Ixodes arboricola,53.445676034274264,-2.244918606962298
A8rTatyF5W8IQkgvFNMG,2014-07-31T09:14:28,Nottingham,Tree-hole tick,Ixodes arboricola,52.94268600273484,-1.1861144267046682
z4euXuFjxhC5ATrOgM4L,2019-10-26T07:19:36,Leeds,Passerine tick,Dermacentor frontalis,53.848257413434276,-1.5107398934912808
lp8kcJbRwptAI1afBk2O,2012-06-23T22:32:40,Nottingham,Passerine tick,Dermacentor frontalis,52.97298727599582,-1.1557547829604249
70TzB7ZFD0EyJFSwBC61,2018-01-27T19:35:18,Newcastle,Fox/badger tick,Ixodes canisuga,54.980175849147166,-1.6420512918120573
jP3ApWL1n0pQW3XIs1uS,2024-05-25T02:37:06,Leicester,Southern rodent tick,Ixodes acuminatus,52.60903211853389,-1.1164005776829162
VV8ZX1Rk0FXyBcDM55h5,2012-05-25T02:32:13,Sheffield,Tree-hole tick,Ixodes arboricola,53.39731254836644,-1.4911706439274748
yrAgc54LPgifH3KuL65U,2019-11-18T15:16:38,Edinburgh,Fox/badger tick,Ixodes canisuga,55.948154633158296,-3.1781459400900314
qPJuZDJGKUCGiTb0Mz3P,2019-11-14T05:14:40,Edinburgh,Tree-hole tick,Ixodes arboricola,55.924141069674064,-3.149872820365522
cR4KGuqHfhVX2nIqB5AC,2015-01-29T01:46:15,Cardiff,Tree-hole tick,Ixodes arboricola,51.50532188403399,-3.1370935318696462
0YAF6rRZ8QL8n47OGxcJ,2019-01-30T07:47:29,Liverpool,Southern rodent tick,Ixodes acuminatus,53.37592917209048,-3.0291172344930635
mMoHgHk0Ybt2uu8quxr5,2018-01-02T23:07:36,Manchester,Marsh tick,Ixodes apronophorus,53.44733233880807,-2.259542460781556
VEJdN3oB1MqWeQ3J32Yg,2015-12-09T19:27:55,Glasgow,Fox/badger tick,Ixodes canisuga,55.82517530770449,-4.25241872207466
jvNRAmvwl6r2bxwuiCD2,2023-09-09T03:03:47,Cardiff,Tree-hole tick,Ixodes arboricola,51.48825480706248,-3.153750604442984
RPHn7T7r5dCUSfrTiW7o,2021-04-12T16:03:49,Sheffield,Passerine tick,Dermacentor frontalis,53.392067944912206,-1.4504889432669645
KN1tzAlN0sw5XWqq7Bmb,2018-10-11T14:16:48,Edinburgh,Passerine tick,Dermacentor frontalis,55.97076967047803,-3.149185397257094
efM3hIfRiOzVSZwrPS0m,2017-09-29T13:58:38,Newcastle,Passerine tick,Dermacentor frontalis,55.00212336292854,-1.6353287804051702
P4RcgvT0aGIrY5wcoHlZ,2019-05-14T12:08:58,Glasgow,Marsh tick,Ixodes apronophorus,55.84263453847907,-4.212697005784464
Zq4puJGmwZEre8nY9SZ5,2019-12-22T13:21:32,Southampton,Southern rodent tick,Ixodes acuminatus,50.87124940203458,-1.4044956912940285
KyehuPQ9lKI3yBat64Ey,2018-09-13T03:31:43,Leeds,Tree-hole tick,Ixodes arboricola,53.82500442145975,-1.5651367223995256
cOuA7aseSH9CqugI6JYq,2018-11-25T20:36:21,Bristol,Southern rodent tick,Ixodes acuminatus,51.496564989567425,-2.6062402112587977
f9hVgw8yNbpXpx2mm0HE,2013-09-10T00:51:31,Nottingham,Fox/badger tick,Ixodes canisuga,52.91516191846797,-1.1851513476261228
kKKcVeNAs0nK359VfwRa,2012-09-29T21:32:55,Nottingham,Fox/badger tick,Ixodes canisuga,52.99549427314467,-1.157899022579728
XEgICCnrwqF4wdiDqfuL,2023-05-28T02:42:56,Glasgow,Marsh tick,Ixodes apronophorus,55.85337905816814,-4.2165167765316625
dFaensEuXRAelfCSBxO2,2024-07-18T18:15:32,London,Tree-hole tick,Ixodes arboricola,51.47034500826357,-0.12887771790332264
Lvzn7hihmoCyVNfw8Rw3,2015-06-09T10:38:32,Nottingham,Passerine tick,Dermacentor frontalis,52.935337660190946,-1.1883033434903498
lNLhXoP7dGEUMlQqPLAd,2021-01-20T02:28:09,Glasgow,Southern rodent tick,Ixodes acuminatus,55.87635256720369,-4.241371184461988
y8rDPVx5SwgkTkMCJjpq,2017-06-18T04:48:46,Glasgow,Southern rodent tick,Ixodes acuminatus,55.906050221870224,-4.285141387088481
KUVmFKOfx42CJt31m7bA,2019-04-01T01:04:58,Sheffield,Passerine tick,Dermacentor frontalis,53.42065139766884,-1.4287469996017756
mujBv9VNzG7vqQERyMg8,2012-02-09T13:57:58,Manchester,Tree-hole tick,Ixodes arboricola,53.43874152115474,-2.285615465951508
Y6FgBIJdg0lr9gjnvj5z,2022-08-13T07:01:32,Birmingham,Marsh tick,Ixodes apronophorus,52.47834303379699,-1.9159439957428648
dVTCmfGlJhgSEsPgJHRN,2024-08-22T06:11:08,Southampton,Fox/badger tick,Ixodes canisuga,50.880077939459895,-1.3830459504310848
kSEdfGkbs6wAfcamRzDi,2020-01-22T03:40:16,Edinburgh,Marsh tick,Ixodes apronophorus,55.92415661762148,-3.1859655790859254
9nQaYeeaGAR6r7MQwNNr,2016-09-10T11:44:44,Leicester,Marsh tick,Ixodes apronophorus,52.61681154560093,-1.1496318943542552
rfEQwm0MTtan2vl7tvaw,2012-03-30T20:29:42,Nottingham,Fox/badger tick,Ixodes canisuga,52.946611629974605,-1.1742331004779687
FUiiJZzGqvvJhETffqR0,2016-04-03T09:09:42,Bristol,Passerine tick,Dermacentor frontalis,51.431283033263504,-2.5586984627192377
ZUT3XVKMqXdWjlAzZg9L,2023-02-13T03:36:29,Cardiff,Passerine tick,Dermacentor frontalis,51.526456312578624,-3.210398240769453
LZ3R7Hj7621w6GnhXskY,2021-09-22T13:13:20,Glasgow,Marsh tick,Ixodes apronophorus,55.90945862908633,-4.285172988980854
9EFXCFxCVXy6apCASOs1,2015-12-06T05:58:08,Newcastle,Marsh tick,Ixodes apronophorus,54.93126588615263,-1.5958522063293241
tBDEs7jcKlK3ImBdjXeF,2013-10-19T15:57:16,Birmingham,Marsh tick,Ixodes apronophorus,52.49633927350958,-1.9214668296926245
oQRcAQt3uQXKAijMA1CT,2019-04-18T09:11:41,Bristol,Tree-hole tick,Ixodes arboricola,51.50254288235229,-2.607769962920573
rAKQCU9kGbzl21VPN67J,2018-11-06T04:18:32,London,Passerine tick,Dermacentor frontalis,51.46521039396119,-0.08071451426442015
g8ACvfJ9Zv4CnfvNWG9F,2019-05-12T00:30:51,London,Passerine tick,Dermacentor frontalis,51.54678315500995,-0.10931353216224762
kRk4OpXeflQcJGr8sjvH,2023-09-05T23:16:06,Edinburgh,Marsh tick,Ixodes apronophorus,55.91515342447753,-3.1955976041343677
ibK1G4b6OytOC8q2EK6u,2012-03-16T15:39:34,Edinburgh,Southern rodent tick,Ixodes acuminatus,55.970006282509345,-3.191253437865001
bY1I3QNBY15iTH6X5JSy,2021-10-12T16:53:08,Bristol,Fox/badger tick,Ixodes canisuga,51.433072282484595,-2.5511431803718794
at8DyTOxkvxoYPsAgp1x,2016-11-29T02:29:21,Manchester,Fox/badger tick,Ixodes canisuga,53.4887675390357,-2.252691926538748
Nl2znr65WHeMvzuRtSck,2018-12-25T16:19:25,Liverpool,Passerine tick,Dermacentor frontalis,53.43037136616824,-2.9841139849907488
yrAgc54LPgifH3KuL65U,2019-11-18T15:16:38,Edinburgh,Fox/badger tick,Ixodes canisuga,55.9492610946111,-3.177768084422924
QRTihy6qYgzEaRdWaNLy,2017-12-20T12:29:46,London,Passerine tick,Dermacentor frontalis,51.47379128229035,-0.12382690801451153
qKsYoQf5rorESrwZMopt,2024-01-21T06:11:04,Southampton,Tree-hole tick,Ixodes arboricola,50.8812986301071,-1.414235935959838
JhSabbDkZ94WC50n3c6n,2016-07-02T19:43:39,Sheffield,Tree-hole tick,Ixodes arboricola,53.35348769612759,-1.4980802070628445
yRa7tagc5ddhKL9mOrdq,2017-11-08T05:14:51,Sheffield,Marsh tick,Ixodes apronophorus,53.38040348432291,-1.4170836565569849
yrAgc54LPgifH3KuL65U,2019-11-18T15:16:38,Edinburgh,Fox/badger tick,Ixodes canisuga,55.912631986231055,-3.1978665790096805
C26VHMqkZeDApDgxvRxM,2021-03-30T06:26:22,Edinburgh,Marsh tick,Ixodes apronophorus,55.907267254750955,-3.212227833600563
dKLXu0wZpgi692l9m5Zc,2012-12-28T11:15:01,Birmingham,Passerine tick,Dermacentor frontalis,52.50323459738175,-1.9329295546120862
twxeVXohYeXphja6jfMV,2014-07-20T09:29:30,Birmingham,Passerine tick,Dermacentor frontalis,52.50614336455834,-1.8622628971297006
rRk5Z5nPMHZIPDj2UYtF,2022-02-10T11:09:02,Birmingham,Southern rodent tick,Ixodes acuminatus,52.53384236557173,-1.8725757833903693
UefEW8QH90qhBnyXsmqS,2015-06-13T02:11:15,Edinburgh,Marsh tick,Ixodes apronophorus,55.91402913316917,-3.165521573868471
N96ews9k8ZpsdfUcJHFT,2020-11-16T16:22:35,Glasgow,Fox/badger tick,Ixodes canisuga,55.83493491627967,-4.227523480906279
DgHIEsdCLxR16wSy3zZO,2015-02-27T23:23:08,Glasgow,Marsh tick,Ixodes apronophorus,55.88570777137759,-4.210834175695649
GiLwoOFJlY5I8VxNUOWf,2019-07-15T19:35:14,Southampton,Marsh tick,Ixodes apronophorus,50.91705757508807,-1.3836904397397394
H6AqFaCfSNlayUmy9q1P,2023-02-20T02:25:54,Edinburgh,Passerine tick,Dermacentor frontalis,55.91003154727766,-3.1969286779593284
Q3TuHAQSLgkc8v41PA2w,2023-05-17T11:54:49,Nottingham,Marsh tick,Ixodes apronophorus,52.97729150245104,-1.1452433970468734
9b14enFIrnyjMb5Vswk9,2014-04-20T06:15:14,Nottingham,Fox/badger tick,Ixodes canisuga,52.98657185637774,-1.1877049396880743
okXN6rgciNCfndicZntB,2012-09-01T00:11:36,London,Passerine tick,Dermacentor frontalis,51.533376405290824,-0.07509766926916932
d6qJsil45owbLEzNEDs2,2018-01-23T18:12:47,Nottingham,Tree-hole tick,Ixodes arboricola,52.96255048582227,-1.1554118053595843
xqfVFD2FeHCzASptHru6,2012-05-26T08:08:26,Leeds,Southern rodent tick,Ixodes acuminatus,53.807063634980295,-1.5934837583115207
MjR9kUJjCb2Hxe61X3Av,2013-09-15T22:59:01,Leeds,Southern rodent tick,Ixodes acuminatus,53.80253486590579,-1.5500611115908611
9cEnX6Uq9ewnINedmf8w,2021-08-09T02:23:53,London,Marsh tick,Ixodes apronophorus,51.541954018418934,-0.14046598918516273
ETxuaOa9OkUAyfM7brLn,2013-09-12T16:40:28,Bristol,Fox/badger tick,Ixodes canisuga,51.452859968730294,-2.5657381120036065
ILf8vEC5ceQG1BjsFXVg,2017-06-25T06:50:42,Manchester,Passerine tick,Dermacentor frontalis,53.461400228945685,-2.2708532213815302
yCnT5AExmdUzu51zrqcS,2021-01-13T18:53:35,Glasgow,Tree-hole tick,Ixodes arboricola,55.81924713492706,-4.2483292525738365
8xyuyUdQVTDfku3uONNs,2018-06-19T00:41:05,Manchester,Fox/badger tick,Ixodes canisuga,53.51724685656313,-2.258375502784787
qPJuZDJGKUCGiTb0Mz3P,2019-11-14T05:14:40,Edinburgh,Tree-hole tick,Ixodes arboricola,55.9400671909224,-3.2184679152009488
rZzqu80posNQDNzumJSK,2016-08-03T18:58:42,Glasgow,Passerine tick,Dermacentor frontalis,55.81362636541343,-4.246129485591787
uKV79fATq5nigkdW40RK,2014-10-09T09:50:31,Cardiff,Fox/badger tick,Ixodes canisuga,51.50854989535319,-3.1591704564406036
SzwbBFGbaImV0T4LW2rG,2024-07-05T06:44:51,Southampton,Marsh tick,Ixodes apronophorus,50.9178823231457,-1.4230429758838379
bKbbFlOQzViSTKFk3XNJ,2021-12-17T04:25:28,Cardiff,Fox/badger tick,Ixodes canisuga,51.521154148567476,-3.129589143883927
fZo64TPqu9vcw47T28Nm,2013-08-23T02:52:43,Newcastle,Marsh tick,Ixodes apronophorus,54.981123180912945,-1.5655935504245546
CwuBNUjl6T81u5Msa4Mi,2020-12-12T18:24:01,Birmingham,Tree-hole tick,Ixodes arboricola,52.46395349219033,-1.9291200955353343
T9DVmtxedNDwma6D8H5U,2023-05-05T03:50:06,Sheffield,Passerine tick,Dermacentor frontalis,53.42767732855285,-1.5136256879114152
AiSNMSlxbrNWPX116Jve,2018-12-07T11:52:18,Bristol,Tree-hole tick,Ixodes arboricola,51.47350854761362,-2.572589165997372
klMtwuJjnqjwY49eLsHc,2014-01-07T21:48:51,Cardiff,Southern rodent tick,Ixodes acuminatus,51.463258153579424,-3.1424249340719115
JhSabbDkZ94WC50n3c6n,2016-07-02T19:43:39,Sheffield,Tree-hole tick,Ixodes arboricola,53.393144224839496,-1.4212784962352398
w2zf0126GQ0RHARAl8FG,2021-08-15T01:29:47,Leeds,Fox/badger tick,Ixodes canisuga,53.783561983376536,-1.5948582699832585
KEdnwvE6MQYGscL5aXt3,2017-09-09T02:08:15,Manchester,Passerine tick,Dermacentor frontalis,53.440646386715215,-2.242387059292269
ZfppZlFvYMqr9FcDttmu,2014-10-05T23:25:03,Sheffield,Passerine tick,Dermacentor frontalis,53.35067599775334,-1.4776887524475177
yNHgvuu76nmuhZzOh5Vb,2023-09-27T18:18:01,Newcastle,Tree-hole tick,Ixodes arboricola,54.92201848795184,-1.557167877394865
7m41XvCHtxrkq7yhOz0u,2016-02-25T06:35:51,Sheffield,Fox/badger tick,Ixodes canisuga,53.35355952009362,-1.4537579890231895
FQ6HktxRWqNcDv924ONW,2023-03-30T04:21:12,Leeds,Passerine tick,Dermacentor frontalis,53.84934953744103,-1.5483044728802078
Mcrlh030OZw5VWdI8UdZ,2020-12-19T20:37:20,Edinburgh,Fox/badger tick,Ixodes canisuga,55.98788120326902,-3.2328221486591433
3C81xuaYJNAgGoMh9cdT,2018-02-07T07:57:13,Southampton,Passerine tick,Dermacentor frontalis,50.91391835359346,-1.4499450261319347
FPxMHXF1dkiFtJ5jn18T,2017-04-06T18:00:43,Glasgow,Southern rodent tick,Ixodes acuminatus,55.86478863933664,-4.261602955491605
ETxuaOa9OkUAyfM7brLn,2013-09-12T16:40:28,Bristol,Fox/badger tick,Ixodes canisuga,51.49667654707308,-2.5896619832181775
jlWQ9fdo0pT9JmEZrgHj,2016-02-04T13:35:55,Nottingham,Tree-hole tick,Ixodes arboricola,52.946385952665814,-1.1917738570887284
mOMdnLwXSFYV3Hhx1lpj,2019-09-28T10:00:48,Glasgow,Passerine tick,Dermacentor frontalis,55.8856854662407,-4.24176553419301
8ORFBRRPnXUOCq1ybDcn,2019-08-10T17:47:55,Nottingham,Fox/badger tick,Ixodes canisuga,52.987881375946536,-1.1228625515814115
2aJ0Nbp40AA37xTH3eWb,2023-03-01T07:21:43,Birmingham,Southern rodent tick,Ixodes acuminatus,52.51362241641612,-1.8576596067391606
zRZvDbjM8XZGlBzux6Ln,2014-07-29T01:40:06,Edinburgh,Passerine tick,Dermacentor frontalis,55.93030993188756,-3.186304333291517
2AoC73JALdJTozXVptx1,2023-11-21T21:26:43,Manchester,Southern rodent tick,Ixodes acuminatus,53.5141024950911,-2.2613207187317763
q5ftGL2DA1JMkd78shyS,2018-04-28T01:25:12,Birmingham,Tree-hole tick,Ixodes arboricola,52.460305131294476,-1.8681387370477271
vDgGt5UjNxhDVBFon9AS,2024-08-30T17:56:19,Liverpool,Marsh tick,Ixodes apronophorus,53.39208106258951,-3.015635799357282
P7lEgevWcyf4f8gGFxIA,2013-09-22T16:29:54,Newcastle,Tree-hole tick,Ixodes arboricola,54.931240217416175,-1.565868367901896
Z1UTXtiivybt9Ox5vBka,2015-08-03T00:40:10,Sheffield,Fox/badger tick,Ixodes canisuga,53.381152292698474,-1.5088274748276742
tFpfZYF4gRR0PiJvRmmP,2019-08-21T02:39:25,Edinburgh,Passerine tick,Dermacentor frontalis,55.91263785715119,-3.1955967949839246
9Rz2vmcBSPcSDPFmyozl,2024-08-04T08:11:41,Glasgow,Passerine tick,Dermacentor frontalis,55.86956093937543,-4.25480989715259
ogHDKVozgy4MVP1wTFuu,2024-01-10T08:55:42,Birmingham,Southern rodent tick,Ixodes acuminatus,52.4991267755197,-1.8579119797912222
18eYwPQXGmWl3ZnyiYLD,2015-03-22T04:53:53,Nottingham,Tree-hole tick,Ixodes arboricola,52.94808955145876,-1.1155192931114248
jP3ApWL1n0pQW3XIs1uS,2024-05-25T02:37:06,Leicester,Southern rodent tick,Ixodes acuminatus,52.59682573168577,-1.1360146580187436
oNybNvMJNb9qglO7URUO,2018-08-19T15:55:00,Bristol,Tree-hole tick,Ixodes arboricola,51.45461588121985,-2.575678244417855
2AoC73JALdJTozXVptx1,2023-11-21T21:26:43,Manchester,Southern rodent tick,Ixodes acuminatus,53.509807772517014,-2.269035183873889
aGLWEbTuIjion51zmJtm,2024-05-14T07:06:31,Manchester,Marsh tick,Ixodes apronophorus,53.520693208049856,-2.2838254365259902
8ujl6nxHxcl83m3pc90o,2018-02-10T01:51:48,Southampton,Marsh tick,Ixodes apronophorus,50.89930598703053,-1.3917608168338356
uFq2r7ehioWbmRnWDnbx,2019-02-21T12:50:13,Leeds,Tree-hole tick,Ixodes arboricola,53.78779573434503,-1.5741223740226058
R5YPrUYo2i4FcHDKiovX,2020-08-24T13:38:46,Bristol,Passerine tick,Dermacentor frontalis,51.46744098424608,-2.5545409053213626
czhlbDCviOsNpjbbKzXd,2012-10-04T18:17:06,Leeds,Fox/badger tick,Ixodes canisuga,53.84968162640764,-1.5669552671253295
xYQWwkwXCwm3vRn3xU3T,2016-10-29T17:56:02,Cardiff,Tree-hole tick,Ixodes arboricola,51.46708529297468,-3.1606975957390673
NYY64XSpeCcxPjoaVhWV,2020-07-10T21:02:16,Newcastle,Fox/badger tick,Ixodes canisuga,54.95902296202331,-1.6488525908365768
oPsSEOUH8TCt29bdUHzp,2020-12-11T21:36:33,Leicester,Southern rodent tick,Ixodes acuminatus,52.58618428981969,-1.1131523209049525
NHvuAoUclpa9sUWDNl0q,2021-08-25T17:18:36,Liverpool,Southern rodent tick,Ixodes acuminatus,53.43277793011737,-2.9866787095391354
amJsZGHUMc8ZiIQA7ybZ,2017-10-18T02:32:27,Glasgow,Marsh tick,Ixodes apronophorus,55.86077491357904,-4.255602282715218
8tPfltDuCe9bHXUP1szQ,2013-01-18T18:04:17,Liverpool,Marsh tick,Ixodes apronophorus,53.4321859515892,-2.996215532323605
zhNgy66ZydWrS15fuZJt,2017-04-02T05:03:53,Leeds,Southern rodent tick,Ixodes acuminatus,53.79786857161385,-1.5282535785735902
p9ZvVRFJKo8cyCfAnqKY,2020-06-20T21:26:08,Bristol,Fox/badger tick,Ixodes canisuga,51.477198324510574,-2.6058845253170384
NIH4Qn6JNwgArvgpKVdw,2014-07-06T08:26:48,Nottingham,Marsh tick,Ixodes apronophorus,52.95496003621047,-1.1712773778630643
OzaXrTbscahHVtbFP6lH,2019-12-28T01:53:22,Leicester,Fox/badger tick,Ixodes canisuga,52.64913668749151,-1.1660608828872945
HyBa6bEINZPGSX6yttZA,2017-01-27T18:36:40,Birmingham,Fox/badger tick,Ixodes canisuga,52.52871108807826,-1.8530248991731744
i9V0hJi5gJaR6EmZz5a1,2022-04-21T10:14:16,Glasgow,Tree-hole tick,Ixodes arboricola,55.81333702036213,-4.22816919937775
8YAtzndoIpF2ZurbVyK8,2016-09-29T19:36:57,Newcastle,Marsh tick,Ixodes apronophorus,54.93287534669713,-1.5913383878066383
ejnyhBc0tUnoeo2FUPi9,2013-08-07T04:01:04,Bristol,Fox/badger tick,Ixodes canisuga,51.4124022894746,-2.579836917466278
ak5XMKqmLa2S47N2AtwK,2019-02-24T18:57:39,Leeds,Marsh tick,Ixodes apronophorus,53.77937996044302,-1.5249163906540029
4MkOEqCML2vUFL7h7RrB,2023-02-27T09:09:01,Nottingham,Marsh tick,Ixodes apronophorus,52.9932531146095,-1.1085282975777988
gGXXfRChVwUu5HXV6n1s,2012-02-11T03:28:53,Leicester,Fox/badger tick,Ixodes canisuga,52.65277220414048,-1.1731609503670313
Xhzc0Qm7yHr0KW7hGEBv,2020-01-12T12:44:15,Glasgow,Marsh tick,Ixodes apronophorus,55.81320856113278,-4.209679024152272
VIgAP58B7wR6mhNq9sUu,2023-07-03T07:06:52,Leeds,Passerine tick,Dermacentor frontalis,53.8019793907492,-1.5104886621686247
5KPMyE7RLO5QMoQDAeUG,2022-04-27T20:01:13,Birmingham,Fox/badger tick,Ixodes canisuga,52.461766898945235,-1.8954342571240672
kMGKlLilj6IRqsWkDiKK,2017-10-20T04:38:05,Bristol,Tree-hole tick,Ixodes arboricola,51.50315423361285,-2.565951354303228
Ryi8D1cvb12gDVGD86Z0,2019-08-06T05:28:17,Leeds,Passerine tick,Dermacentor frontalis,53.78167525661038,-1.5085463897749931
6Av6Cyy21rSAEnnTfEiE,2016-09-27T03:27:56,Leicester,Fox/badger tick,Ixodes canisuga,52.604342868136904,-1.1331058329549262
xqfVFD2FeHCzASptHru6,2012-05-26T08:08:26,Leeds,Southern rodent tick,Ixodes acuminatus,53.82746444493511,-1.5827441046499138
NrqYwnoPeDmPTQfunl9Z,2023-03-03T00:37:19,Southampton,Marsh tick,Ixodes apronophorus,50.86908248489175,-1.3596417601184663
CXxFJtCAKdmbFXPlQE5q,2016-02-17T12:46:29,Manchester,Fox/badger tick,Ixodes canisuga,53.52297558749156,-2.2691868805614757
y7ETHtNRFxSWvbQ7hw0x,2024-03-13T14:34:43,Birmingham,Marsh tick,Ixodes apronophorus,52.50705845063812,-1.891327324965958
h3tKV2fydA7ieovlAUPj,2013-09-27T00:24:59,London,Fox/badger tick,Ixodes canisuga,51.551988690927345,-0.09692038983204512
8KzzKK3MzNRMvvMkvI64,2023-12-11T13:59:50,Birmingham,Fox/badger tick,Ixodes canisuga,52.48209775207795,-1.9446523791265549
Q3TuHAQSLgkc8v41PA2w,2023-05-17T11:54:49,Nottingham,Marsh tick,Ixodes apronophorus,52.982908776605115,-1.1514806804155735
HUwyCepes6Tkk0z6IU4F,2014-01-13T02:49:30,Leeds,Marsh tick,Ixodes apronophorus,53.77582527172066,-1.557867078585009
JS69mIQYTB6mdu0vMt4p,2022-12-17T04:56:17,Nottingham,Marsh tick,Ixodes apronophorus,52.962325093407486,-1.198393132284508
eAZjRDHT5hlrRAQfLUvy,2015-03-27T07:14:36,Newcastle,Tree-hole tick,Ixodes arboricola,54.927047865103425,-1.622009278778985
aUtasS16b4LDPs7sNM6H,2014-02-01T07:29:03,Birmingham,Fox/badger tick,Ixodes canisuga,52.45967639228074,-1.9287956545358143
2AoC73JALdJTozXVptx1,2023-11-21T21:26:43,Manchester,Southern rodent tick,Ixodes acuminatus,53.533331631667394,-2.2927422252104717
Wr4bV3Re1zGCLmZTUiwb,2021-07-01T06:03:24,Sheffield,Marsh tick,Ixodes apronophorus,53.344302915905644,-1.4843260037231711
CVG3pk5hMjw54JUAYPTM,2018-08-27T06:13:56,Sheffield,Fox/badger tick,Ixodes canisuga,53.405873481400064,-1.4978132519444707
igJ8dE6bZgOSvJWyGoVj,2024-03-16T04:05:09,Leeds,Fox/badger tick,Ixodes canisuga,53.766998174542465,-1.5162382739476132
zIh737VbwDCoA1VKmRwy,2022-11-28T05:12:24,Leicester,Southern rodent tick,Ixodes acuminatus,52.67535421716913,-1.1103549843256475
3EhiuZeS21dXpMZTNJEq,2019-10-15T04:19:36,Glasgow,Passerine tick,Dermacentor frontalis,55.90945903093525,-4.243647538597896
RkSd6mhhd9oTRuTeKrmK,2017-01-13T14:53:34,Sheffield,Marsh tick,Ixodes apronophorus,53.33685635840661,-1.4493521338126751
sKm3fj8jM5nFCUZkjsqQ,2020-04-03T14:12:03,Nottingham,Fox/badger tick,Ixodes canisuga,52.97209621865058,-1.1199353320454473
D04lXefag9nvsjMKgBoQ,2017-03-12T08:21:15,Liverpool,Tree-hole tick,Ixodes arboricola,53.35786053901542,-3.006698055197759
vHLNBrXjRoaIzZOhmbr4,2021-09-09T17:00:29,Bristol,Marsh tick,Ixodes apronophorus,51.471958067458296,-2.5937758749750026
RPHn7T7r5dCUSfrTiW7o,2021-04-12T16:03:49,Sheffield,Passerine tick,Dermacentor frontalis,53.33608942804084,-1.5042526425522944
L24cKfajwi1B6as4rZLA,2021-01-13T21:44:12,Nottingham,Southern rodent tick,Ixodes acuminatus,52.92891253760578,-1.1171362540850758
FvJUDEcC7IsnzvzeNw7L,2016-10-28T07:25:41,Nottingham,Tree-hole tick,Ixodes arboricola,52.93994569235018,-1.142488282366888
kRyJHh8eSgX3w6zqwWfU,2014-12-29T08:16:15,Leeds,Marsh tick,Ixodes apronophorus,53.78545263673024,-1.5516652832483693
v8kmhKkvYXS9RjiRPtx0,2021-01-29T21:26:32,Birmingham,Southern rodent tick,Ixodes acuminatus,52.53515904975087,-1.872522759167305
hs3ylDFRy19nwtMimmSx,2021-09-22T11:50:16,Nottingham,Tree-hole tick,Ixodes arboricola,52.97693070931889,-1.1294332887292597
R9HFV3dddlm6f9BtdAIo,2018-07-19T10:55:53,Manchester,Tree-hole tick,Ixodes arboricola,53.527937780716535,-2.1975533556564883
3C81xuaYJNAgGoMh9cdT,2018-02-07T07:57:13,Southampton,Passerine tick,Dermacentor frontalis,50.8820555637002,-1.4241682955641515
E7fOH4Ht6Q63KT7Qlhpp,2020-11-15T09:58:23,Glasgow,Tree-hole tick,Ixodes arboricola,55.890707534618706,-4.206286184281526
ESJAL8XBdzN8pKVk3swM,2021-12-01T06:12:14,London,Marsh tick,Ixodes apronophorus,51.5422732816383,-0.1506917414604491
PvnBfdp00ggOFB4S47E2,2022-07-18T01:42:14,Bristol,Marsh tick,Ixodes apronophorus,51.484284160444744,-2.6276320200935435
1q1Z4pXssarDS2T1WhLp,2013-12-08T02:22:51,Cardiff,Passerine tick,Dermacentor frontalis,51.449681467249604,-3.1512350471776904
KN1GRXUhweD3uMzYWz9c,2021-02-26T22:40:06,Sheffield,Passerine tick,Dermacentor frontalis,53.41042454397167,-1.4660211854437948
GnJWT1myATkGRLp5sFDc,2022-04-02T07:19:44,Edinburgh,Tree-hole tick,Ixodes arboricola,55.99535532359331,-3.167858556119649
KxkGFf6K9ZPWR7zHZCS7,2015-01-28T06:57:30,Liverpool,Fox/badger tick,Ixodes canisuga,53.43091907540861,-2.9825738088893288
9EFXCFxCVXy6apCASOs1,2015-12-06T05:58:08,Newcastle,Marsh tick,Ixodes apronophorus,54.93260727481726,-1.6269123465815105
uGo5oUs6YsfZC5dOJ2GZ,2012-10-02T11:21:14,Southampton,Tree-hole tick,Ixodes arboricola,50.93394939049553,-1.4339899965140785
xYQWwkwXCwm3vRn3xU3T,2016-10-29T17:56:02,Cardiff,Tree-hole tick,Ixodes arboricola,51.51784950489816,-3.2100790459184796
ZXxbxaCr2PyqgAUujw4d,2012-11-23T18:22:36,Nottingham,Fox/badger tick,Ixodes canisuga,52.99553173588147,-1.1274125050596224
VIgAP58B7wR6mhNq9sUu,2023-07-03T07:06:52,Leeds,Passerine tick,Dermacentor frontalis,53.84624160163455,-1.5627784812573653
wKW9dpCM9k4IPZvirQHC,2012-12-06T21:32:36,Sheffield,Southern rodent tick,Ixodes acuminatus,53.38823579529105,-1.4505888887058938
6UVP1rzrW23gvOm2oxT3,2020-01-13T03:59:56,Sheffield,Southern rodent tick,Ixodes acuminatus,53.3827585409554,-1.428533531191622
nrR9gNsr4WiALDHHinIA,2023-03-26T10:31:53,Cardiff,Fox/badger tick,Ixodes canisuga,51.53025554756194,-3.18351739751906
M7PMHMUREz50xzWeU7tp,2019-09-07T13:52:05,Edinburgh,Fox/badger tick,Ixodes canisuga,55.92241685366948,-3.182524243940703
EDkrJ5Vf8L1yKpodif2U,2017-01-04T03:53:10,Southampton,Southern rodent tick,Ixodes acuminatus,50.9370527518997,-1.3674003003356
81wmm1pbZoWSejo95arG,2022-10-04T12:54:27,Sheffield,Tree-hole tick,Ixodes arboricola,53.40111703747906,-1.5116353203660442
BMgmni67ZqlwIV7kUQiW,2016-04-28T23:46:28,Newcastle,Fox/badger tick,Ixodes canisuga,54.97962298440723,-1.604825388316685
ogHDKVozgy4MVP1wTFuu,2024-01-10T08:55:42,Birmingham,Southern rodent tick,Ixodes acuminatus,52.50201141293933,-1.9163158038390542
nPxD6vkpmUBrFC6aM4AX,2015-06-02T04:19:29,London,Southern rodent tick,Ixodes acuminatus,51.50985573713764,-0.10532795012213858
1WTkNtTMvlPMMgyMcrMb,2024-12-08T20:09:18,Bristol,Marsh tick,Ixodes apronophorus,51.4442629966246,-2.614448866386632
tkJQMVSSQWFLh41SMB3b,2013-09-04T06:28:57,Newcastle,Fox/badger tick,Ixodes canisuga,55.00330598655386,-1.5516919138407332
ZjWH69Zklwlz8hOvfOUJ,2017-06-06T00:54:12,Bristol,Fox/badger tick,Ixodes canisuga,51.42186625424981,-2.5998869532825406
hPWVJik1nIneZKeSfRyD,2022-02-22T17:26:33,London,Tree-hole tick,Ixodes arboricola,51.50535331041195,-0.15157267773944794
g1eBRHhCcEcirRTkrigK,2016-10-04T18:38:00,Cardiff,Fox/badger tick,Ixodes canisuga,51.50567277522531,-3.221183516378837
Q3TuHAQSLgkc8v41PA2w,2023-05-17T11:54:49,Nottingham,Marsh tick,Ixodes apronophorus,52.91022987884906,-1.1861864556330701
tSoyCSAaz3yxZQSp0OFj,2023-02-06T03:44:16,Leicester,Passerine tick,Dermacentor frontalis,52.601999203545994,-1.1638593888642015
b4HtlCMYx8QaveCuVaq1,2017-03-04T09:45:52,Nottingham,Tree-hole tick,Ixodes arboricola,52.979322627957146,-1.1632715317181146
w6J5IXRhUNu1e9BdoyTM,2015-09-23T05:34:25,Liverpool,Fox/badger tick,Ixodes canisuga,53.359111899597416,-3.0244238659537084
1c59JwAnHry7SIbs2yfm,2015-06-11T01:55:27,Nottingham,Passerine tick,Dermacentor frontalis,52.906796205493315,-1.1088084278628103
6UVP1rzrW23gvOm2oxT3,2020-01-13T03:59:56,Sheffield,Southern rodent tick,Ixodes acuminatus,53.36120521033403,-1.4496370786911408
HyBa6bEINZPGSX6yttZA,2017-01-27T18:36:40,Birmingham,Fox/badger tick,Ixodes canisuga,52.44682342699399,-1.9093064662140173
uGo5oUs6YsfZC5dOJ2GZ,2012-10-02T11:21:14,Southampton,Tree-hole tick,Ixodes arboricola,50.886083398390504,-1.4080967453129156
yWraib2Zv9siRlzVdChS,2021-08-05T04:45:55,London,Southern rodent tick,Ixodes acuminatus,51.54359619046188,-0.13594940864137595
ugzxj8porcW6Y20NuCIe,2013-02-27T15:57:07,Nottingham,Southern rodent tick,Ixodes acuminatus,52.9480259874078,-1.1299081335365257
MPQc6aqIlYFnUOE8LlpN,2013-05-15T05:01:12,Nottingham,Marsh tick,Ixodes apronophorus,52.98493557975111,-1.196093845064394
sIuCSIyXNoSkY617lhZ6,2012-04-20T05:33:21,Birmingham,Southern rodent tick,Ixodes acuminatus,52.469951473829106,-1.8740664204794912
dKLXu0wZpgi692l9m5Zc,2012-12-28T11:15:01,Birmingham,Passerine tick,Dermacentor frontalis,52.454288573813514,-1.9371550332297713
ZxIgHlFn4WhZFPBS3CBy,2012-08-12T10:39:44,Glasgow,Passerine tick,Dermacentor frontalis,55.85347965922432,-4.262100575528411
czhlbDCviOsNpjbbKzXd,2012-10-04T18:17:06,Leeds,Fox/badger tick,Ixodes canisuga,53.76386732759425,-1.5458754746298498
CUFiFnljNp3xxKwmiCVW,2022-05-25T14:27:47,Leeds,Tree-hole tick,Ixodes arboricola,53.79898883140399,-1.5735759450606872
FUiiJZzGqvvJhETffqR0,2016-04-03T09:09:42,Bristol,Passerine tick,Dermacentor frontalis,51.486648647575024,-2.5548706858295693
GQ3ZqsOHSjAOmk8x07rv,2013-05-10T21:29:40,Glasgow,Marsh tick,Ixodes apronophorus,55.836519480785846,-4.271586184653544
KYpmerycUmIxrfQEfB0z,2021-03-13T01:03:21,Cardiff,Marsh tick,Ixodes apronophorus,51.504781172315575,-3.175216988385397
v1vt9ekMPoGAdQg9miXI,2020-10-12T20:42:50,Bristol,Passerine tick,Dermacentor frontalis,51.40711085170504,-2.588045932071901
7oUykby0KgASEuB7HmsC,2021-10-29T19:02:08,Southampton,Tree-hole tick,Ixodes arboricola,50.90291681222135,-1.3668760697573958
RkSd6mhhd9oTRuTeKrmK,2017-01-13T14:53:34,Sheffield,Marsh tick,Ixodes apronophorus,53.42644797461121,-1.5007358776959356
vxGUJOnT1EJfIJ9foKrK,2020-12-09T14:07:09,Cardiff,Marsh tick,Ixodes apronophorus,51.43235050651553,-3.2123869505452816
dFaensEuXRAelfCSBxO2,2024-07-18T18:15:32,London,Tree-hole tick,Ixodes arboricola,51.483894931149614,-0.08868208257054616
MHe5XZ23ZwLYMekf3QuR,2019-06-12T19:32:05,Newcastle,Fox/badger tick,Ixodes canisuga,54.91822483433903,-1.6151722615338353
EDkrJ5Vf8L1yKpodif2U,2017-01-04T03:53:10,Southampton,Southern rodent tick,Ixodes acuminatus,50.935937413121124,-1.398679050006884
x0IMTPasY0DZcX601gnV,2013-07-17T00:29:56,Manchester,Fox/badger tick,Ixodes canisuga,53.49673693995088,-2.199647200590098
klMtwuJjnqjwY49eLsHc,2014-01-07T21:48:51,Cardiff,Southern rodent tick,Ixodes acuminatus,51.4657948382051,-3.2067189859823344
lP6fhEjbGmZafbaJIKrY,2013-11-25T14:40:08,Leicester,Southern rodent tick,Ixodes acuminatus,52.606664257459734,-1.118512808294105
3Nogikm5ECn9BOzGemXt,2024-09-12T05:39:11,Southampton,Fox/badger tick,Ixodes canisuga,50.90427791382246,-1.414046279873882
tR1HvhalUxdUMoe5HG9j,2022-09-09T08:28:02,Newcastle,Passerine tick,Dermacentor frontalis,54.928336730721675,-1.6115922579966697
OQfSQ1XuCumottXlDc9H,2018-01-14T13:03:56,Bristol,Tree-hole tick,Ixodes arboricola,51.42050580458125,-2.594130645504183
FJyDvrlopNYlutxeZQED,2016-12-26T10:36:16,Manchester,Tree-hole tick,Ixodes arboricola,53.43779761963383,-2.237021662440896
shXjdSmlA8tYmqLAlp4j,2022-10-11T01:07:23,Nottingham,Tree-hole tick,Ixodes arboricola,52.95701898053029,-1.108088232825638
18eYwPQXGmWl3ZnyiYLD,2015-03-22T04:53:53,Nottingham,Tree-hole tick,Ixodes arboricola,52.96104167402177,-1.196837577007147
mlaoEgkf4u4ekmG2HtmA,2016-12-21T05:59:55,Bristol,Fox/badger tick,Ixodes canisuga,51.446621493568394,-2.6264956083457234
7ymlbFjZ8KBHBsOmkEsh,2012-03-09T04:01:56,Southampton,Tree-hole tick,Ixodes arboricola,50.89520014498783,-1.3955820316928
zhlW7w9ondK5R84n9Cyy,2014-11-13T19:06:48,Bristol,Passerine tick,Dermacentor frontalis,51.405525542854576,-2.578033762087838
dVTCmfGlJhgSEsPgJHRN,2024-08-22T06:11:08,Southampton,Fox/badger tick,Ixodes canisuga,50.951905645404906,-1.384881628231689
xkRekaVi9Su8Z5j2NyGa,2022-01-31T18:16:21,Edinburgh,Fox/badger tick,Ixodes canisuga,55.99938057433106,-3.226873639396654
5ct4qdYjEDARY4ki9iL1,2012-08-20T19:15:53,Sheffield,Tree-hole tick,Ixodes arboricola,53.334059983345064,-1.5059494691729784
6EAhpY86qoLTW76pGT3G,2015-03-19T23:14:03,Birmingham,Tree-hole tick,Ixodes arboricola,52.53842740838158,-1.8705039904150407
q1VBdsWce5QWGzRCuNXL,2017-09-29T15:51:12,Bristol,Passerine tick,Dermacentor frontalis,51.44825075635076,-2.5575965297939147
3vAbBAAcmpIC0uFp4qK9,2024-10-23T00:29:35,Nottingham,Fox/badger tick,Ixodes canisuga,52.982227378391585,-1.1548952727047277
9nQaYeeaGAR6r7MQwNNr,2016-09-10T11:44:44,Leicester,Marsh tick,Ixodes apronophorus,52.60376428025634,-1.1105727180939502
g42DmGoM8dDPOcpUEuoF,2021-08-15T20:40:58,Edinburgh,Marsh tick,Ixodes apronophorus,55.95512671168803,-3.227427790077833
uFq2r7ehioWbmRnWDnbx,2019-02-21T12:50:13,Leeds,Tree-hole tick,Ixodes arboricola,53.787302449518,-1.5619847549737602
HlwX1As41KVOnWAkXheg,2022-02-20T17:49:07,Cardiff,Southern rodent tick,Ixodes acuminatus,51.50767816656178,-3.2133541505947636
pamJV7YjFwozdo1FB6eL,2012-03-21T03:28:17,London,Southern rodent tick,Ixodes acuminatus,51.52995461795335,-0.09251137743104937
kwcevuBg4tAhTOvhGbpi,2019-10-07T16:53:47,Glasgow,Marsh tick,Ixodes apronophorus,55.86388993349278,-4.211676729688182
0Jac6jm48OtR2AMDmNZn,2017-11-30T11:50:02,Southampton,Tree-hole tick,Ixodes arboricola,50.8611384380082,-1.448322004586015
ViVrgZ2PxFSokGkZlS5D,2021-07-31T19:24:24,London,Marsh tick,Ixodes apronophorus,51.462374477548465,-0.0887195610899784
zxqhVeaA7vB7jaQCuiJa,2012-05-28T23:18:10,Edinburgh,Passerine tick,Dermacentor frontalis,55.92337090724565,-3.168405638450863
ak5XMKqmLa2S47N2AtwK,2019-02-24T18:57:39,Leeds,Marsh tick,Ixodes apronophorus,53.840483204065194,-1.5472156319280586
KWJ0macPKyLhJD0MkyVU,2020-11-22T02:37:42,Sheffield,Passerine tick,Dermacentor frontalis,53.342187336193305,-1.4512387202677817
B0pcUrBM6WnNlWhVMaQz,2014-03-31T01:30:21,Leicester,Tree-hole tick,Ixodes arboricola,52.64354433922376,-1.1036188088574084
jcF9MRhT35VwgGWaVB8M,2021-03-19T12:44:44,Cardiff,Southern rodent tick,Ixodes acuminatus,51.47580333133768,-3.202683343867407
Ryi8D1cvb12gDVGD86Z0,2019-08-06T05:28:17,Leeds,Passerine tick,Dermacentor frontalis,53.81628752070112,-1.5764937574303584
21YeuUkAlXgWklaq0Oeb,2021-03-07T19:08:07,Bristol,Southern rodent tick,Ixodes acuminatus,51.431447796164306,-2.6228675367643417
hPWVJik1nIneZKeSfRyD,2022-02-22T17:26:33,London,Tree-hole tick,Ixodes arboricola,51.53156748648805,-0.16239132015781402
PLXp8OveG1forG7wdxw1,2021-12-16T13:23:29,Nottingham,Southern rodent tick,Ixodes acuminatus,52.913780396639716,-1.1978453873328754
cOuA7aseSH9CqugI6JYq,2018-11-25T20:36:21,Bristol,Southern rodent tick,Ixodes acuminatus,51.471342283054504,-2.6373036302769757
shJ4n1xW7ozxVkvwEEkq,2021-11-02T21:50:01,Liverpool,Southern rodent tick,Ixodes acuminatus,53.35027594516641,-3.031197973001315
HDzq1TQLJuUCARD2J3gG,2017-06-28T02:20:14,Newcastle,Marsh tick,Ixodes apronophorus,54.92328410167214,-1.6178403974465736
Yy6TK974FssktnQYgeah,2017-06-01T23:27:58,Bristol,Fox/badger tick,Ixodes canisuga,51.48652990315344,-2.5786568368730256
3jfzge9TUhip9lLYUEUF,2022-05-10T10:29:10,Edinburgh,Southern rodent tick,Ixodes acuminatus,55.98083526382621,-3.199850386512145
DwcJyztD3DJNhUkEt5e1,2024-05-17T14:25:32,Leeds,Southern rodent tick,Ixodes acuminatus,53.813916457507304,-1.5317174602584351
CUFiFnljNp3xxKwmiCVW,2022-05-25T14:27:47,Leeds,Tree-hole tick,Ixodes arboricola,53.76682797275982,-1.595989017722098
qirO4HB95b1A9LuEbcCc,2023-01-19T15:39:03,Sheffield,Passerine tick,Dermacentor frontalis,53.42711647281341,-1.4443581589207386
Y70gsw3EbOEF9rsUG3oS,2022-09-17T05:02:54,Manchester,Marsh tick,Ixodes apronophorus,53.51973307610499,-2.214375260852333
6UVP1rzrW23gvOm2oxT3,2020-01-13T03:59:56,Sheffield,Southern rodent tick,Ixodes acuminatus,53.420131967048626,-1.4736749248730234
UjXk60DdGGhB9fXyQycu,2017-08-03T15:11:24,Manchester,Tree-hole tick,Ixodes arboricola,53.47704092031602,-2.200647815403355
kRyJHh8eSgX3w6zqwWfU,2014-12-29T08:16:15,Leeds,Marsh tick,Ixodes apronophorus,53.80149921951836,-1.517280308390809
LlssYw9JjCTckb9o0Z74,2015-08-28T09:33:56,Nottingham,Southern rodent tick,Ixodes acuminatus,52.94510926695829,-1.102091023962238
ziniFOq3yOlOQFNcItlz,2017-11-02T00:45:28,London,Fox/badger tick,Ixodes canisuga,51.50508883219943,-0.1306599864983589
NEzia0bWh8BzZeBhYiUd,2023-07-13T22:45:31,Southampton,Tree-hole tick,Ixodes arboricola,50.86775676604129,-1.4212887507589487
0c0k4ArSwnqmBJOF8zTH,2022-09-02T01:21:13,Nottingham,Passerine tick,Dermacentor frontalis,52.99629313523834,-1.166307924387341
lp8kcJbRwptAI1afBk2O,2012-06-23T22:32:40,Nottingham,Passerine tick,Dermacentor frontalis,52.933662824731925,-1.1001650695841083
9meABYFDEA9MMF5JaeRD,2021-05-01T05:31:35,Manchester,Southern rodent tick,Ixodes acuminatus,53.475582002600184,-2.2698034066566986
3C81xuaYJNAgGoMh9cdT,2018-02-07T07:57:13,Southampton,Passerine tick,Dermacentor frontalis,50.95675604951577,-1.3885264064782532
85regVce6lxpbCsWqqI6,2013-03-29T01:00:45,Leicester,Southern rodent tick,Ixodes acuminatus,52.643098827182314,-1.145151001778634
YwSwSKm7KE7JpjrdkvCl,2012-07-02T14:27:07,Edinburgh,Southern rodent tick,Ixodes acuminatus,55.96746755919901,-3.228142307654127
iuymPCc6sLk8iNDKfRCG,2014-07-30T11:55:21,Nottingham,Fox/badger tick,Ixodes canisuga,52.96000291092666,-1.1485612160324143
ZjWH69Zklwlz8hOvfOUJ,2017-06-06T00:54:12,Bristol,Fox/badger tick,Ixodes canisuga,51.499777868014284,-2.606768640446917
aABOUyyyfNKf9ba8s9un,2024-03-28T10:11:17,Edinburgh,Passerine tick,Dermacentor frontalis,56.00180455646301,-3.2046299864440932
J7InoA1ALqVsDodLKf6x,2019-12-04T23:54:08,Leeds,Southern rodent tick,Ixodes acuminatus,53.75967660480538,-1.5039584396889742
6eSLU6MGCz3wSh5UKFN5,2018-10-02T04:13:24,Newcastle,Passerine tick,Dermacentor frontalis,55.00515474932218,-1.6308378757912343
vKvwfpPzfYOMCN5xu57s,2020-03-11T02:00:04,Liverpool,Tree-hole tick,Ixodes arboricola,53.416769272519176,-3.0095389516764692
6UVP1rzrW23gvOm2oxT3,2020-01-13T03:59:56,Sheffield,Southern rodent tick,Ixodes acuminatus,53.41471504633429,-1.450027746475513
j856qPODHjv9tUuvi8TS,2024-06-14T12:48:17,Southampton,Fox/badger tick,Ixodes canisuga,50.920946344607536,-1.402881796452516
P4RcgvT0aGIrY5wcoHlZ,2019-05-14T12:08:58,Glasgow,Marsh tick,Ixodes apronophorus,55.82055945423116,-4.23170460882229
xmFkWgWYLtVoaD3reP4K,2022-01-23T01:00:55,Newcastle,Passerine tick,Dermacentor frontalis,54.96743549706086,-1.5833199723238405
Wr4bV3Re1zGCLmZTUiwb,2021-07-01T06:03:24,Sheffield,Marsh tick,Ixodes apronophorus,53.377936944778575,-1.424947064748986
kbXdi2DpqILV0wajMzKZ,2018-09-12T12:29:43,Liverpool,Passerine tick,Dermacentor frontalis,53.448909979002785,-2.935202827854608
BMgmni67ZqlwIV7kUQiW,2016-04-28T23:46:28,Newcastle,Fox/badger tick,Ixodes canisuga,54.96849279551051,-1.6106704496107889
vJ5hAN6KuhjDgF5Jx92r,2014-07-30T23:59:26,Newcastle,Passerine tick,Dermacentor frontalis,54.961815808323124,-1.636805679290877
DyFy26uzJvVdtdLcp1lE,2022-05-09T23:47:35,Newcastle,Marsh tick,Ixodes apronophorus,54.93093024964844,-1.5603606666490923
jii1Vk6pFSTGP6FtU2FU,2021-06-23T20:17:40,Nottingham,Fox/badger tick,Ixodes canisuga,52.956525329412976,-1.1310473256695717
J7InoA1ALqVsDodLKf6x,2019-12-04T23:54:08,Leeds,Southern rodent tick,Ixodes acuminatus,53.82854938138952,-1.5106956094256505
qPJuZDJGKUCGiTb0Mz3P,2019-11-14T05:14:40,Edinburgh,Tree-hole tick,Ixodes arboricola,55.91182815648067,-3.201390441454568
oQRcAQt3uQXKAijMA1CT,2019-04-18T09:11:41,Bristol,Tree-hole tick,Ixodes arboricola,51.41699586199744,-2.624801830301078
kMGKlLilj6IRqsWkDiKK,2017-10-20T04:38:05,Bristol,Tree-hole tick,Ixodes arboricola,51.47078216507617,-2.5873540707144915
lp8kcJbRwptAI1afBk2O,2012-06-23T22:32:40,Nottingham,Passerine tick,Dermacentor frontalis,52.99263968027634,-1.1050486424332449
bQErgW9gwJlW9eXbT45x,2013-08-30T07:36:43,Leicester,Tree-hole tick,Ixodes arboricola,52.60720500601347,-1.1592431889296153
KE4H6XqCWD1XZMTgPMbb,2012-03-12T19:44:51,Glasgow,Passerine tick,Dermacentor frontalis,55.81384324587883,-4.238383740478401
XF6pUxX7Wkw2WfzRAO7s,2017-07-14T05:18:47,Birmingham,Passerine tick,Dermacentor frontalis,52.47618624951273,-1.891019823668683
xkRekaVi9Su8Z5j2NyGa,2022-01-31T18:16:21,Edinburgh,Fox/badger tick,Ixodes canisuga,55.958336446995474,-3.1629562424922617
kLqDOX9w2gPeNYjJeNLd,2018-05-18T23:05:24,Bristol,Southern rodent tick,Ixodes acuminatus,51.426252367306866,-2.6189222096606057
2aJ0Nbp40AA37xTH3eWb,2023-03-01T07:21:43,Birmingham,Southern rodent tick,Ixodes acuminatus,52.47720331725358,-1.9097005504772828
XnpF1cFW4xptVAieGp9l,2014-09-28T06:50:44,Newcastle,Tree-hole tick,Ixodes arboricola,55.01507720750754,-1.5703162824489436
kFJh5Kkma9MwGrshRyqt,2024-09-12T20:23:36,Leicester,Fox/badger tick,Ixodes canisuga,52.62976571873728,-1.1709132359050907
9Rz2vmcBSPcSDPFmyozl,2024-08-04T08:11:41,Glasgow,Passerine tick,Dermacentor frontalis,55.83976640462311,-4.222992760700428
3qKjc1DFIBTtNrpUgRkf,2023-12-09T08:17:21,Southampton,Marsh tick,Ixodes apronophorus,50.95599983424898,-1.3785592086390506
S8DntEv5IcovpGUW8mvz,2015-02-07T19:35:57,Leicester,Tree-hole tick,Ixodes arboricola,52.623632530387006,-1.1516554218058874
P4QqgezEv7lvQHRgNi4s,2018-01-24T09:11:48,Nottingham,Southern rodent tick,Ixodes acuminatus,52.91009373446441,-1.1145441600994959
PKTNTwQChc3ftjBnDHZu,2016-07-27T04:43:31,Liverpool,Marsh tick,Ixodes apronophorus,53.404058387657095,-2.950960231941011
ejnyhBc0tUnoeo2FUPi9,2013-08-07T04:01:04,Bristol,Fox/badger tick,Ixodes canisuga,51.43952440312258,-2.5460534326487916
FEWLK58rdfFYOqjygvvL,2015-12-18T05:46:08,Birmingham,Southern rodent tick,Ixodes acuminatus,52.457561373141566,-1.929457497771659
3a7xGlfGDsu796YSmXLM,2018-07-29T09:32:00,Edinburgh,Southern rodent tick,Ixodes acuminatus,55.94695237535015,-3.2256145274150225
DdWFt7bzVfQ9jnS2BDV6,2024-12-17T08:45:04,Sheffield,Marsh tick,Ixodes apronophorus,53.4055557860323,-1.4616489562639048
9EFXCFxCVXy6apCASOs1,2015-12-06T05:58:08,Newcastle,Marsh tick,Ixodes apronophorus,54.955091578088634,-1.5973677601627017
8mdpwENCmmHsXuw4vKBi,2015-05-03T13:28:12,Sheffield,Southern rodent tick,Ixodes acuminatus,53.33913683207477,-1.4187538638587147
Q3TuHAQSLgkc8v41PA2w,2023-05-17T11:54:49,Nottingham,Marsh tick,Ixodes apronophorus,52.939342223216244,-1.1521477209017659
Iq1ASgLNepeZGf0cy7HC,2022-02-13T20:48:00,Bristol,Passerine tick,Dermacentor frontalis,51.4408812169688,-2.631771663698293
hrHBFSk8V0zfhWB1p49G,2023-11-16T03:25:56,Liverpool,Fox/badger tick,Ixodes canisuga,53.37618697621318,-2.973989759911903
eCdH9oLtvPcyRwHgdVeq,2024-08-05T18:26:09,Southampton,Passerine tick,Dermacentor frontalis,50.9081542092981,-1.3833303446512277
aIEBQ6Jj2ai6iVx4l3dl,2018-07-22T22:25:12,Nottingham,Marsh tick,Ixodes apronophorus,52.92936973691856,-1.1591804739281606
VJcJvQWs86GiANz93w7E,2013-04-08T16:41:24,Cardiff,Southern rodent tick,Ixodes acuminatus,51.47019700957488,-3.1648759867691414
g8ACvfJ9Zv4CnfvNWG9F,2019-05-12T00:30:51,London,Passerine tick,Dermacentor frontalis,51.48310611223909,-0.14869527478835576
Yy6TK974FssktnQYgeah,2017-06-01T23:27:58,Bristol,Fox/badger tick,Ixodes canisuga,51.41647695583567,-2.573692931661135
KAKbx5v5GpqDNu5Fq44D,2018-11-24T07:08:32,Glasgow,Tree-hole tick,Ixodes arboricola,55.84162973154012,-4.2990784622905185
ziniFOq3yOlOQFNcItlz,2017-11-02T00:45:28,London,Fox/badger tick,Ixodes canisuga,51.46469780834998,-0.16395289017494782
lx2sgBk7u3C6Y3SJ7nP8,2021-02-28T01:36:06,Birmingham,Tree-hole tick,Ixodes arboricola,52.49231187726581,-1.8587265469143763
oCA8LS6PY7KzMSya9Ynh,2019-08-11T12:14:38,Glasgow,Fox/badger tick,Ixodes canisuga,55.82072513982123,-4.213405244304002
CwuBNUjl6T81u5Msa4Mi,2020-12-12T18:24:01,Birmingham,Tree-hole tick,Ixodes arboricola,52.45166691760876,-1.8934942377301647
SzwbBFGbaImV0T4LW2rG,2024-07-05T06:44:51,Southampton,Marsh tick,Ixodes apronophorus,50.93835233673002,-1.4147945555160808
Hl56tj9pHF0KxoORz0uz,2024-03-30T20:29:12,Liverpool,Tree-hole tick,Ixodes arboricola,53.42078384176376,-2.9952433437862367
SP7kgRoPTmloWj8zEak5,2013-01-08T15:44:12,Birmingham,Southern rodent tick,Ixodes acuminatus,52.4854096827255,-1.8737296149367184
ldPKYSBxc8awNLYd8hBs,2016-07-26T22:44:05,Leicester,Fox/badger tick,Ixodes canisuga,52.6796734961976,-1.134991409864611
SuhVPGoA7RUxS8TVxmFu,2013-08-12T06:50:38,Newcastle,Passerine tick,Dermacentor frontalis,54.969176935201006,-1.6381356908956624
FEWLK58rdfFYOqjygvvL,2015-12-18T05:46:08,Birmingham,Southern rodent tick,Ixodes acuminatus,52.46297188879185,-1.8612665444497636
Iq1ASgLNepeZGf0cy7HC,2022-02-13T20:48:00,Bristol,Passerine tick,Dermacentor frontalis,51.4360570779519,-2.5890481651287667
aXWdsw1UK7XvWoxWsEaZ,2013-04-12T00:54:30,Edinburgh,Fox/badger tick,Ixodes canisuga,55.912030278653056,-3.1534575949554013
YQ3Mfdm7FjdUPSNdU8nm,2015-12-19T19:01:54,Cardiff,Passerine tick,Dermacentor frontalis,51.462234203750675,-3.1666251936079624
S3f8sdNWFLtTgAXlDC4u,2024-09-18T15:17:24,Bristol,Fox/badger tick,Ixodes canisuga,51.45505668707277,-2.5444631460078586
Rm6El8DBtbOzO3uyw8i4,2014-12-13T15:04:33,London,Southern rodent tick,Ixodes acuminatus,51.47850507766321,-0.11792144295393558
Ysk9YlCgjdTwagDYcLLr,2013-06-19T02:56:17,Leeds,Marsh tick,Ixodes apronophorus,53.79272930446465,-1.5480063991217659
7ymlbFjZ8KBHBsOmkEsh,2012-03-09T04:01:56,Southampton,Tree-hole tick,Ixodes arboricola,50.8958380045642,-1.4539501413772178
gLxMbOJPFUJA5CDErIXf,2016-05-16T08:17:46,Newcastle,Passerine tick,Dermacentor frontalis,54.92528709263574,-1.6251622660467346
g42DmGoM8dDPOcpUEuoF,2021-08-15T20:40:58,Edinburgh,Marsh tick,Ixodes apronophorus,55.94725436580713,-3.1975335709950383
yNHgvuu76nmuhZzOh5Vb,2023-09-27T18:18:01,Newcastle,Tree-hole tick,Ixodes arboricola,54.930515751883554,-1.6320042245462052
9ArW7gk5hYYwnZruekQd,2018-11-17T12:14:14,Cardiff,Passerine tick,Dermacentor frontalis,51.47151545392482,-3.1460452454004777
DvaifYQDRUDP5iNAZuqB,2023-04-05T04:30:23,Sheffield,Southern rodent tick,Ixodes acuminatus,53.35889797632999,-1.45888861135812
ETxuaOa9OkUAyfM7brLn,2013-09-12T16:40:28,Bristol,Fox/badger tick,Ixodes canisuga,51.42430723064106,-2.6172506888287264
CRVnFBHoIPSirfmZqBwO,2015-05-22T02:24:58,London,Fox/badger tick,Ixodes canisuga,51.48924331772105,-0.1252979464990882
mJZpaHehPvBpDzc696Tg,2018-07-06T15:09:17,Sheffield,Marsh tick,Ixodes apronophorus,53.40829071542632,-1.4955612903470472
Jw6921YckWOYdE7UfGcL,2022-08-19T01:26:28,London,Fox/badger tick,Ixodes canisuga,51.515965999249026,-0.12638798186097316
w84T6NqwXmKYivpEG69J,2023-07-08T10:06:26,Manchester,Tree-hole tick,Ixodes arboricola,53.5131186333142,-2.2620699857527327
oPsSEOUH8TCt29bdUHzp,2020-12-11T21:36:33,Leicester,Southern rodent tick,Ixodes acuminatus,52.62955355191439,-1.1196863909198358
7m41XvCHtxrkq7yhOz0u,2016-02-25T06:35:51,Sheffield,Fox/badger tick,Ixodes canisuga,53.37012658206143,-1.4556900197873186
0t6DXz0QgOMjSKqCST8J,2021-12-26T06:52:07,Birmingham,Passerine tick,Dermacentor frontalis,52.46061505041521,-1.9026320183147316
7oUykby0KgASEuB7HmsC,2021-10-29T19:02:08,Southampton,Tree-hole tick,Ixodes arboricola,50.87159728854154,-1.4286946382346815
Mcrlh030OZw5VWdI8UdZ,2020-12-19T20:37:20,Edinburgh,Fox/badger tick,Ixodes canisuga,55.909786517928936,-3.1803230440179373
3vPvL7YSxqalOZ0PRNAF,2018-02-25T00:06:31,London,Southern rodent tick,Ixodes acuminatus,51.51854233744406,-0.15439279675171055
FNCmzOzdzo2WlgRvAYJF,2019-10-03T00:06:21,Leicester,Southern rodent tick,Ixodes acuminatus,52.60287521570508,-1.096445653436371
KUVmFKOfx42CJt31m7bA,2019-04-01T01:04:58,Sheffield,Passerine tick,Dermacentor frontalis,53.39114448601276,-1.4830360181915867
cIVwSzPKINvTbcm2XV98,2020-05-03T12:56:44,Birmingham,Passerine tick,Dermacentor frontalis,52.45645139320306,-1.912156766975597
0YAF6rRZ8QL8n47OGxcJ,2019-01-30T07:47:29,Liverpool,Southern rodent tick,Ixodes acuminatus,53.384148402077294,-2.951956322255595
dbLMb8VShDS9UXQK3wjc,2024-02-22T08:01:16,Cardiff,Marsh tick,Ixodes apronophorus,51.529139755944584,-3.1983911474333753
xMOyvUx9wwAWaGTsEyGz,2012-02-04T19:59:04,Liverpool,Southern rodent tick,Ixodes acuminatus,53.408242597652524,-2.9596437551649375
odYmefUrOwFcGraN2dmt,2019-06-27T01:17:53,Cardiff,Southern rodent tick,Ixodes acuminatus,51.469970917357465,-3.165747693282954
ZeFKViV8tskTtoGYEe60,2012-08-28T11:25:59,Southampton,Fox/badger tick,Ixodes canisuga,50.9591278176465,-1.4515581959455073
ecEd2z4RwHEJJum4wHOo,2013-01-05T13:44:03,Glasgow,Passerine tick,Dermacentor frontalis,55.839538248958604,-4.272894842381739
fND8oqrdassrPfr7WTCR,2024-08-20T22:52:13,Glasgow,Passerine tick,Dermacentor frontalis,55.82925285967768,-4.234684326279874
tokLHXxPfNoK00he3JUy,2018-10-28T10:31:48,Manchester,Southern rodent tick,Ixodes acuminatus,53.49013742759019,-2.237942403442238
Sc0iHJgbZdEI5pVLq25I,2017-09-10T15:22:21,Liverpool,Tree-hole tick,Ixodes arboricola,53.39313627046843,-2.9687151257537217
8yTkS1PSkdwgzh1ZCTKK,2021-09-19T16:37:07,Southampton,Tree-hole tick,Ixodes arboricola,50.907793142462616,-1.3992877463170075
sS5cVSVYaqjMAhorU46A,2020-08-02T06:02:01,Birmingham,Tree-hole tick,Ixodes arboricola,52.476675349143754,-1.8629561607418603
JIpX177KvaSfIj0TY7iR,2024-09-28T07:08:08,London,Fox/badger tick,Ixodes canisuga,51.507594973472166,-0.1629924913236491
HuZ8omEvqmsv7DtA7uYR,2023-07-21T10:39:28,Leicester,Marsh tick,Ixodes apronophorus,52.60789022183021,-1.0896595634229946
Q3TuHAQSLgkc8v41PA2w,2023-05-17T11:54:49,Nottingham,Marsh tick,Ixodes apronophorus,52.97562179977432,-1.1451715418874429
bHRuSRQQzl4Cg0yYcEiC,2024-02-06T05:06:28,Liverpool,Passerine tick,Dermacentor frontalis,53.3545131539217,-3.005547418283222
PDIAFN2zMkrkA1CPELRH,2016-05-07T18:26:03,Nottingham,Southern rodent tick,Ixodes acuminatus,52.9315201752627,-1.1586768587282257
pZeAF7lridLL0Yqr1iEP,2013-04-17T04:22:47,Leeds,Passerine tick,Dermacentor frontalis,53.77560415056234,-1.534248982550746
Cwbsm7HBoaXS7sArujWB,2017-12-27T08:51:05,Sheffield,Passerine tick,Dermacentor frontalis,53.40717540827093,-1.436622795802587
gLxMbOJPFUJA5CDErIXf,2016-05-16T08:17:46,Newcastle,Passerine tick,Dermacentor frontalis,54.95068849919708,-1.5815253948774974
LTnH2QcOJfn4KPBKKsYB,2015-07-21T10:41:00,Liverpool,Passerine tick,Dermacentor frontalis,53.40252680472688,-3.0329308583380863
RKKviq68whgZqyzu1DWf,2018-02-13T00:20:23,Manchester,Southern rodent tick,Ixodes acuminatus,53.510875886612645,-2.222912580074811
VUUvfoUTHmJei6sDcyu9,2019-06-15T21:54:47,Bristol,Passerine tick,Dermacentor frontalis,51.44569802689764,-2.5450889787829207
Y6FgBIJdg0lr9gjnvj5z,2022-08-13T07:01:32,Birmingham,Marsh tick,Ixodes apronophorus,52.50964975178763,-1.8598809152190943
NmJMyfl2AhO9fHteFTBC,2015-03-05T17:58:29,Nottingham,Passerine tick,Dermacentor frontalis,52.925010855635925,-1.1074415754588949
4roCxtIrNuW2SERVIKTL,2015-07-04T00:47:36,Birmingham,Fox/badger tick,Ixodes canisuga,52.45808141788047,-1.9047420716072752
RR2RX7hOgpedaIRrf7g9,2023-01-17T09:29:06,London,Tree-hole tick,Ixodes arboricola,51.54180942573385,-0.11705715193375738
0L5BVSzmm898d1JCBaVB,2023-07-20T21:30:11,Nottingham,Passerine tick,Dermacentor frontalis,52.94792584527058,-1.1253717842478514
G4mB10cbrvTbwgGHc3xQ,2020-11-05T08:09:09,Liverpool,Southern rodent tick,Ixodes acuminatus,53.38899696680104,-2.939216591898397
f64PnB4dtR23Nxp67VR2,2019-09-25T13:59:52,Nottingham,Passerine tick,Dermacentor frontalis,52.97326828174919,-1.1281492808472244
0PPxLMBVzgqsoA8ExrkR,2022-02-03T15:49:52,Sheffield,Fox/badger tick,Ixodes canisuga,53.344602530489205,-1.5076040757821092
FTBzIQ0udjgVPH0a7vZG,2012-06-04T04:49:40,Nottingham,Passerine tick,Dermacentor frontalis,52.9146743605941,-1.1418263367369603
ugzxj8porcW6Y20NuCIe,2013-02-27T15:57:07,Nottingham,Southern rodent tick,Ixodes acuminatus,52.98991988317873,-1.159374068299801
PKTNTwQChc3ftjBnDHZu,2016-07-27T04:43:31,Liverpool,Marsh tick,Ixodes apronophorus,53.41455854871488,-3.003354750880572
okXN6rgciNCfndicZntB,2012-09-01T00:11:36,London,Passerine tick,Dermacentor frontalis,51.55503450067579,-0.11315272059800181
ZxZErv884fSgqrXnyVCU,2020-11-08T01:01:38,Birmingham,Southern rodent tick,Ixodes acuminatus,52.532092942204294,-1.918727368958125
NIIjGEngmmmxjQVuI12A,2015-05-02T01:53:53,Southampton,Marsh tick,Ixodes apronophorus,50.92809864504004,-1.4039683138011698
Wr4bV3Re1zGCLmZTUiwb,2021-07-01T06:03:24,Sheffield,Marsh tick,Ixodes apronophorus,53.42812289150129,-1.4740893356733835
Cwbsm7HBoaXS7sArujWB,2017-12-27T08:51:05,Sheffield,Passerine tick,Dermacentor frontalis,53.35531840130263,-1.438482636679581
EyCsXBBNAjzSGGTRVpjt,2013-12-23T19:30:23,Newcastle,Tree-hole tick,Ixodes arboricola,54.93245682799917,-1.5836914759125822
AiSNMSlxbrNWPX116Jve,2018-12-07T11:52:18,Bristol,Tree-hole tick,Ixodes arboricola,51.462478763245954,-2.559765348883993
XF6pUxX7Wkw2WfzRAO7s,2017-07-14T05:18:47,Birmingham,Passerine tick,Dermacentor frontalis,52.524030408321735,-1.849999392676142
sItHisGbG7Wr2VRijce5,2020-04-19T11:18:10,Glasgow,Passerine tick,Dermacentor frontalis,55.852172025156825,-4.259195895550995
Ff1JYByXmaS8VRxvw7bP,2022-01-07T11:45:56,Leicester,Marsh tick,Ixodes apronophorus,52.63402397375569,-1.1828787126876206
BMgmni67ZqlwIV7kUQiW,2016-04-28T23:46:28,Newcastle,Fox/badger tick,Ixodes canisuga,55.00235541422275,-1.6091043123948303
8SiJAWFQ04yYi7ThreGF,2022-11-17T21:26:27,Liverpool,Southern rodent tick,Ixodes acuminatus,53.44922863344927,-3.032008485457731
21YeuUkAlXgWklaq0Oeb,2021-03-07T19:08:07,Bristol,Southern rodent tick,Ixodes acuminatus,51.450649819277444,-2.5555630740848994
PcybtjIc0yK4JwE1RHcc,2014-12-06T23:27:34,Sheffield,Passerine tick,Dermacentor frontalis,53.407274555824564,-1.4244569405185064
d7z42BQsSfeeyt6dCn3f,2020-11-26T06:32:00,Liverpool,Marsh tick,Ixodes apronophorus,53.39925451963765,-2.9657088664531277
IplJ1E4rnwfDjFP5M9bD,2024-01-06T12:43:33,Edinburgh,Southern rodent tick,Ixodes acuminatus,55.95979215258779,-3.1574982517092987
EyCsXBBNAjzSGGTRVpjt,2013-12-23T19:30:23,Newcastle,Tree-hole tick,Ixodes arboricola,54.93377118987504,-1.6019184405851425
05349NmKTyfUhYKZNNH0,2015-03-17T09:10:25,Glasgow,Passerine tick,Dermacentor frontalis,55.827129336477576,-4.257976311974875
KUVmFKOfx42CJt31m7bA,2019-04-01T01:04:58,Sheffield,Passerine tick,Dermacentor frontalis,53.412216670966735,-1.4651610353039184
Sc0iHJgbZdEI5pVLq25I,2017-09-10T15:22:21,Liverpool,Tree-hole tick,Ixodes arboricola,53.41557988455959,-2.948995557949266
nrLSTjahy0VmHlUIlxMA,2015-06-01T00:12:09,Birmingham,Tree-hole tick,Ixodes arboricola,52.49681127962725,-1.8945482052646088
g8ACvfJ9Zv4CnfvNWG9F,2019-05-12T00:30:51,London,Passerine tick,Dermacentor frontalis,51.529437221957195,-0.09396317206204187
lGMFSErS6WoC1aJWjvCj,2020-11-29T03:08:49,London,Tree-hole tick,Ixodes arboricola,51.554177103909595,-0.0729939377855022
ziniFOq3yOlOQFNcItlz,2017-11-02T00:45:28,London,Fox/badger tick,Ixodes canisuga,51.535672849763436,-0.08332317181661668
efM3hIfRiOzVSZwrPS0m,2017-09-29T13:58:38,Newcastle,Passerine tick,Dermacentor frontalis,54.96892480302168,-1.6062128982392725
e6rsfodIkBtQQH4e2BiD,2013-02-14T06:01:21,Newcastle,Southern rodent tick,Ixodes acuminatus,55.00198614935358,-1.558977180395012
Jt2CeNQ3CtChMVbKPn9o,2022-03-04T20:21:35,Nottingham,Passerine tick,Dermacentor frontalis,52.93265990762695,-1.192412334970285
e6tbRIFyltMoBxLXMX90,2013-12-23T16:17:08,London,Fox/badger tick,Ixodes canisuga,51.53533738051726,-0.13134866850408963
KyehuPQ9lKI3yBat64Ey,2018-09-13T03:31:43,Leeds,Tree-hole tick,Ixodes arboricola,53.76770619527094,-1.5780785593552764
Am0gFpS5FFgjvZwLNB1W,2015-02-07T23:51:30,Leeds,Passerine tick,Dermacentor frontalis,53.77084627744848,-1.5502802930463604
xk7TJbO7rgv3gYbV70TK,2022-04-04T10:17:02,London,Marsh tick,Ixodes apronophorus,51.50950434109411,-0.11649107451179203
K18kLiOzBySntKFvA4Es,2013-10-03T23:25:41,Sheffield,Passerine tick,Dermacentor frontalis,53.430083404014646,-1.445940732714089
FW0BpQTHFcnzB2WVYl6k,2017-08-23T15:41:18,Southampton,Tree-hole tick,Ixodes arboricola,50.943553023251596,-1.4170515762686313
svrsl3BKnqOd7u52c7fk,2021-02-19T15:33:12,Leicester,Southern rodent tick,Ixodes acuminatus,52.63830456051224,-1.1414814980019874
BSNcTK5vwatLS1Na31tE,2023-01-09T11:43:17,Cardiff,Marsh tick,Ixodes apronophorus,51.47234818303819,-3.1401301085334348
CL0xiYDZIjJLpMDJOe2V,2014-08-14T23:46:15,Liverpool,Tree-hole tick,Ixodes arboricola,53.408393498040006,-3.0135634204552924
ZzTrsTXOlqLadvTAVVSH,2022-03-15T16:29:13,Manchester,Passerine tick,Dermacentor frontalis,53.45690152494596,-2.223736106914396
HkhkMq9yolI7T8y8QgIV,2015-05-09T06:41:08,Cardiff,Tree-hole tick,Ixodes arboricola,51.48634363022222,-3.167710955882585
ZzTrsTXOlqLadvTAVVSH,2022-03-15T16:29:13,Manchester,Passerine tick,Dermacentor frontalis,53.47310152857747,-2.220461910376623
AoYEPQnOL8XSrFWnTvYP,2024-12-28T06:01:52,Birmingham,Southern rodent tick,Ixodes acuminatus,52.48815860928616,-1.8552740011416684
GwrOAmoayat6xREa6tS1,2023-02-06T08:58:44,London,Southern rodent tick,Ixodes acuminatus,51.53001605718247,-0.07053620969374856
WLoKQlCc6jXzjvp9cz4P,2020-12-17T02:08:00,Southampton,Fox/badger tick,Ixodes canisuga,50.89765407279934,-1.4491370812444768
rGUhbOR39ZE9fdVf3lws,2016-03-14T15:34:09,London,Fox/badger tick,Ixodes canisuga,51.55030549130454,-0.1285411547266942
AiYCxGryVjZftdUsw7yl,2023-03-14T20:26:58,London,Passerine tick,Dermacentor frontalis,51.46283507447855,-0.0756166302230781
f9hVgw8yNbpXpx2mm0HE,2013-09-10T00:51:31,Nottingham,Fox/badger tick,Ixodes canisuga,52.93552162313389,-1.1523120123647292
3XY7jBZDKFZGsTjy72Hw,2019-10-23T20:15:01,Nottingham,Tree-hole tick,Ixodes arboricola,52.97399896147804,-1.169626403991162
drelGkBlZdCbBt2yGJ7U,2020-03-04T23:01:37,Cardiff,Fox/badger tick,Ixodes canisuga,51.52506559862773,-3.2097415954913817
SEGSVWw1s0YzqsAjCbyj,2021-09-23T21:41:48,Edinburgh,Marsh tick,Ixodes apronophorus,55.94541147715405,-3.172912975324834
lDGKgtzpyXA5ZUvuyNQK,2012-04-17T21:09:23,Southampton,Tree-hole tick,Ixodes arboricola,50.95525812751983,-1.376625111165134
iht6SCzQQ3q3rwHjWT8u,2018-01-04T08:17:22,Leicester,Tree-hole tick,Ixodes arboricola,52.62455538118285,-1.1723584377214455
R9HFV3dddlm6f9BtdAIo,2018-07-19T10:55:53,Manchester,Tree-hole tick,Ixodes arboricola,53.53095764954642,-2.210115633836268
1q1Z4pXssarDS2T1WhLp,2013-12-08T02:22:51,Cardiff,Passerine tick,Dermacentor frontalis,51.48502282692272,-3.2216563267927283
jKTS9eHmmpXHrenEEHPH,2019-06-13T22:12:27,Manchester,Tree-hole tick,Ixodes arboricola,53.48416088641342,-2.2003789354597814
dbLMb8VShDS9UXQK3wjc,2024-02-22T08:01:16,Cardiff,Marsh tick,Ixodes apronophorus,51.47636214798427,-3.204984935944997
MY4lwoNR7cDBQm8SBbR5,2022-08-31T07:56:35,Glasgow,Fox/badger tick,Ixodes canisuga,55.89310217271385,-4.24278644688523
yWraib2Zv9siRlzVdChS,2021-08-05T04:45:55,London,Southern rodent tick,Ixodes acuminatus,51.50685782608179,-0.13010247851661177
NIH4Qn6JNwgArvgpKVdw,2014-07-06T08:26:48,Nottingham,Marsh tick,Ixodes apronophorus,52.98723617394762,-1.1326278781532757
8xX7IDgDPBkMukgrfqwA,2017-06-25T13:55:23,Birmingham,Passerine tick,Dermacentor frontalis,52.4497496523474,-1.895315343972413
bHRuSRQQzl4Cg0yYcEiC,2024-02-06T05:06:28,Liverpool,Passerine tick,Dermacentor frontalis,53.40986632006981,-2.9722955974664553
Rxxb163HwD4KgxBRb7CJ,2023-02-18T09:17:17,Leeds,Passerine tick,Dermacentor frontalis,53.7913222808574,-1.5888953771499523
FEWLK58rdfFYOqjygvvL,2015-12-18T05:46:08,Birmingham,Southern rodent tick,Ixodes acuminatus,52.469334607324505,-1.8500070224795226
nPvkj6pbQuRBEyTkwHfd,2017-02-23T18:02:08,Leeds,Southern rodent tick,Ixodes acuminatus,53.81368713828828,-1.5904376583461834
JlYJCYtGgXG5PPVCV7Ts,2020-02-16T00:52:40,Edinburgh,Fox/badger tick,Ixodes canisuga,55.949350867417664,-3.152487501330514
P7lEgevWcyf4f8gGFxIA,2013-09-22T16:29:54,Newcastle,Tree-hole tick,Ixodes arboricola,54.99154693215692,-1.6422275410683116
EbkMbuA8WlixZUUFGXaj,2015-08-07T08:51:49,Leeds,Fox/badger tick,Ixodes canisuga,53.79530803530371,-1.5153664346823559
mlaoEgkf4u4ekmG2HtmA,2016-12-21T05:59:55,Bristol,Fox/badger tick,Ixodes canisuga,51.47761911908294,-2.5766555764238275
Zt3sufhZaf1NIZk8FBun,2019-03-17T08:28:51,Bristol,Passerine tick,Dermacentor frontalis,51.43200907285146,-2.556838621406435
rGUhbOR39ZE9fdVf3lws,2016-03-14T15:34:09,London,Fox/badger tick,Ixodes canisuga,51.51480808891278,-0.11817684797126177
N8JDqnSG1zArbBhaRTrH,2021-02-05T15:32:57,Newcastle,Fox/badger tick,Ixodes canisuga,54.9860444571309,-1.5891057374862636
T7h6w44ZUuPHTVUiC3aw,2021-09-18T20:32:54,Newcastle,Fox/badger tick,Ixodes canisuga,54.947511418920286,-1.6146412304804416
641TKZaZ7oGv90DIHowL,2018-02-09T12:40:57,Nottingham,Fox/badger tick,Ixodes canisuga,52.998369061959615,-1.1218482855376128
SzwbBFGbaImV0T4LW2rG,2024-07-05T06:44:51,Southampton,Marsh tick,Ixodes apronophorus,50.94839148505452,-1.3626696364229618
LTwgWNfUoL7pkD5vV627,2015-08-27T14:06:51,Southampton,Passerine tick,Dermacentor frontalis,50.8967680089322,-1.4136694849602143
bY1I3QNBY15iTH6X5JSy,2021-10-12T16:53:08,Bristol,Fox/badger tick,Ixodes canisuga,51.42537233421703,-2.549371162959099
K18kLiOzBySntKFvA4Es,2013-10-03T23:25:41,Sheffield,Passerine tick,Dermacentor frontalis,53.36717786104113,-1.495477169880033
KyehuPQ9lKI3yBat64Ey,2018-09-13T03:31:43,Leeds,Tree-hole tick,Ixodes arboricola,53.76284348065666,-1.5976910859111118
3EhiuZeS21dXpMZTNJEq,2019-10-15T04:19:36,Glasgow,Passerine tick,Dermacentor frontalis,55.879342889557286,-4.232186968620224
HL4FsTeEhn3qhvK0N3kM,2019-11-19T13:19:46,Cardiff,Tree-hole tick,Ixodes arboricola,51.4419624120707,-3.1376370013599586
nPxD6vkpmUBrFC6aM4AX,2015-06-02T04:19:29,London,Southern rodent tick,Ixodes acuminatus,51.555944261007966,-0.13329088460193264
dbLMb8VShDS9UXQK3wjc,2024-02-22T08:01:16,Cardiff,Marsh tick,Ixodes apronophorus,51.446219271538844,-3.204995779562539
uGo5oUs6YsfZC5dOJ2GZ,2012-10-02T11:21:14,Southampton,Tree-hole tick,Ixodes arboricola,50.914705355808515,-1.3602087554877955
c7OwRKYAfAuI3piSwG42,2022-12-16T01:26:07,Leicester,Passerine tick,Dermacentor frontalis,52.67387341626085,-1.0929124204216891
DawlnIjY3mjPVDwMfoOa,2016-05-01T23:34:37,Cardiff,Passerine tick,Dermacentor frontalis,51.441145937053705,-3.1788546243479097
2aJ0Nbp40AA37xTH3eWb,2023-03-01T07:21:43,Birmingham,Southern rodent tick,Ixodes acuminatus,52.488101119207386,-1.8770529915127534
pzFGoT55ULEseJLcZreF,2024-05-23T17:05:22,Glasgow,Marsh tick,Ixodes apronophorus,55.87653655950977,-4.238673058529956
rGUhbOR39ZE9fdVf3lws,2016-03-14T15:34:09,London,Fox/badger tick,Ixodes canisuga,51.485565993823684,-0.11905842692631839
KxkGFf6K9ZPWR7zHZCS7,2015-01-28T06:57:30,Liverpool,Fox/badger tick,Ixodes canisuga,53.40956493963773,-2.9344150784188052
2574jc4mgnVIP5yGDgmQ,2015-09-19T18:50:13,Southampton,Passerine tick,Dermacentor frontalis,50.950701770953884,-1.4209412687365726
E5k9w2Y2c7UeHb3Mr6Ft,2013-03-22T21:08:51,Bristol,Marsh tick,Ixodes apronophorus,51.485824055499336,-2.610807503345591
tokLHXxPfNoK00he3JUy,2018-10-28T10:31:48,Manchester,Southern rodent tick,Ixodes acuminatus,53.52297674436553,-2.263458947382918
lx2sgBk7u3C6Y3SJ7nP8,2021-02-28T01:36:06,Birmingham,Tree-hole tick,Ixodes arboricola,52.47631701520463,-1.910454155972566
h8Qd91ekoF5XzmX3zEZI,2023-02-16T00:36:27,London,Southern rodent tick,Ixodes acuminatus,51.53767234589609,-0.10233573745561746
bocX9wijAxDqtLnTJwQe,2023-11-07T08:21:48,Liverpool,Passerine tick,Dermacentor frontalis,53.36579173742192,-2.9718901077728184
Z1UTXtiivybt9Ox5vBka,2015-08-03T00:40:10,Sheffield,Fox/badger tick,Ixodes canisuga,53.38785789404826,-1.4336582931447028
0PPxLMBVzgqsoA8ExrkR,2022-02-03T15:49:52,Sheffield,Fox/badger tick,Ixodes canisuga,53.431196048988035,-1.443793832118438
jvNRAmvwl6r2bxwuiCD2,2023-09-09T03:03:47,Cardiff,Tree-hole tick,Ixodes arboricola,51.46535114970108,-3.216992556474099
zhNgy66ZydWrS15fuZJt,2017-04-02T05:03:53,Leeds,Southern rodent tick,Ixodes acuminatus,53.81186516338914,-1.5788827200894224
4XlbZB98NFfaIaZS1sdR,2020-08-19T12:07:08,Leicester,Southern rodent tick,Ixodes acuminatus,52.67391729132572,-1.1206423380667871
HDzq1TQLJuUCARD2J3gG,2017-06-28T02:20:14,Newcastle,Marsh tick,Ixodes apronophorus,54.95564421006637,-1.560592972142904
HlwX1As41KVOnWAkXheg,2022-02-20T17:49:07,Cardiff,Southern rodent tick,Ixodes acuminatus,51.4707571937212,-3.1794042061535643
wl8KioHl4ALDTsb6Qbp6,2020-10-23T17:48:56,Edinburgh,Fox/badger tick,Ixodes canisuga,55.953934529423016,-3.1471968420898997
sS5cVSVYaqjMAhorU46A,2020-08-02T06:02:01,Birmingham,Tree-hole tick,Ixodes arboricola,52.47791918912019,-1.945850100102944
SUzL86fTG7KMrympCsGE,2021-04-25T15:36:14,Cardiff,Passerine tick,Dermacentor frontalis,51.43403211228426,-3.1784769012168823
oZwDASwDKwiSzQqcPUg9,2014-07-08T04:48:34,Newcastle,Marsh tick,Ixodes apronophorus,54.95211364283339,-1.55377386730338
b062APnJGuqXoQRg9yf1,2021-12-23T22:19:54,Nottingham,Southern rodent tick,Ixodes acuminatus,52.96105611657271,-1.1771610192872366
IWkIdJFsPjd9E990hs0M,2023-08-08T23:36:14,London,Tree-hole tick,Ixodes arboricola,51.46579152462814,-0.14528114415609406
yAKixTA80BHN1JCZ7iVM,2021-04-23T02:05:48,London,Fox/badger tick,Ixodes canisuga,51.46189831183674,-0.08853650451070814
DgHIEsdCLxR16wSy3zZO,2015-02-27T23:23:08,Glasgow,Marsh tick,Ixodes apronophorus,55.831884853254614,-4.255499694772669
BtrPnLEY7xWvohDwUV8U,2023-12-05T01:41:05,Edinburgh,Passerine tick,Dermacentor frontalis,55.99896167389019,-3.141454216724384
EyCsXBBNAjzSGGTRVpjt,2013-12-23T19:30:23,Newcastle,Tree-hole tick,Ixodes arboricola,54.917748852533165,-1.5742858684498218
SbIuGoEWGy7G35098F4E,2012-02-16T21:40:11,Leeds,Marsh tick,Ixodes apronophorus,53.760790327287694,-1.578338904844374
dhnSu6bGaRyqAR1Efynt,2023-02-19T10:57:13,Leicester,Marsh tick,Ixodes apronophorus,52.616241840488016,-1.1347751545696108
C26VHMqkZeDApDgxvRxM,2021-03-30T06:26:22,Edinburgh,Marsh tick,Ixodes apronophorus,55.96234612470102,-3.141279285898547
tokLHXxPfNoK00he3JUy,2018-10-28T10:31:48,Manchester,Southern rodent tick,Ixodes acuminatus,53.49908997571511,-2.2023799346269897
CRVnFBHoIPSirfmZqBwO,2015-05-22T02:24:58,London,Fox/badger tick,Ixodes canisuga,51.5001412002001,-0.14160494002815116
f9hVgw8yNbpXpx2mm0HE,2013-09-10T00:51:31,Nottingham,Fox/badger tick,Ixodes canisuga,52.99378381471705,-1.1785597668514516
DFosZYapObv5xw6zVp70,2024-10-08T09:02:11,Nottingham,Marsh tick,Ixodes apronophorus,52.92297774826619,-1.1504557579030756
wl8KioHl4ALDTsb6Qbp6,2020-10-23T17:48:56,Edinburgh,Fox/badger tick,Ixodes canisuga,55.9287718959934,-3.237099742064722
g741PfqbJ5ovgBDapSLz,2016-05-03T10:34:25,Edinburgh,Fox/badger tick,Ixodes canisuga,55.930742453098915,-3.211516854629313
BtrPnLEY7xWvohDwUV8U,2023-12-05T01:41:05,Edinburgh,Passerine tick,Dermacentor frontalis,55.9408823489495,-3.236339172306864
y7Ib4N0mWpXKe4HQBgab,2018-08-24T01:25:14,Nottingham,Southern rodent tick,Ixodes acuminatus,52.99602363503875,-1.1218089343648934
8NABLMK5ofNxkd15JhBo,2012-03-19T11:26:34,Leicester,Tree-hole tick,Ixodes arboricola,52.6034446416575,-1.1518834820774486
Q2GQId7YuGQcsiDckc9x,2015-10-31T21:44:04,Birmingham,Fox/badger tick,Ixodes canisuga,52.47512085315217,-1.9061477173836638
dVTCmfGlJhgSEsPgJHRN,2024-08-22T06:11:08,Southampton,Fox/badger tick,Ixodes canisuga,50.89728739586934,-1.373573341165921
xCn6dLnxzD5v5PiYPorL,2013-02-12T08:47:25,Sheffield,Tree-hole tick,Ixodes arboricola,53.39464128411526,-1.4236565576874072
p02kHlSDJdauo5dAPlC2,2016-12-19T09:01:48,Sheffield,Fox/badger tick,Ixodes canisuga,53.363998410570844,-1.4318175143289653
hQL5KLQZoLV9Dk69QLMA,2018-01-22T06:05:29,Cardiff,Southern rodent tick,Ixodes acuminatus,51.47680505863549,-3.1310939500459334
FgKVi70vRyCuyER9kZWT,2016-10-07T22:28:07,Southampton,Tree-hole tick,Ixodes arboricola,50.95113293622704,-1.4250620846934252
s1Nr2wF0iX8UsCsJqFTX,2021-02-20T04:30:28,Liverpool,Fox/badger tick,Ixodes canisuga,53.38549799561829,-2.9580041693266645
7ymlbFjZ8KBHBsOmkEsh,2012-03-09T04:01:56,Southampton,Tree-hole tick,Ixodes arboricola,50.90626934204379,-1.3714338260972287
Qja61JLngwkuAxn62eXE,2015-12-05T06:49:20,Leeds,Passerine tick,Dermacentor frontalis,53.77927343176627,-1.5966772972602445
Hl56tj9pHF0KxoORz0uz,2024-03-30T20:29:12,Liverpool,Tree-hole tick,Ixodes arboricola,53.39495126165468,-2.9356684949053364
WTchOPSD8sGZ8hJiwBBR,2014-01-30T09:52:48,Sheffield,Marsh tick,Ixodes apronophorus,53.39457423330805,-1.4974977714512179
pwIyJRMLVjGAGweOsVY7,2024-01-07T08:30:08,Sheffield,Tree-hole tick,Ixodes arboricola,53.34306486712296,-1.513869615962912
o8sR0qTgLkDo3YisGYVD,2013-03-01T15:58:41,Edinburgh,Passerine tick,Dermacentor frontalis,55.95859864514217,-3.196873352505431
PvnBfdp00ggOFB4S47E2,2022-07-18T01:42:14,Bristol,Marsh tick,Ixodes apronophorus,51.45227659848955,-2.540525240091197
1jg81lcxSkVHqe7MXBF7,2013-04-17T19:43:42,Southampton,Fox/badger tick,Ixodes canisuga,50.8822790386266,-1.387796492786423
AWfSPr8mee4CQR8URsVD,2018-02-08T01:12:07,Manchester,Marsh tick,Ixodes apronophorus,53.49528958682608,-2.2484612712313012
iLk7GhtTSEaZz80L269k,2023-01-02T08:29:53,London,Southern rodent tick,Ixodes acuminatus,51.51991513631657,-0.10851894825036378
RSocILpYMa6IG7DJDdSE,2018-11-19T07:53:07,Birmingham,Tree-hole tick,Ixodes arboricola,52.50207240412465,-1.8955251815424154
tlmtfB9XPgXGVEibnc7W,2015-04-18T05:12:13,Birmingham,Southern rodent tick,Ixodes acuminatus,52.486417026872495,-1.8580302765839747
8YAtzndoIpF2ZurbVyK8,2016-09-29T19:36:57,Newcastle,Marsh tick,Ixodes apronophorus,55.00497676514449,-1.5680224172042354
mqfnRVwajySN0tmwk47o,2012-04-04T04:51:45,Newcastle,Fox/badger tick,Ixodes canisuga,54.988930503598404,-1.5980300293769303
Zt3sufhZaf1NIZk8FBun,2019-03-17T08:28:51,Bristol,Passerine tick,Dermacentor frontalis,51.46172230067549,-2.542590407768994
oA4D9dQUBh4xImV86bRI,2016-03-08T03:57:06,Birmingham,Passerine tick,Dermacentor frontalis,52.44101453299238,-1.9364806545458124
pamJV7YjFwozdo1FB6eL,2012-03-21T03:28:17,London,Southern rodent tick,Ixodes acuminatus,51.46368550081793,-0.0745054535075653
nzAt9IY31jSDg3z2rHca,2015-07-10T00:15:17,Glasgow,Marsh tick,Ixodes apronophorus,55.8704776009909,-4.279487078695067
MfEzuLHlq911ndw9WlmL,2018-06-27T10:58:52,Birmingham,Passerine tick,Dermacentor frontalis,52.526739831260265,-1.899517017821771
vHLNBrXjRoaIzZOhmbr4,2021-09-09T17:00:29,Bristol,Marsh tick,Ixodes apronophorus,51.438476801521695,-2.607469172987326
dE7Vs9WaVRjQNA6T9rEl,2019-05-17T16:33:45,Edinburgh,Marsh tick,Ixodes apronophorus,55.97592866874311,-3.1554733289384616
9Rz2vmcBSPcSDPFmyozl,2024-08-04T08:11:41,Glasgow,Passerine tick,Dermacentor frontalis,55.81512175243979,-4.21797277162699
mOMdnLwXSFYV3Hhx1lpj,2019-09-28T10:00:48,Glasgow,Passerine tick,Dermacentor frontalis,55.84338612238823,-4.214451923115534
9gkZh8PpOMnklKoHaq7F,2018-07-25T00:41:17,Sheffield,Southern rodent tick,Ixodes acuminatus,53.409090549445594,-1.4261166687148499
hQL5KLQZoLV9Dk69QLMA,2018-01-22T06:05:29,Cardiff,Southern rodent tick,Ixodes acuminatus,51.47512796715142,-3.1351332643215946
Jt2CeNQ3CtChMVbKPn9o,2022-03-04T20:21:35,Nottingham,Passerine tick,Dermacentor frontalis,52.9661025851225,-1.1164466881361004
S8DntEv5IcovpGUW8mvz,2015-02-07T19:35:57,Leicester,Tree-hole tick,Ixodes arboricola,52.597960427851866,-1.0890149141244114
6BgeW0SeM37jZNYrzzHd,2015-04-08T07:26:58,Glasgow,Marsh tick,Ixodes apronophorus,55.864062741271646,-4.2327690251202394
A8rTatyF5W8IQkgvFNMG,2014-07-31T09:14:28,Nottingham,Tree-hole tick,Ixodes arboricola,52.924016784932824,-1.1727732408809401
shJ4n1xW7ozxVkvwEEkq,2021-11-02T21:50:01,Liverpool,Southern rodent tick,Ixodes acuminatus,53.396953583364585,-3.0007671199850723
h8Qd91ekoF5XzmX3zEZI,2023-02-16T00:36:27,London,Southern rodent tick,Ixodes acuminatus,51.51817104277343,-0.09367527681243727
KYpmerycUmIxrfQEfB0z,2021-03-13T01:03:21,Cardiff,Marsh tick,Ixodes apronophorus,51.48217999362935,-3.1312356904139635
Iq1ASgLNepeZGf0cy7HC,2022-02-13T20:48:00,Bristol,Passerine tick,Dermacentor frontalis,51.48657430018125,-2.5487001024449327
gMjI1QGSQ0fddeAYTFJc,2023-12-19T06:20:56,Bristol,Tree-hole tick,Ixodes arboricola,51.48887594702006,-2.5827695814804916
jcoTJTId7FNMQ9FzFmsj,2019-06-17T00:31:50,Sheffield,Southern rodent tick,Ixodes acuminatus,53.42807630342782,-1.4192413281373484
FC94cTxWqQB2Kd0bvzyx,2021-05-11T10:32:37,London,Passerine tick,Dermacentor frontalis,51.4831821858715,-0.13787815401581444
xk7TJbO7rgv3gYbV70TK,2022-04-04T10:17:02,London,Marsh tick,Ixodes apronophorus,51.483912951079034,-0.09529983442527364
oOGITwX7NdhwQpvM9zdh,2017-05-21T22:11:04,Birmingham,Passerine tick,Dermacentor frontalis,52.45905862525373,-1.8607792067419482
xmFkWgWYLtVoaD3reP4K,2022-01-23T01:00:55,Newcastle,Passerine tick,Dermacentor frontalis,54.91946539118297,-1.5996195192235847
czhlbDCviOsNpjbbKzXd,2012-10-04T18:17:06,Leeds,Fox/badger tick,Ixodes canisuga,53.75708008378422,-1.5552183260454284
CV36uy2FyopM3k0UF20F,2014-06-30T23:26:17,Edinburgh,Fox/badger tick,Ixodes canisuga,55.944573564770565,-3.179806763706
9RInLb9D9Vr6Dl0gq8rw,2012-02-04T22:47:40,Newcastle,Passerine tick,Dermacentor frontalis,55.003497715613335,-1.6006262148936643
SbkrKYCKt67JtyoaXO50,2024-05-17T01:38:19,Edinburgh,Passerine tick,Dermacentor frontalis,55.992531471282625,-3.2141072162540008
yRa7tagc5ddhKL9mOrdq,2017-11-08T05:14:51,Sheffield,Marsh tick,Ixodes apronophorus,53.398466166609055,-1.4533600702063247
EyCsXBBNAjzSGGTRVpjt,2013-12-23T19:30:23,Newcastle,Tree-hole tick,Ixodes arboricola,54.923298087012,-1.5810872995153349
SIa8in9RI3GBRNPvc7hP,2017-09-09T22:03:22,London,Marsh tick,Ixodes apronophorus,51.481921109283405,-0.15375248882884834
SUzL86fTG7KMrympCsGE,2021-04-25T15:36:14,Cardiff,Passerine tick,Dermacentor frontalis,51.43355737141181,-3.2194271237515526
w6J5IXRhUNu1e9BdoyTM,2015-09-23T05:34:25,Liverpool,Fox/badger tick,Ixodes canisuga,53.38955625747757,-3.0170944354484006
KyehuPQ9lKI3yBat64Ey,2018-09-13T03:31:43,Leeds,Tree-hole tick,Ixodes arboricola,53.766310641508944,-1.5388241619171796
at8DyTOxkvxoYPsAgp1x,2016-11-29T02:29:21,Manchester,Fox/badger tick,Ixodes canisuga,53.46067304639554,-2.223003323676624
K40qS0HJxOtoC9Sd9lry,2015-11-12T21:00:06,Nottingham,Southern rodent tick,Ixodes acuminatus,52.9249221512431,-1.132311952061047
BmZJHIdgDJnJgTXCJkVw,2018-05-31T12:31:39,Leicester,Fox/badger tick,Ixodes canisuga,52.67224776500042,-1.1138232958933745
drelGkBlZdCbBt2yGJ7U,2020-03-04T23:01:37,Cardiff,Fox/badger tick,Ixodes canisuga,51.44583018334493,-3.2123340150885564
95d6UcbocqaEIO52w10W,2017-07-27T03:16:45,Newcastle,Southern rodent tick,Ixodes acuminatus,54.96145695599489,-1.628146478648861
lvaCdJUZqExjsHrcwnku,2020-03-11T21:12:53,Liverpool,Tree-hole tick,Ixodes arboricola,53.42323503940841,-2.9863357068217486
JaqAzUFVgyQ5NEGgyM2j,2012-01-06T18:04:03,Birmingham,Passerine tick,Dermacentor frontalis,52.4545740817765,-1.8890367269009747
hPeGy6h2gz3emC6UycfC,2015-12-19T23:19:00,Nottingham,Southern rodent tick,Ixodes acuminatus,52.915162779734146,-1.1140245421449786
bjgCNFIrXiTJVF1uj1Px,2019-07-06T06:58:42,Liverpool,Southern rodent tick,Ixodes acuminatus,53.35234467366751,-2.9482003148766927
u6Ue44eJVDFLOcoU2EJB,2022-08-21T21:24:41,Cardiff,Southern rodent tick,Ixodes acuminatus,51.52763045980827,-3.1901910960522217
yRa7tagc5ddhKL9mOrdq,2017-11-08T05:14:51,Sheffield,Marsh tick,Ixodes apronophorus,53.349120270321194,-1.5051435932789086
GznDMUpuuOJAZOa0EJT5,2019-03-07T12:41:31,Sheffield,Southern rodent tick,Ixodes acuminatus,53.41064056063955,-1.5013764677794328
kTrBWIYmZOYCfwqaMgKI,2014-09-24T15:51:52,Southampton,Passerine tick,Dermacentor frontalis,50.887018162897235,-1.4218967313085182
3XY7jBZDKFZGsTjy72Hw,2019-10-23T20:15:01,Nottingham,Tree-hole tick,Ixodes arboricola,52.98806168347304,-1.1473685611542301
IG3l1a8oRJtvyPKF3rgO,2021-10-20T01:23:04,London,Marsh tick,Ixodes apronophorus,51.54857281789248,-0.07688701165341598
HDzq1TQLJuUCARD2J3gG,2017-06-28T02:20:14,Newcastle,Marsh tick,Ixodes apronophorus,54.95183534057042,-1.5830277824615469
efM3hIfRiOzVSZwrPS0m,2017-09-29T13:58:38,Newcastle,Passerine tick,Dermacentor frontalis,54.941466360587114,-1.5611026859366268
cIVwSzPKINvTbcm2XV98,2020-05-03T12:56:44,Birmingham,Passerine tick,Dermacentor frontalis,52.46666759037088,-1.9047423465593611
rlsolmQ3J0LQAnGBxQDK,2024-10-03T03:27:57,Leicester,Marsh tick,Ixodes apronophorus,52.637729403678236,-1.1391250984251062
YSPwzA0KXvOZBro3wEA3,2016-08-14T11:12:00,Nottingham,Marsh tick,Ixodes apronophorus,52.9899033939913,-1.1194071916404762
XF6pUxX7Wkw2WfzRAO7s,2017-07-14T05:18:47,Birmingham,Passerine tick,Dermacentor frontalis,52.47513067192344,-1.9040029017089963
YWLqmEEDwDA5cRTKCpPl,2018-01-05T13:41:31,London,Passerine tick,Dermacentor frontalis,51.494628813760535,-0.13176547162768162
tFVRiSzMnCJgVDqkJnAS,2021-09-02T12:23:36,Glasgow,Southern rodent tick,Ixodes acuminatus,55.88647781650497,-4.277572217817936
CXxFJtCAKdmbFXPlQE5q,2016-02-17T12:46:29,Manchester,Fox/badger tick,Ixodes canisuga,53.49455241370209,-2.281007567505129
4XlbZB98NFfaIaZS1sdR,2020-08-19T12:07:08,Leicester,Southern rodent tick,Ixodes acuminatus,52.68036440268678,-1.1620268628265442
MJs0uyrOMj0kcOftlmrO,2014-09-12T22:20:02,London,Fox/badger tick,Ixodes canisuga,51.53266978781767,-0.12849958806007866
sKrOiHFnlSeYLNjydBiO,2012-12-31T14:49:42,London,Tree-hole tick,Ixodes arboricola,51.47133174536504,-0.11648397633180196
K4Fs8p4nH7x9EUjm7sOe,2014-07-27T17:40:18,Liverpool,Southern rodent tick,Ixodes acuminatus,53.374777739165204,-2.9465929433954
gLawkwnqChU4VLprfJBK,2022-10-20T12:28:41,Birmingham,Passerine tick,Dermacentor frontalis,52.50112024579897,-1.8700027327929816
ktESvOuz4nE9Q11CeUj6,2023-05-17T18:58:31,Manchester,Marsh tick,Ixodes apronophorus,53.52271298329679,-2.293703975578025
PcybtjIc0yK4JwE1RHcc,2014-12-06T23:27:34,Sheffield,Passerine tick,Dermacentor frontalis,53.349960118942974,-1.5076875673505978
9Qvi7NJLHTbEip46s9Nv,2019-02-07T07:52:22,Manchester,Southern rodent tick,Ixodes acuminatus,53.48240111330171,-2.221468126589064
vxGUJOnT1EJfIJ9foKrK,2020-12-09T14:07:09,Cardiff,Marsh tick,Ixodes apronophorus,51.528524660241025,-3.15910030015739
1uSBJEH1JCknFpgNLKtZ,2017-01-25T18:18:51,Manchester,Southern rodent tick,Ixodes acuminatus,53.470847942552304,-2.226549084482514
9rActoXLFeIqJOyaA0qA,2021-03-14T04:09:23,Liverpool,Marsh tick,Ixodes apronophorus,53.38203212380002,-2.996308218524088
j6lpbYaHTkusLv3aPB3k,2016-02-26T10:32:41,Nottingham,Tree-hole tick,Ixodes arboricola,52.95138697471414,-1.161955252741041
lNLhXoP7dGEUMlQqPLAd,2021-01-20T02:28:09,Glasgow,Southern rodent tick,Ixodes acuminatus,55.83607966471362,-4.2163036692016185
kRk4OpXeflQcJGr8sjvH,2023-09-05T23:16:06,Edinburgh,Marsh tick,Ixodes apronophorus,55.98675545811446,-3.167266900543453
ZxIgHlFn4WhZFPBS3CBy,2012-08-12T10:39:44,Glasgow,Passerine tick,Dermacentor frontalis,55.868781125279945,-4.252167442362905
1tS6iH0z12OKj8kt7QRu,2013-09-20T23:15:56,Newcastle,Southern rodent tick,Ixodes acuminatus,54.958176578691535,-1.599770648709338
ZOMg7mCcACN4A3BnGweq,2024-02-04T13:30:33,Newcastle,Southern rodent tick,Ixodes acuminatus,54.967746665866486,-1.5846138553039648
Ysk9YlCgjdTwagDYcLLr,2013-06-19T02:56:17,Leeds,Marsh tick,Ixodes apronophorus,53.76254326294379,-1.5928224291237352
45giE11e9oGHGyOXa7Cn,2023-08-11T19:58:57,Edinburgh,Marsh tick,Ixodes apronophorus,55.96533942030083,-3.192670434724728
2ex2JxssJBTn5Gytu4dY,2019-02-01T18:50:39,Birmingham,Passerine tick,Dermacentor frontalis,52.50831412213491,-1.9233987034069062
8SXVSF0bqI0Nwl9V8t75,2024-04-30T12:54:30,Glasgow,Passerine tick,Dermacentor frontalis,55.87461338671712,-4.2127456338954845
6f3U0O5DcqJU39bi6mZ9,2021-01-19T17:01:18,Leicester,Tree-hole tick,Ixodes arboricola,52.62086656680807,-1.1086995731016762
ZwgC8qSB2hppBh4cnKt6,2017-07-20T18:59:41,Cardiff,Marsh tick,Ixodes apronophorus,51.46567533223694,-3.215132800474519
lNLhXoP7dGEUMlQqPLAd,2021-01-20T02:28:09,Glasgow,Southern rodent tick,Ixodes acuminatus,55.88939756781589,-4.218650606417357
9cEnX6Uq9ewnINedmf8w,2021-08-09T02:23:53,London,Marsh tick,Ixodes apronophorus,51.519216918111916,-0.16053842743199306
9vFF9tEofSP8UG0wlxRw,2015-04-30T13:08:43,Leeds,Tree-hole tick,Ixodes arboricola,53.80547214511529,-1.5062294457147867
tdK72DrpyzfXULKSqOpf,2019-11-23T08:58:10,Bristol,Southern rodent tick,Ixodes acuminatus,51.405321343405575,-2.617731492686301
iht6SCzQQ3q3rwHjWT8u,2018-01-04T08:17:22,Leicester,Tree-hole tick,Ixodes arboricola,52.62169540231009,-1.1224710240773854
EaGAC5nkR2I3jfaB0vXD,2012-08-02T12:08:37,Newcastle,Southern rodent tick,Ixodes acuminatus,54.96408329999513,-1.6157022489243826
qAmDyhdh8AmLiVv4wPmz,2020-10-29T04:15:36,Edinburgh,Fox/badger tick,Ixodes canisuga,56.00316096722246,-3.193355129866088
a2lGJfsBzUgV0CLClmqo,2020-01-20T04:21:46,Southampton,Marsh tick,Ixodes apronophorus,50.958388535234555,-1.368068492935538
mkP5Moftu80FLb0JgTIa,2012-09-26T22:46:23,Sheffield,Marsh tick,Ixodes apronophorus,53.34275669032785,-1.4866091089559579
LipDngLgzjL2kGgUTMYQ,2015-08-15T22:10:48,Southampton,Fox/badger tick,Ixodes canisuga,50.863797620228674,-1.4084666251224938
oETRSmT4e61kyKkiuhQs,2021-10-25T20:06:40,Birmingham,Tree-hole tick,Ixodes arboricola,52.49547580694405,-1.9058467887257842
CE7lsZjdLZU0gneaut6Y,2014-03-18T21:07:53,Leeds,Tree-hole tick,Ixodes arboricola,53.793464375473825,-1.5743606794079663
BWRfADffJiQVd2hWbyHO,2020-12-26T10:01:22,Manchester,Passerine tick,Dermacentor frontalis,53.50709427380688,-2.2520837393702235
dKLXu0wZpgi692l9m5Zc,2012-12-28T11:15:01,Birmingham,Passerine tick,Dermacentor frontalis,52.50216333643889,-1.8889588638499568
vu8YJaxGIPg4rpvNmhNl,2012-07-13T21:10:32,Leicester,Fox/badger tick,Ixodes canisuga,52.63961265950207,-1.16100450283575
dVTCmfGlJhgSEsPgJHRN,2024-08-22T06:11:08,Southampton,Fox/badger tick,Ixodes canisuga,50.925915069641334,-1.4325707202388362
LIYCcqZ4sMDMWLCapOYW,2016-12-25T20:50:17,Cardiff,Tree-hole tick,Ixodes arboricola,51.53130054752285,-3.155997792577775
SbkrKYCKt67JtyoaXO50,2024-05-17T01:38:19,Edinburgh,Passerine tick,Dermacentor frontalis,55.90347863256264,-3.228590403097659
Iq3o97B33HJ88BOsIIIV,2023-03-28T10:51:51,Southampton,Marsh tick,Ixodes apronophorus,50.86445884921107,-1.4531588331885246
X6n1au6cDU1WGmXvS48h,2020-08-28T18:36:35,London,Marsh tick,Ixodes apronophorus,51.54111773205883,-0.14730219682464038
FW0BpQTHFcnzB2WVYl6k,2017-08-23T15:41:18,Southampton,Tree-hole tick,Ixodes arboricola,50.951520972893775,-1.4023696942068151
I59fa8epR5AZeUvgFVg4,2018-09-29T09:59:39,Leicester,Southern rodent tick,Ixodes acuminatus,52.587204206071995,-1.0870016582207584
tlmtfB9XPgXGVEibnc7W,2015-04-18T05:12:13,Birmingham,Southern rodent tick,Ixodes acuminatus,52.51823536776565,-1.8726708917559383
8evFSghoF3EDNCbe5mzm,2021-01-10T05:53:11,Nottingham,Passerine tick,Dermacentor frontalis,52.939880639971356,-1.111908275733264
ecEd2z4RwHEJJum4wHOo,2013-01-05T13:44:03,Glasgow,Passerine tick,Dermacentor frontalis,55.8294051320243,-4.290743855255091
jvNRAmvwl6r2bxwuiCD2,2023-09-09T03:03:47,Cardiff,Tree-hole tick,Ixodes arboricola,51.44743134193838,-3.1718682043436455
v77UE07ae5Fh6pRpAbuw,2023-06-02T19:20:00,Liverpool,Passerine tick,Dermacentor frontalis,53.40454487323536,-2.9957475539510057
3cqL3ROuepjfQMs9ngvc,2022-07-03T20:22:01,Bristol,Marsh tick,Ixodes apronophorus,51.468081043103545,-2.546898724039032
IWkIdJFsPjd9E990hs0M,2023-08-08T23:36:14,London,Tree-hole tick,Ixodes arboricola,51.51525276079714,-0.07712122839561414
1dnyM0apCiT8NGr9TBIr,2024-07-08T01:47:29,Manchester,Fox/badger tick,Ixodes canisuga,53.51235388727047,-2.2565223664207577
LIYCcqZ4sMDMWLCapOYW,2016-12-25T20:50:17,Cardiff,Tree-hole tick,Ixodes arboricola,51.47437212370897,-3.2016896552862235
UpFq4j9SEeQ4qhNW9C0m,2013-12-23T04:25:43,Newcastle,Southern rodent tick,Ixodes acuminatus,54.91989148966552,-1.5507959297725047
oZwDASwDKwiSzQqcPUg9,2014-07-08T04:48:34,Newcastle,Marsh tick,Ixodes apronophorus,55.004824428449496,-1.6245082742346824
WTchOPSD8sGZ8hJiwBBR,2014-01-30T09:52:48,Sheffield,Marsh tick,Ixodes apronophorus,53.42181262789707,-1.5015326183575748
9HEBCijRp1mMClmGYeyv,2018-02-06T19:57:00,Birmingham,Fox/badger tick,Ixodes canisuga,52.48082762208634,-1.8862718209973148
H5137RgcNux1AWA4Va6O,2020-07-31T15:22:50,Nottingham,Fox/badger tick,Ixodes canisuga,52.95496200160036,-1.108075229731891
QDZ3j2i5qxuv9qZNuXrn,2021-09-24T12:43:55,Liverpool,Tree-hole tick,Ixodes arboricola,53.385910833626255,-2.9552922174077367
niTHHgCA3uIEMtknBv98,2022-07-07T19:32:28,Leicester,Fox/badger tick,Ixodes canisuga,52.6298806352669,-1.1320569522024142
8KzzKK3MzNRMvvMkvI64,2023-12-11T13:59:50,Birmingham,Fox/badger tick,Ixodes canisuga,52.513299802968625,-1.8684433119754713
yAKixTA80BHN1JCZ7iVM,2021-04-23T02:05:48,London,Fox/badger tick,Ixodes canisuga,51.49575353131396,-0.0903906780196536
FQ6HktxRWqNcDv924ONW,2023-03-30T04:21:12,Leeds,Passerine tick,Dermacentor frontalis,53.79674327964682,-1.586784987867836
8B0MI5mWSOphj8HYnScj,2022-08-21T19:30:46,Newcastle,Marsh tick,Ixodes apronophorus,54.94162631720521,-1.6130644950268562
8KzzKK3MzNRMvvMkvI64,2023-12-11T13:59:50,Birmingham,Fox/badger tick,Ixodes canisuga,52.48270622819471,-1.8722823062891032
MxIrqtI0UbSe2cnYqlII,2020-05-28T02:35:12,Birmingham,Passerine tick,Dermacentor frontalis,52.50884544270623,-1.883648092211575
c7OwRKYAfAuI3piSwG42,2022-12-16T01:26:07,Leicester,Passerine tick,Dermacentor frontalis,52.64281851903267,-1.153168475240055
vEC0YeOLtsPXdBH1yTVf,2012-07-26T06:51:23,Cardiff,Fox/badger tick,Ixodes canisuga,51.45914367356759,-3.135141612176409
ha5el3ef6pfPSq1iZh6f,2022-07-03T00:46:12,Newcastle,Fox/badger tick,Ixodes canisuga,55.00115460741143,-1.578468409511889
jP3ApWL1n0pQW3XIs1uS,2024-05-25T02:37:06,Leicester,Southern rodent tick,Ixodes acuminatus,52.667948667030345,-1.1027244139498296
RKKviq68whgZqyzu1DWf,2018-02-13T00:20:23,Manchester,Southern rodent tick,Ixodes acuminatus,53.46312173733046,-2.2640324752292957
d6qJsil45owbLEzNEDs2,2018-01-23T18:12:47,Nottingham,Tree-hole tick,Ixodes arboricola,52.95484172533457,-1.1891017034902855
n3AGwNNtFIiG2hhE3NV4,2024-08-01T00:43:03,Bristol,Tree-hole tick,Ixodes arboricola,51.504234984656414,-2.6115263448599433
5fpBbElEfHfG0vFErOoz,2013-07-11T08:39:47,Glasgow,Passerine tick,Dermacentor frontalis,55.8518533605377,-4.277813794942623
Lvzn7hihmoCyVNfw8Rw3,2015-06-09T10:38:32,Nottingham,Passerine tick,Dermacentor frontalis,52.92970204146454,-1.1028731633543718
afdoemCDFY25zVCJMv72,2013-09-04T13:17:57,Cardiff,Tree-hole tick,Ixodes arboricola,51.5019588882236,-3.214863840498007
Zt3sufhZaf1NIZk8FBun,2019-03-17T08:28:51,Bristol,Passerine tick,Dermacentor frontalis,51.45922826622258,-2.5577140059997854
0PjHl5xUUWf9Taf2fHxN,2024-06-12T20:03:52,Sheffield,Marsh tick,Ixodes apronophorus,53.41867254331297,-1.4743847176193798
mcg4t3RTWIUPEH68KDXo,2023-06-14T15:51:56,Manchester,Southern rodent tick,Ixodes acuminatus,53.520571259394565,-2.2088307894785384
CRVnFBHoIPSirfmZqBwO,2015-05-22T02:24:58,London,Fox/badger tick,Ixodes canisuga,51.50510531892762,-0.08860234870295709
gOqjzzXTj1HbTQCfJmqw,2015-01-18T05:02:52,Nottingham,Passerine tick,Dermacentor frontalis,52.988059735694186,-1.1884747139580287
szOO4Me73AonK5KAGyvv,2013-06-27T08:24:19,Liverpool,Marsh tick,Ixodes apronophorus,53.36562346043168,-3.009110924957299
iqI7u3P4yNHs5v76rIgN,2016-06-14T10:49:25,Birmingham,Tree-hole tick,Ixodes arboricola,52.473530957005046,-1.9083549323947204
zioQC3eCsCL3gn94x7az,2019-06-22T21:29:54,Sheffield,Fox/badger tick,Ixodes canisuga,53.34895082447492,-1.4566762500509198
DwcJyztD3DJNhUkEt5e1,2024-05-17T14:25:32,Leeds,Southern rodent tick,Ixodes acuminatus,53.821926808861676,-1.560307049409628
lx2sgBk7u3C6Y3SJ7nP8,2021-02-28T01:36:06,Birmingham,Tree-hole tick,Ixodes arboricola,52.47541698337647,-1.9074237194291348
9gkZh8PpOMnklKoHaq7F,2018-07-25T00:41:17,Sheffield,Southern rodent tick,Ixodes acuminatus,53.34372141406356,-1.4635425619347089
e6rsfodIkBtQQH4e2BiD,2013-02-14T06:01:21,Newcastle,Southern rodent tick,Ixodes acuminatus,54.98892644261613,-1.6198406785411346
kRyJHh8eSgX3w6zqwWfU,2014-12-29T08:16:15,Leeds,Marsh tick,Ixodes apronophorus,53.753466020382405,-1.5241146286178178
0sRQsA0wItCftZQFkJuG,2019-12-19T20:33:10,Edinburgh,Fox/badger tick,Ixodes canisuga,55.92914365503975,-3.2028090565399956
XEgICCnrwqF4wdiDqfuL,2023-05-28T02:42:56,Glasgow,Marsh tick,Ixodes apronophorus,55.837604475261585,-4.203985955260826
1X5DO4d2kst8TDz5yeUg,2020-07-20T09:44:59,Cardiff,Passerine tick,Dermacentor frontalis,51.464396182147205,-3.150544631977667
HgEoQ2wLJKmQUiSsbcWF,2013-02-20T23:08:11,Bristol,Fox/badger tick,Ixodes canisuga,51.497857058148725,-2.5396502327455353
f64PnB4dtR23Nxp67VR2,2019-09-25T13:59:52,Nottingham,Passerine tick,Dermacentor frontalis,52.908828091831936,-1.1064585987155233
D2egeOh3xsNtVaLMzK3u,2014-02-28T15:42:21,Leeds,Southern rodent tick,Ixodes acuminatus,53.77954855691061,-1.5137053699790308
zhlW7w9ondK5R84n9Cyy,2014-11-13T19:06:48,Bristol,Passerine tick,Dermacentor frontalis,51.4576590723125,-2.5987119843645567
6f3U0O5DcqJU39bi6mZ9,2021-01-19T17:01:18,Leicester,Tree-hole tick,Ixodes arboricola,52.630698827042295,-1.1178450677520928
95d6UcbocqaEIO52w10W,2017-07-27T03:16:45,Newcastle,Southern rodent tick,Ixodes acuminatus,54.96089098978796,-1.569655024379625
YWLqmEEDwDA5cRTKCpPl,2018-01-05T13:41:31,London,Passerine tick,Dermacentor frontalis,51.4998093138056,-0.07180709036497207
L0HuMHK0PI2cWv3XvBSN,2019-06-10T13:42:28,Glasgow,Marsh tick,Ixodes apronophorus,55.81143320489996,-4.206513459429026
0L5BVSzmm898d1JCBaVB,2023-07-20T21:30:11,Nottingham,Passerine tick,Dermacentor frontalis,52.90769365681414,-1.190016800731571
LVtxT3FgK2RmCuREo2q6,2015-02-24T05:32:55,Glasgow,Tree-hole tick,Ixodes arboricola,55.851078139737,-4.229266965936697
0t6DXz0QgOMjSKqCST8J,2021-12-26T06:52:07,Birmingham,Passerine tick,Dermacentor frontalis,52.52849727315834,-1.9366154012356729
ZxIgHlFn4WhZFPBS3CBy,2012-08-12T10:39:44,Glasgow,Passerine tick,Dermacentor frontalis,55.8876704015671,-4.208583494837927
K4Fs8p4nH7x9EUjm7sOe,2014-07-27T17:40:18,Liverpool,Southern rodent tick,Ixodes acuminatus,53.364441801306924,-2.953178897887027
oC5icaZSr5qlzmFsIfb2,2021-11-09T04:01:24,Bristol,Tree-hole tick,Ixodes arboricola,51.48047590225619,-2.569369748307628
jhZLsXznSeliftQ6bCRH,2015-11-08T01:49:49,Manchester,Marsh tick,Ixodes apronophorus,53.43522489887565,-2.275005387942141
Hdf6iTlt04QfjcE4TLsp,2020-09-21T22:42:54,Newcastle,Marsh tick,Ixodes apronophorus,54.97713428239274,-1.5519940318923036
KOxKafBIMhXVDu4F9ILx,2022-03-12T05:37:51,Cardiff,Southern rodent tick,Ixodes acuminatus,51.488913932263074,-3.213320211669705
BWB78fEQ3Viy58gMG9v6,2016-12-23T00:50:10,Glasgow,Fox/badger tick,Ixodes canisuga,55.85577204062901,-4.269753217054256
PYbn1uI7kY8DUIZhPhwU,2023-11-04T13:31:18,Bristol,Passerine tick,Dermacentor frontalis,51.48112798601905,-2.5428826309290797
G4mB10cbrvTbwgGHc3xQ,2020-11-05T08:09:09,Liverpool,Southern rodent tick,Ixodes acuminatus,53.36771795718747,-2.987792090651579
HO0q17NDojT8Ouf6dntF,2019-12-14T15:50:15,London,Fox/badger tick,Ixodes canisuga,51.47838261547076,-0.10223087694578142
UjXk60DdGGhB9fXyQycu,2017-08-03T15:11:24,Manchester,Tree-hole tick,Ixodes arboricola,53.51212845634123,-2.2450458370151383
6BgeW0SeM37jZNYrzzHd,2015-04-08T07:26:58,Glasgow,Marsh tick,Ixodes apronophorus,55.85168747617811,-4.283536411153546
kMGKlLilj6IRqsWkDiKK,2017-10-20T04:38:05,Bristol,Tree-hole tick,Ixodes arboricola,51.47379306299586,-2.6230755024944448
jTDwwWjThAycMZndR6PY,2020-01-23T18:54:10,Newcastle,Southern rodent tick,Ixodes acuminatus,54.95543681409937,-1.5873586962981205
FW0BpQTHFcnzB2WVYl6k,2017-08-23T15:41:18,Southampton,Tree-hole tick,Ixodes arboricola,50.95488755317225,-1.4324139243499865
IkOrsHDYQiH1g0UrUXJe,2023-03-15T08:20:56,Sheffield,Tree-hole tick,Ixodes arboricola,53.4089670871457,-1.4486073952955951
w6J5IXRhUNu1e9BdoyTM,2015-09-23T05:34:25,Liverpool,Fox/badger tick,Ixodes canisuga,53.43828955086011,-2.9630618265845157
KyehuPQ9lKI3yBat64Ey,2018-09-13T03:31:43,Leeds,Tree-hole tick,Ixodes arboricola,53.76041279171939,-1.5068398194384796
Z1UTXtiivybt9Ox5vBka,2015-08-03T00:40:10,Sheffield,Fox/badger tick,Ixodes canisuga,53.35898397233411,-1.4179012826190551
83WtbOyHXrd5r85gb5Vz,2024-12-30T04:32:12,Glasgow,Southern rodent tick,Ixodes acuminatus,55.897359846085024,-4.219298169914496
LIYCcqZ4sMDMWLCapOYW,2016-12-25T20:50:17,Cardiff,Tree-hole tick,Ixodes arboricola,51.47369778495048,-3.187346713662927
2cv4kihvGZ1M3JCz1dS6,2024-01-06T21:51:00,Liverpool,Marsh tick,Ixodes apronophorus,53.39459843001081,-2.9491130241499492
4Ro2iFhtdF2SGit1gzOH,2020-06-25T00:44:33,Bristol,Southern rodent tick,Ixodes acuminatus,51.49706869710868,-2.552199056854802
dVTCmfGlJhgSEsPgJHRN,2024-08-22T06:11:08,Southampton,Fox/badger tick,Ixodes canisuga,50.861747068126164,-1.3654818927204366
3HmoQzKtH9LTa8POQ5pn,2016-04-21T06:42:09,Edinburgh,Marsh tick,Ixodes apronophorus,55.96984871177818,-3.208157745968853
o8sR0qTgLkDo3YisGYVD,2013-03-01T15:58:41,Edinburgh,Passerine tick,Dermacentor frontalis,55.91880389296421,-3.219156506649818
FQ6HktxRWqNcDv924ONW,2023-03-30T04:21:12,Leeds,Passerine tick,Dermacentor frontalis,53.764322163644806,-1.5329306949905683
xkRekaVi9Su8Z5j2NyGa,2022-01-31T18:16:21,Edinburgh,Fox/badger tick,Ixodes canisuga,55.961246469713906,-3.210885577894944
WoAAUYMvcyusSmjfYRYM,2021-11-03T14:51:15,Sheffield,Passerine tick,Dermacentor frontalis,53.38259230475785,-1.4566502420232559
D4fol4qy9RB2CSvmnWnQ,2023-04-12T02:50:18,London,Fox/badger tick,Ixodes canisuga,51.55840431104623,-0.13029941963385286
5hBTxnp6BB1WT30MYK1P,2016-06-09T03:33:16,Bristol,Passerine tick,Dermacentor frontalis,51.43653076455954,-2.6128326588094257
I8JGAn5uQridq419CPHT,2013-05-04T21:24:56,Sheffield,Tree-hole tick,Ixodes arboricola,53.41049530559602,-1.4903384687342853
s1Nr2wF0iX8UsCsJqFTX,2021-02-20T04:30:28,Liverpool,Fox/badger tick,Ixodes canisuga,53.36050095526774,-3.002273895830006
Zq4puJGmwZEre8nY9SZ5,2019-12-22T13:21:32,Southampton,Southern rodent tick,Ixodes acuminatus,50.93454978745368,-1.4364510514105278
5hBTxnp6BB1WT30MYK1P,2016-06-09T03:33:16,Bristol,Passerine tick,Dermacentor frontalis,51.4390111899796,-2.6271664871531444
oPsSEOUH8TCt29bdUHzp,2020-12-11T21:36:33,Leicester,Southern rodent tick,Ixodes acuminatus,52.64338823836043,-1.0845773145057072
KUVmFKOfx42CJt31m7bA,2019-04-01T01:04:58,Sheffield,Passerine tick,Dermacentor frontalis,53.352872363539404,-1.4394167316043187
ZxZErv884fSgqrXnyVCU,2020-11-08T01:01:38,Birmingham,Southern rodent tick,Ixodes acuminatus,52.47013266210935,-1.8488186403143911
YQ3Mfdm7FjdUPSNdU8nm,2015-12-19T19:01:54,Cardiff,Passerine tick,Dermacentor frontalis,51.527443337777655,-3.1324184619009623
9bCXNxlovKkRxtdPxMyO,2019-10-03T20:40:24,Glasgow,Tree-hole tick,Ixodes arboricola,55.90969056679523,-4.247502064490626
gYGfMhEeS6Nv4Oscjyfh,2012-05-01T01:47:15,Edinburgh,Passerine tick,Dermacentor frontalis,55.97884254734024,-3.2234862409322593
MxIrqtI0UbSe2cnYqlII,2020-05-28T02:35:12,Birmingham,Passerine tick,Dermacentor frontalis,52.44737915525396,-1.858653211583865
x6TZr9LtRHQOpwM27lZY,2021-09-15T06:39:02,Glasgow,Passerine tick,Dermacentor frontalis,55.88875516192443,-4.224026338175522
kMGKlLilj6IRqsWkDiKK,2017-10-20T04:38:05,Bristol,Tree-hole tick,Ixodes arboricola,51.45823822683824,-2.595030213102056
nXbOfVoPX9c4NHfbdQO2,2022-01-12T19:43:00,Cardiff,Passerine tick,Dermacentor frontalis,51.517050619189064,-3.1897426987959796
b062APnJGuqXoQRg9yf1,2021-12-23T22:19:54,Nottingham,Southern rodent tick,Ixodes acuminatus,52.98923694108133,-1.1784432166293037
s1Nr2wF0iX8UsCsJqFTX,2021-02-20T04:30:28,Liverpool,Fox/badger tick,Ixodes canisuga,53.44117672531376,-3.0054019648411243
JSxSd0lnzlGazsLwK2FZ,2023-04-02T10:43:00,Birmingham,Passerine tick,Dermacentor frontalis,52.45588962374679,-1.879612037775638
D433j2BmBgVJBXQczRXW,2012-11-09T03:28:28,Sheffield,Passerine tick,Dermacentor frontalis,53.382647613765286,-1.4257963565191138
45giE11e9oGHGyOXa7Cn,2023-08-11T19:58:57,Edinburgh,Marsh tick,Ixodes apronophorus,55.903736898658494,-3.146904844868993
6EAhpY86qoLTW76pGT3G,2015-03-19T23:14:03,Birmingham,Tree-hole tick,Ixodes arboricola,52.460079288552556,-1.9039538950246153
DFOXJECOHLIgurUbkGDe,2016-04-10T01:13:44,Glasgow,Southern rodent tick,Ixodes acuminatus,55.892265304712446,-4.260817031694291
lGMFSErS6WoC1aJWjvCj,2020-11-29T03:08:49,London,Tree-hole tick,Ixodes arboricola,51.55160884214838,-0.07008386479691794
dnNM8mu5MgXR8UFze0cA,2022-11-18T08:57:51,Liverpool,Fox/badger tick,Ixodes canisuga,53.42720181775103,-2.958084766484255
PeS49k1UBWSzpdhEeOPo,2014-10-06T09:23:11,Edinburgh,Marsh tick,Ixodes apronophorus,55.95558007043341,-3.235758445208138
9b14enFIrnyjMb5Vswk9,2014-04-20T06:15:14,Nottingham,Fox/badger tick,Ixodes canisuga,52.99067923787525,-1.1368993769231872
B6CaPF49BQNLXAjsAQYg,2012-12-23T21:17:45,Leeds,Southern rodent tick,Ixodes acuminatus,53.753681051013416,-1.5004797567502626
JlYJCYtGgXG5PPVCV7Ts,2020-02-16T00:52:40,Edinburgh,Fox/badger tick,Ixodes canisuga,55.936854306426184,-3.1928514385558575
xduB7WfqkSJw4UCHAuYe,2023-08-13T19:01:55,Leeds,Tree-hole tick,Ixodes arboricola,53.84074048534136,-1.5442332348695422
L24cKfajwi1B6as4rZLA,2021-01-13T21:44:12,Nottingham,Southern rodent tick,Ixodes acuminatus,52.988001272078115,-1.199519929820496
ak5XMKqmLa2S47N2AtwK,2019-02-24T18:57:39,Leeds,Marsh tick,Ixodes apronophorus,53.768608281852124,-1.5638589468467399
S3f8sdNWFLtTgAXlDC4u,2024-09-18T15:17:24,Bristol,Fox/badger tick,Ixodes canisuga,51.45982698121816,-2.564089767901448
iiyou3YqE8mUXn2FQFMA,2021-04-03T18:17:25,Bristol,Marsh tick,Ixodes apronophorus,51.48970527282513,-2.5813892067471804
aGLWEbTuIjion51zmJtm,2024-05-14T07:06:31,Manchester,Marsh tick,Ixodes apronophorus,53.44270627678069,-2.2735195532941193
sojykRuhbh0mifCYogHu,2013-04-19T01:23:32,Sheffield,Fox/badger tick,Ixodes canisuga,53.41443433463632,-1.4312557682107199
oLNRElZvkIwuvDpSJCUG,2022-11-29T13:09:18,Leeds,Southern rodent tick,Ixodes acuminatus,53.79572814389923,-1.5931646668525141
pZeAF7lridLL0Yqr1iEP,2013-04-17T04:22:47,Leeds,Passerine tick,Dermacentor frontalis,53.81893742146662,-1.5148183675085423
yWraib2Zv9siRlzVdChS,2021-08-05T04:45:55,London,Southern rodent tick,Ixodes acuminatus,51.54411790548137,-0.10878613087915706
npxeeHmFhxiTPZd54RWa,2017-02-03T03:39:13,Cardiff,Southern rodent tick,Ixodes acuminatus,51.48082753658306,-3.138691570680477
SP2ErFEQniZMZ4ixW9K9,2023-04-08T02:41:39,Leeds,Passerine tick,Dermacentor frontalis,53.80240989664439,-1.5715793651065284
rlb1M2hK6389R6gyNTy6,2014-11-17T01:22:59,Cardiff,Southern rodent tick,Ixodes acuminatus,51.47763743369673,-3.2263456667769206
tSoyCSAaz3yxZQSp0OFj,2023-02-06T03:44:16,Leicester,Passerine tick,Dermacentor frontalis,52.62074836840841,-1.1598059778859688
D3Te0ZPO18dCtoNNk5aT,2023-08-31T14:01:58,Manchester,Passerine tick,Dermacentor frontalis,53.463732371779926,-2.2014520273658316
pKyMsVQ6yvdOTa30zb2A,2015-06-30T04:40:44,Birmingham,Southern rodent tick,Ixodes acuminatus,52.44287207057973,-1.9136758112319545
lvaCdJUZqExjsHrcwnku,2020-03-11T21:12:53,Liverpool,Tree-hole tick,Ixodes arboricola,53.38527098645204,-2.9636199867796273
ETxuaOa9OkUAyfM7brLn,2013-09-12T16:40:28,Bristol,Fox/badger tick,Ixodes canisuga,51.459324078329686,-2.5530221128983115
ZwgC8qSB2hppBh4cnKt6,2017-07-20T18:59:41,Cardiff,Marsh tick,Ixodes apronophorus,51.45735737097888,-3.1485733704965595
l2d82e2A2EX6o2Zm6TwD,2020-08-25T04:06:35,Leicester,Marsh tick,Ixodes apronophorus,52.60117083172091,-1.181270144400356
1WTkNtTMvlPMMgyMcrMb,2024-12-08T20:09:18,Bristol,Marsh tick,Ixodes apronophorus,51.44701461781425,-2.6108418831175384
HCQRk93zQIrjy5kYFbRI,2017-07-26T03:07:24,Bristol,Fox/badger tick,Ixodes canisuga,51.45230069405967,-2.584925815822758
i5gnuAazV3jfJsmPGB5R,2012-06-22T12:35:09,Sheffield,Tree-hole tick,Ixodes arboricola,53.36268428442244,-1.4917627088920944
I8JGAn5uQridq419CPHT,2013-05-04T21:24:56,Sheffield,Tree-hole tick,Ixodes arboricola,53.39453881543609,-1.4495519341039593
kbXdi2DpqILV0wajMzKZ,2018-09-12T12:29:43,Liverpool,Passerine tick,Dermacentor frontalis,53.410236797044384,-2.9969346327403326
3WDoZ4kGpYvjEyYaGYGw,2015-04-19T11:48:28,London,Marsh tick,Ixodes apronophorus,51.52997351249743,-0.12892636096156804
4MkOEqCML2vUFL7h7RrB,2023-02-27T09:09:01,Nottingham,Marsh tick,Ixodes apronophorus,52.953746309703035,-1.182135335833918
Q8LcWuL0YBkwBb4KTBSO,2014-04-21T15:20:59,Nottingham,Southern rodent tick,Ixodes acuminatus,52.93898233656176,-1.1119409019324715
RWIlYmTGxSS2GAFG45sL,2015-04-04T18:14:50,Leeds,Southern rodent tick,Ixodes acuminatus,53.76300460912892,-1.54542460035989
p65mctXAysJ3VpL0OfMf,2021-08-27T09:33:10,Southampton,Passerine tick,Dermacentor frontalis,50.90777099503567,-1.3918552936901942
klMtwuJjnqjwY49eLsHc,2014-01-07T21:48:51,Cardiff,Southern rodent tick,Ixodes acuminatus,51.4483761864192,-3.165186257071819
vwAwtCa42vmKmcgy70Vn,2023-08-07T21:57:23,Leicester,Fox/badger tick,Ixodes canisuga,52.618773541234916,-1.1301304024230912
H3UTS3Wl92ALNszyexfS,2021-05-04T11:00:10,Leicester,Fox/badger tick,Ixodes canisuga,52.59379470039362,-1.1325299617697697
v1vt9ekMPoGAdQg9miXI,2020-10-12T20:42:50,Bristol,Passerine tick,Dermacentor frontalis,51.42227920281263,-2.562280041789567
AiYCxGryVjZftdUsw7yl,2023-03-14T20:26:58,London,Passerine tick,Dermacentor frontalis,51.555137063911104,-0.1524939544013163
hhaKxITwXylGIVSsWXiT,2017-04-23T08:47:35,Liverpool,Fox/badger tick,Ixodes canisuga,53.43915975679168,-3.0040714520804856
LIYCcqZ4sMDMWLCapOYW,2016-12-25T20:50:17,Cardiff,Tree-hole tick,Ixodes arboricola,51.506691168351395,-3.1778186552614054
zmQC5Z0BxcmemDAWRheX,2024-03-10T03:55:02,Sheffield,Passerine tick,Dermacentor frontalis,53.41696588852122,-1.4524759940259542
ZxIgHlFn4WhZFPBS3CBy,2012-08-12T10:39:44,Glasgow,Passerine tick,Dermacentor frontalis,55.86797621828311,-4.215255697753186
HL4FsTeEhn3qhvK0N3kM,2019-11-19T13:19:46,Cardiff,Tree-hole tick,Ixodes arboricola,51.51785230653459,-3.209870594403569
mujBv9VNzG7vqQERyMg8,2012-02-09T13:57:58,Manchester,Tree-hole tick,Ixodes arboricola,53.47201432276796,-2.2304463868409523
qPJuZDJGKUCGiTb0Mz3P,2019-11-14T05:14:40,Edinburgh,Tree-hole tick,Ixodes arboricola,55.99097026288044,-3.1520809774106477
LtqWS9zdnisxeLymLVou,2012-10-23T09:13:20,Bristol,Marsh tick,Ixodes apronophorus,51.47996920459959,-2.628793556169523
7m41XvCHtxrkq7yhOz0u,2016-02-25T06:35:51,Sheffield,Fox/badger tick,Ixodes canisuga,53.39458845670975,-1.5133979111792593
RWIlYmTGxSS2GAFG45sL,2015-04-04T18:14:50,Leeds,Southern rodent tick,Ixodes acuminatus,53.7517489105778,-1.5128709889961802
amJsZGHUMc8ZiIQA7ybZ,2017-10-18T02:32:27,Glasgow,Marsh tick,Ixodes apronophorus,55.90506068887299,-4.293760743868818
Y6FgBIJdg0lr9gjnvj5z,2022-08-13T07:01:32,Birmingham,Marsh tick,Ixodes apronophorus,52.471429859829115,-1.8494261852534206
H3UTS3Wl92ALNszyexfS,2021-05-04T11:00:10,Leicester,Fox/badger tick,Ixodes canisuga,52.587731704897465,-1.1076538415286008
tiSiAHIwgq0NTVn8HOtd,2014-03-30T10:54:30,Leicester,Fox/badger tick,Ixodes canisuga,52.66010609442226,-1.1682439822392787
ogHDKVozgy4MVP1wTFuu,2024-01-10T08:55:42,Birmingham,Southern rodent tick,Ixodes acuminatus,52.44730060606071,-1.9447172135543216
9nQaYeeaGAR6r7MQwNNr,2016-09-10T11:44:44,Leicester,Marsh tick,Ixodes apronophorus,52.60693092329413,-1.1050854559313787
FUvyJ5g8Deb34YvBdGHc,2017-06-12T20:20:32,Nottingham,Fox/badger tick,Ixodes canisuga,52.95498045679418,-1.1601287154687323
gi41i4LD7a8z1T2JoVk2,2023-03-11T19:03:32,Manchester,Fox/badger tick,Ixodes canisuga,53.49808564927879,-2.2526024793949477
aiJdkuW11kqcI3whhUBX,2012-08-09T08:28:49,Manchester,Passerine tick,Dermacentor frontalis,53.49823111890539,-2.2007182095976305
tKqhQt3E1L973YmduiHh,2021-12-23T03:26:51,London,Fox/badger tick,Ixodes canisuga,51.482463836486,-0.16053590032021636
XG9yTa7wEwaHkhfNTfVI,2017-08-04T12:32:38,Sheffield,Passerine tick,Dermacentor frontalis,53.37832864745,-1.501363930374181
yUss1yX5RK7DlmAmtgT1,2023-11-30T16:37:54,Nottingham,Fox/badger tick,Ixodes canisuga,52.98158164563561,-1.184375268033505
ah65fLip1gtpeO3NM6Pl,2020-07-31T11:39:19,Newcastle,Southern rodent tick,Ixodes acuminatus,54.92433826409065,-1.6305732818985283
g42DmGoM8dDPOcpUEuoF,2021-08-15T20:40:58,Edinburgh,Marsh tick,Ixodes apronophorus,55.90814643380692,-3.172850344172305
c8vn1RaiDVB46lgg5vbG,2023-06-25T07:20:06,Newcastle,Passerine tick,Dermacentor frontalis,54.92604037879468,-1.559219455270551
pwIyJRMLVjGAGweOsVY7,2024-01-07T08:30:08,Sheffield,Tree-hole tick,Ixodes arboricola,53.398279336409566,-1.4497667873462214
mwLgvijNjTVH6HVlxq6h,2023-12-05T07:19:08,Leeds,Passerine tick,Dermacentor frontalis,53.812432753063504,-1.574010104675826
z9gJdab10hNcAVk7eoqk,2018-09-14T02:12:34,Edinburgh,Marsh tick,Ixodes apronophorus,55.957555013022,-3.2178716662099673
ecEd2z4RwHEJJum4wHOo,2013-01-05T13:44:03,Glasgow,Passerine tick,Dermacentor frontalis,55.863098334824976,-4.286790329586405
3Qj53M61V3tLVwBNNPEY,2020-11-09T10:03:31,Glasgow,Marsh tick,Ixodes apronophorus,55.84839271183026,-4.221203246712751
bQErgW9gwJlW9eXbT45x,2013-08-30T07:36:43,Leicester,Tree-hole tick,Ixodes arboricola,52.59597890995764,-1.1071434132836853
Nl2znr65WHeMvzuRtSck,2018-12-25T16:19:25,Liverpool,Passerine tick,Dermacentor frontalis,53.434755366801156,-3.017314731489646
YwSwSKm7KE7JpjrdkvCl,2012-07-02T14:27:07,Edinburgh,Southern rodent tick,Ixodes acuminatus,55.99321534502922,-3.221177859014653
IUN8JPXJPQmBBdbs3vid,2012-01-13T01:23:34,Birmingham,Tree-hole tick,Ixodes arboricola,52.4434834949523,-1.877434489772199
48gLN6vogVwvd36ZJjVL,2023-12-06T14:02:08,Edinburgh,Marsh tick,Ixodes apronophorus,55.97282954846731,-3.1666229158114403
pzFGoT55ULEseJLcZreF,2024-05-23T17:05:22,Glasgow,Marsh tick,Ixodes apronophorus,55.89078665126859,-4.28103493011336
RRwts66Q9jVNc84666nC,2016-04-21T16:43:38,London,Passerine tick,Dermacentor frontalis,51.48624656642927,-0.16535456089650008
NIIjGEngmmmxjQVuI12A,2015-05-02T01:53:53,Southampton,Marsh tick,Ixodes apronophorus,50.8620326552958,-1.4475632685846394
6EAhpY86qoLTW76pGT3G,2015-03-19T23:14:03,Birmingham,Tree-hole tick,Ixodes arboricola,52.501964495475995,-1.8887934426508277
21YeuUkAlXgWklaq0Oeb,2021-03-07T19:08:07,Bristol,Southern rodent tick,Ixodes acuminatus,51.470190778657546,-2.632110075017649
Mcrlh030OZw5VWdI8UdZ,2020-12-19T20:37:20,Edinburgh,Fox/badger tick,Ixodes canisuga,55.93249394873327,-3.1410581692034065
GkTWmmCaVIfOeENqTywe,2016-10-15T21:37:37,Cardiff,Passerine tick,Dermacentor frontalis,51.45565084676294,-3.2203634872271403
1cwi6SlTNeS2WCXeWJWx,2012-03-10T00:08:03,Cardiff,Tree-hole tick,Ixodes arboricola,51.519861283657654,-3.1299443797219415
j856qPODHjv9tUuvi8TS,2024-06-14T12:48:17,Southampton,Fox/badger tick,Ixodes canisuga,50.876905910679994,-1.3873325834524837
N8JDqnSG1zArbBhaRTrH,2021-02-05T15:32:57,Newcastle,Fox/badger tick,Ixodes canisuga,55.007139186175024,-1.647050325565783
b062APnJGuqXoQRg9yf1,2021-12-23T22:19:54,Nottingham,Southern rodent tick,Ixodes acuminatus,52.99952300730814,-1.1752435249108084
1q1Z4pXssarDS2T1WhLp,2013-12-08T02:22:51,Cardiff,Passerine tick,Dermacentor frontalis,51.47061809564817,-3.1738778909811787
E9MP5NirTrF3XwlLFakG,2017-06-27T13:11:23,Birmingham,Southern rodent tick,Ixodes acuminatus,52.476214839418894,-1.8609222946098776
jeYWlOq7ndYtpjCuEToC,2020-12-14T13:25:18,Leeds,Fox/badger tick,Ixodes canisuga,53.83006287185068,-1.5842141823012728
tFpfZYF4gRR0PiJvRmmP,2019-08-21T02:39:25,Edinburgh,Passerine tick,Dermacentor frontalis,55.97707233006611,-3.2314034039518527
x0XPFJPBxVwVSivF0Wk5,2016-12-08T04:53:58,Birmingham,Fox/badger tick,Ixodes canisuga,52.44086253256183,-1.9171982575207516
IUN8JPXJPQmBBdbs3vid,2012-01-13T01:23:34,Birmingham,Tree-hole tick,Ixodes arboricola,52.5137048854121,-1.868871953106498
FPxMHXF1dkiFtJ5jn18T,2017-04-06T18:00:43,Glasgow,Southern rodent tick,Ixodes acuminatus,55.871636022104305,-4.270880728517126
RPTtZEkOF7GKDhJRi2XJ,2017-06-30T17:07:32,London,Marsh tick,Ixodes apronophorus,51.480201489994236,-0.06954245009778935
mkP5Moftu80FLb0JgTIa,2012-09-26T22:46:23,Sheffield,Marsh tick,Ixodes apronophorus,53.350800830390085,-1.4315897022394222
1BAyUx8rQnqelYaMLqmP,2015-03-06T15:04:32,Bristol,Fox/badger tick,Ixodes canisuga,51.48412770137838,-2.577669698582807
rZzqu80posNQDNzumJSK,2016-08-03T18:58:42,Glasgow,Passerine tick,Dermacentor frontalis,55.899969600063024,-4.217333877732737
xtiEypezSxsfNJVkz3N0,2024-01-13T07:16:39,Bristol,Southern rodent tick,Ixodes acuminatus,51.44264919396428,-2.5615695970109518
QhckiNu8et1OsMqobu8A,2019-06-15T02:42:10,Leeds,Fox/badger tick,Ixodes canisuga,53.75731873871408,-1.5207275425817366
tFVRiSzMnCJgVDqkJnAS,2021-09-02T12:23:36,Glasgow,Southern rodent tick,Ixodes acuminatus,55.81643283903485,-4.272333892417714
n9WpB7C0LjiG657dfwdO,2015-05-12T08:31:33,Liverpool,Tree-hole tick,Ixodes arboricola,53.376691140479195,-2.990123658903553
dyTdKg1awLcIxfIhqyWU,2014-11-26T12:41:17,Nottingham,Passerine tick,Dermacentor frontalis,52.961825848386944,-1.1240119205615209
JaqAzUFVgyQ5NEGgyM2j,2012-01-06T18:04:03,Birmingham,Passerine tick,Dermacentor frontalis,52.516645049996185,-1.853110000860101
KOxKafBIMhXVDu4F9ILx,2022-03-12T05:37:51,Cardiff,Southern rodent tick,Ixodes acuminatus,51.431995109402536,-3.1751286880836123
8oE7yfH8FmN2lzDuN9XN,2014-12-16T18:24:05,Newcastle,Southern rodent tick,Ixodes acuminatus,54.996370864185465,-1.643980307225714
BmZJHIdgDJnJgTXCJkVw,2018-05-31T12:31:39,Leicester,Fox/badger tick,Ixodes canisuga,52.652145092894806,-1.1492291935256311
T9DVmtxedNDwma6D8H5U,2023-05-05T03:50:06,Sheffield,Passerine tick,Dermacentor frontalis,53.35659645705708,-1.465971328078043
2ex2JxssJBTn5Gytu4dY,2019-02-01T18:50:39,Birmingham,Passerine tick,Dermacentor frontalis,52.48646984750697,-1.8490333751699604
bTrvoR9KUIOpgsWIubN4,2019-01-14T08:09:34,Edinburgh,Southern rodent tick,Ixodes acuminatus,55.96113946448202,-3.200794880056534
c7OwRKYAfAuI3piSwG42,2022-12-16T01:26:07,Leicester,Passerine tick,Dermacentor frontalis,52.60957494885688,-1.0933337113061756
44F6xF2nAR63JLoudJTH,2018-03-11T00:59:26,Birmingham,Marsh tick,Ixodes apronophorus,52.50162965721027,-1.85902500544115
ViVrgZ2PxFSokGkZlS5D,2021-07-31T19:24:24,London,Marsh tick,Ixodes apronophorus,51.52468668382778,-0.10604324569625202
rK46AJDNoDva6oPJMK5p,2015-05-25T09:14:20,Sheffield,Fox/badger tick,Ixodes canisuga,53.36469160907668,-1.4453727030950074
45giE11e9oGHGyOXa7Cn,2023-08-11T19:58:57,Edinburgh,Marsh tick,Ixodes apronophorus,55.93893219952338,-3.1496726565186366
pOUOMhtIAK0a2h0FQXO4,2020-11-30T19:37:40,Birmingham,Southern rodent tick,Ixodes acuminatus,52.51272857657787,-1.8931421300547147
UefEW8QH90qhBnyXsmqS,2015-06-13T02:11:15,Edinburgh,Marsh tick,Ixodes apronophorus,55.99754536024965,-3.1545671282955277
a8d9FiCKsP6857gvEDKc,2015-01-19T09:19:41,Liverpool,Passerine tick,Dermacentor frontalis,53.43362197419393,-2.983509553315522
3KIhIxMpAXjXZLbljrBP,2016-04-03T14:00:37,Glasgow,Southern rodent tick,Ixodes acuminatus,55.83842819019113,-4.28370290742035
w6J5IXRhUNu1e9BdoyTM,2015-09-23T05:34:25,Liverpool,Fox/badger tick,Ixodes canisuga,53.41651429155545,-2.987732429754653
LFf811BVUhR6Kqkcvm6C,2015-12-26T23:18:14,Leicester,Southern rodent tick,Ixodes acuminatus,52.661061591327915,-1.1367764008790422
70TzB7ZFD0EyJFSwBC61,2018-01-27T19:35:18,Newcastle,Fox/badger tick,Ixodes canisuga,54.95247112422721,-1.6057523082529896
yS8ITHjzu1gt3pUYg1sq,2013-10-24T04:00:37,Liverpool,Tree-hole tick,Ixodes arboricola,53.440232739042415,-2.965488267372126
neK1GEjuS2gr6eRqV0r7,2018-10-08T15:25:30,London,Southern rodent tick,Ixodes acuminatus,51.492101185731755,-0.07489095075294404
LVtxT3FgK2RmCuREo2q6,2015-02-24T05:32:55,Glasgow,Tree-hole tick,Ixodes arboricola,55.833570974253625,-4.212879747390283
Q8LcWuL0YBkwBb4KTBSO,2014-04-21T15:20:59,Nottingham,Southern rodent tick,Ixodes acuminatus,52.951476140433236,-1.1628232523128335
8B0MI5mWSOphj8HYnScj,2022-08-21T19:30:46,Newcastle,Marsh tick,Ixodes apronophorus,54.962782894657465,-1.5887449592418799
T9DVmtxedNDwma6D8H5U,2023-05-05T03:50:06,Sheffield,Passerine tick,Dermacentor frontalis,53.377167401029034,-1.488339090038671
5hBTxnp6BB1WT30MYK1P,2016-06-09T03:33:16,Bristol,Passerine tick,Dermacentor frontalis,51.44008008690116,-2.565167758469116
svrsl3BKnqOd7u52c7fk,2021-02-19T15:33:12,Leicester,Southern rodent tick,Ixodes acuminatus,52.67527987774067,-1.16273259789096
RKKviq68whgZqyzu1DWf,2018-02-13T00:20:23,Manchester,Southern rodent tick,Ixodes acuminatus,53.51484214624703,-2.277637952382053
qgj52BWIsYnTKNSOLgO9,2021-06-03T18:52:30,Nottingham,Passerine tick,Dermacentor frontalis,52.906912026084505,-1.121257359221637
Am0gFpS5FFgjvZwLNB1W,2015-02-07T23:51:30,Leeds,Passerine tick,Dermacentor frontalis,53.7680491074856,-1.5025956301492829
NaX0oRZbPKVVotfIMm3M,2013-12-29T14:55:23,Birmingham,Southern rodent tick,Ixodes acuminatus,52.535563401579985,-1.855484252872953
LtqWS9zdnisxeLymLVou,2012-10-23T09:13:20,Bristol,Marsh tick,Ixodes apronophorus,51.490701680531465,-2.5917858636520212
tmuXaUR7ipVGwCNs7Ypc,2019-07-29T10:43:48,Edinburgh,Marsh tick,Ixodes apronophorus,55.94052940491324,-3.1472198704934415
JbAXebsbCrAhgtPpVHEB,2022-05-01T12:31:27,Edinburgh,Tree-hole tick,Ixodes arboricola,55.95681302965622,-3.2338599657911713
C7ZyI66uUT01nO6Tu4g7,2020-01-09T16:40:18,Edinburgh,Tree-hole tick,Ixodes arboricola,55.912831637601506,-3.1648005204467453
okTwzojReK0wvgh0v4Wk,2020-11-12T20:33:17,London,Passerine tick,Dermacentor frontalis,51.51308646989949,-0.10470980515846584
qirO4HB95b1A9LuEbcCc,2023-01-19T15:39:03,Sheffield,Passerine tick,Dermacentor frontalis,53.377010858934604,-1.4865694450119473
ha5el3ef6pfPSq1iZh6f,2022-07-03T00:46:12,Newcastle,Fox/badger tick,Ixodes canisuga,54.96784315697557,-1.5971223437226567
uKV79fATq5nigkdW40RK,2014-10-09T09:50:31,Cardiff,Fox/badger tick,Ixodes canisuga,51.4460233970886,-3.2035511849461944
VSYu41t9YrjtK4ceyDIG,2023-01-15T21:43:20,Nottingham,Passerine tick,Dermacentor frontalis,52.999378689341476,-1.191384298049951
wl8KioHl4ALDTsb6Qbp6,2020-10-23T17:48:56,Edinburgh,Fox/badger tick,Ixodes canisuga,55.92341484350343,-3.1748319902607585
o5NUmQARj3P60J3Q7AUV,2020-11-22T16:01:36,Leicester,Passerine tick,Dermacentor frontalis,52.65190857395187,-1.1171298906623768
n9WpB7C0LjiG657dfwdO,2015-05-12T08:31:33,Liverpool,Tree-hole tick,Ixodes arboricola,53.42682329456848,-2.9917673370432314
KN1GRXUhweD3uMzYWz9c,2021-02-26T22:40:06,Sheffield,Passerine tick,Dermacentor frontalis,53.4102241984223,-1.5073765318756398
uNFVHtlNrneqXUOMATZw,2024-10-19T07:34:02,Southampton,Southern rodent tick,Ixodes acuminatus,50.907378142406436,-1.363451682088198
5ct4qdYjEDARY4ki9iL1,2012-08-20T19:15:53,Sheffield,Tree-hole tick,Ixodes arboricola,53.35656775565381,-1.474726773830069
kwcevuBg4tAhTOvhGbpi,2019-10-07T16:53:47,Glasgow,Marsh tick,Ixodes apronophorus,55.86797996005257,-4.27805092708912
JNZVfqZeneYioQad0xWN,2018-08-08T09:53:10,Bristol,Marsh tick,Ixodes apronophorus,51.44896752009903,-2.6201703347171796
oA4D9dQUBh4xImV86bRI,2016-03-08T03:57:06,Birmingham,Passerine tick,Dermacentor frontalis,52.533821977287694,-1.8515857349976959
HL4FsTeEhn3qhvK0N3kM,2019-11-19T13:19:46,Cardiff,Tree-hole tick,Ixodes arboricola,51.486038781364726,-3.1746083995405976
5QiPc4W0jJqy2xV4pGx8,2012-05-11T15:10:47,Glasgow,Fox/badger tick,Ixodes canisuga,55.893377848671186,-4.237608303334482
sfKPPFDk5hi8nUTku5Ha,2016-09-01T13:07:49,Leicester,Tree-hole tick,Ixodes arboricola,52.678482337811204,-1.0877992525740818
gGXXfRChVwUu5HXV6n1s,2012-02-11T03:28:53,Leicester,Fox/badger tick,Ixodes canisuga,52.65844280307283,-1.0941734438460753
rfEQwm0MTtan2vl7tvaw,2012-03-30T20:29:42,Nottingham,Fox/badger tick,Ixodes canisuga,52.904641909054064,-1.1171357525594114
dlZjhHqGj3gyUmAkdGBp,2015-12-07T06:16:10,Sheffield,Marsh tick,Ixodes apronophorus,53.419793651564774,-1.5003966458349198
9meABYFDEA9MMF5JaeRD,2021-05-01T05:31:35,Manchester,Southern rodent tick,Ixodes acuminatus,53.456357571865645,-2.2604645804682026
OQfSQ1XuCumottXlDc9H,2018-01-14T13:03:56,Bristol,Tree-hole tick,Ixodes arboricola,51.441157253324455,-2.572381723869735
M7PMHMUREz50xzWeU7tp,2019-09-07T13:52:05,Edinburgh,Fox/badger tick,Ixodes canisuga,55.97634786460556,-3.1833635778160945
9RInLb9D9Vr6Dl0gq8rw,2012-02-04T22:47:40,Newcastle,Passerine tick,Dermacentor frontalis,54.97893432200043,-1.6006600221315044
bTrvoR9KUIOpgsWIubN4,2019-01-14T08:09:34,Edinburgh,Southern rodent tick,Ixodes acuminatus,55.98139742410629,-3.1675277333658776
5ct4qdYjEDARY4ki9iL1,2012-08-20T19:15:53,Sheffield,Tree-hole tick,Ixodes arboricola,53.387441263779635,-1.4988130764765513
dgbhO0QPLGKBN22W6cpU,2021-03-20T03:56:21,Liverpool,Fox/badger tick,Ixodes canisuga,53.37927954295498,-2.985494898997341
MfEzuLHlq911ndw9WlmL,2018-06-27T10:58:52,Birmingham,Passerine tick,Dermacentor frontalis,52.53525437815311,-1.905340992740079
qPJuZDJGKUCGiTb0Mz3P,2019-11-14T05:14:40,Edinburgh,Tree-hole tick,Ixodes arboricola,55.97725886072405,-3.1863790363940216
oETRSmT4e61kyKkiuhQs,2021-10-25T20:06:40,Birmingham,Tree-hole tick,Ixodes arboricola,52.47765631300066,-1.9458724593813288
46nOhsoyrrsadruPfDZQ,2019-05-20T14:29:24,Cardiff,Fox/badger tick,Ixodes canisuga,51.475630034501194,-3.169569997384755
K7ccFz7V9dJ8Jm496RSz,2019-04-02T17:01:26,Southampton,Tree-hole tick,Ixodes arboricola,50.91921168111326,-1.3654435712531714
lp8kcJbRwptAI1afBk2O,2012-06-23T22:32:40,Nottingham,Passerine tick,Dermacentor frontalis,52.917736831245,-1.123152053651131
ZUT3XVKMqXdWjlAzZg9L,2023-02-13T03:36:29,Cardiff,Passerine tick,Dermacentor frontalis,51.49312391414382,-3.163547107352453
AiYCxGryVjZftdUsw7yl,2023-03-14T20:26:58,London,Passerine tick,Dermacentor frontalis,51.53420801270756,-0.08310033130318327
l1eXK8OjZjEUeFLDLCPk,2017-06-10T10:55:14,Birmingham,Marsh tick,Ixodes apronophorus,52.47954701357981,-1.9334855109530027
n5sekJCGzfrCrRUJAUdV,2014-11-23T13:28:07,Leicester,Tree-hole tick,Ixodes arboricola,52.65099046573411,-1.1512969480776953
FTBzIQ0udjgVPH0a7vZG,2012-06-04T04:49:40,Nottingham,Passerine tick,Dermacentor frontalis,52.91692265163971,-1.1491063575409164
hLfJFsnPxeBOsrbQUVtL,2023-11-24T21:28:09,Leeds,Passerine tick,Dermacentor frontalis,53.76175559920334,-1.5846530537907784
pKyMsVQ6yvdOTa30zb2A,2015-06-30T04:40:44,Birmingham,Southern rodent tick,Ixodes acuminatus,52.538245167126625,-1.8845326317022693
Q2GQId7YuGQcsiDckc9x,2015-10-31T21:44:04,Birmingham,Fox/badger tick,Ixodes canisuga,52.51579854279228,-1.9061352784073988
v1vt9ekMPoGAdQg9miXI,2020-10-12T20:42:50,Bristol,Passerine tick,Dermacentor frontalis,51.42746749119034,-2.542972210904719
qirO4HB95b1A9LuEbcCc,2023-01-19T15:39:03,Sheffield,Passerine tick,Dermacentor frontalis,53.344327277045466,-1.461813890622461
DyFy26uzJvVdtdLcp1lE,2022-05-09T23:47:35,Newcastle,Marsh tick,Ixodes apronophorus,54.92323524282862,-1.586042140215664
igJ8dE6bZgOSvJWyGoVj,2024-03-16T04:05:09,Leeds,Fox/badger tick,Ixodes canisuga,53.761269320920945,-1.5007220495586784
tlmtfB9XPgXGVEibnc7W,2015-04-18T05:12:13,Birmingham,Southern rodent tick,Ixodes acuminatus,52.469844038000936,-1.856320917761864
CE7lsZjdLZU0gneaut6Y,2014-03-18T21:07:53,Leeds,Tree-hole tick,Ixodes arboricola,53.762997215507305,-1.5854984917280934
Ff1JYByXmaS8VRxvw7bP,2022-01-07T11:45:56,Leicester,Marsh tick,Ixodes apronophorus,52.630411551930244,-1.1404868130894625
3WzSJP8VpilsnyxdIVK7,2013-06-08T10:20:21,Leicester,Marsh tick,Ixodes apronophorus,52.65909930639911,-1.156472239975197
mkP5Moftu80FLb0JgTIa,2012-09-26T22:46:23,Sheffield,Marsh tick,Ixodes apronophorus,53.34106175590456,-1.493810843030565
48gLN6vogVwvd36ZJjVL,2023-12-06T14:02:08,Edinburgh,Marsh tick,Ixodes apronophorus,55.93371202278007,-3.170776729772967
pzFGoT55ULEseJLcZreF,2024-05-23T17:05:22,Glasgow,Marsh tick,Ixodes apronophorus,55.87953355593663,-4.288419139092216
E1SoitjUxiTfAlad8Olp,2014-06-05T15:41:31,Cardiff,Passerine tick,Dermacentor frontalis,51.497731412672444,-3.177092050281429
EHShvlC8XYkcToUQds4q,2018-04-08T09:27:40,Sheffield,Passerine tick,Dermacentor frontalis,53.34602222480919,-1.4860085469728204
CRVnFBHoIPSirfmZqBwO,2015-05-22T02:24:58,London,Fox/badger tick,Ixodes canisuga,51.482264067068094,-0.16214305747434843
5dA3kzKUmXMt6G9UvkvG,2012-01-17T08:20:07,Nottingham,Passerine tick,Dermacentor frontalis,52.92821863683149,-1.1771083766470958
VV8ZX1Rk0FXyBcDM55h5,2012-05-25T02:32:13,Sheffield,Tree-hole tick,Ixodes arboricola,53.33493010162875,-1.4859982530042688
g8ACvfJ9Zv4CnfvNWG9F,2019-05-12T00:30:51,London,Passerine tick,Dermacentor frontalis,51.516389107611516,-0.08615345735928102
uNFVHtlNrneqXUOMATZw,2024-10-19T07:34:02,Southampton,Southern rodent tick,Ixodes acuminatus,50.92216994231584,-1.4129868380044113
bocX9wijAxDqtLnTJwQe,2023-11-07T08:21:48,Liverpool,Passerine tick,Dermacentor frontalis,53.417072777280524,-2.938363967438297
o5NUmQARj3P60J3Q7AUV,2020-11-22T16:01:36,Leicester,Passerine tick,Dermacentor frontalis,52.60664253175028,-1.1708472272187336
okXN6rgciNCfndicZntB,2012-09-01T00:11:36,London,Passerine tick,Dermacentor frontalis,51.477192923340226,-0.10536275309997294
G9FARnHZhyjM8f8OyAko,2015-11-05T06:15:02,Bristol,Marsh tick,Ixodes apronophorus,51.46370151222844,-2.5874469051735645
g8ACvfJ9Zv4CnfvNWG9F,2019-05-12T00:30:51,London,Passerine tick,Dermacentor frontalis,51.541114491078275,-0.16048222992815336
dcdXBgt5ygqnsZdvCGKN,2023-04-26T13:30:04,Nottingham,Fox/badger tick,Ixodes canisuga,52.98289243092877,-1.1464801227298773
MY4lwoNR7cDBQm8SBbR5,2022-08-31T07:56:35,Glasgow,Fox/badger tick,Ixodes canisuga,55.90728930574902,-4.292323292181862
mFg3vk2IdqgapFbDktdf,2024-02-23T11:50:07,Bristol,Fox/badger tick,Ixodes canisuga,51.45145845460218,-2.5874128955692726
X6n1au6cDU1WGmXvS48h,2020-08-28T18:36:35,London,Marsh tick,Ixodes apronophorus,51.493166741520504,-0.1252792428944676
FxupEiF9DCD3LDnkGBnz,2017-04-26T21:46:08,Sheffield,Fox/badger tick,Ixodes canisuga,53.337138240531836,-1.4284714914501313
6eSLU6MGCz3wSh5UKFN5,2018-10-02T04:13:24,Newcastle,Passerine tick,Dermacentor frontalis,54.995582607478106,-1.5600979167016993
zRZvDbjM8XZGlBzux6Ln,2014-07-29T01:40:06,Edinburgh,Passerine tick,Dermacentor frontalis,55.9529940038539,-3.2214185720302804
EHShvlC8XYkcToUQds4q,2018-04-08T09:27:40,Sheffield,Passerine tick,Dermacentor frontalis,53.3440918652972,-1.4305666963220536
FBzoHkuYh5Y8aVFrGab8,2020-01-19T00:15:32,Sheffield,Tree-hole tick,Ixodes arboricola,53.41883863136868,-1.4923217562254447
AfFBFPpfAcRmUhiilk8E,2018-12-02T08:59:56,Bristol,Tree-hole tick,Ixodes arboricola,51.474046999569865,-2.57459864298472
x0XPFJPBxVwVSivF0Wk5,2016-12-08T04:53:58,Birmingham,Fox/badger tick,Ixodes canisuga,52.463356779010844,-1.8563288717327695
Yo3gv3haQuhbo6IuZUmB,2013-03-11T09:14:38,Liverpool,Marsh tick,Ixodes apronophorus,53.39930716528222,-2.9684320037810505
UOFs2LXNQhzLHtARw0Ej,2024-08-29T07:02:03,Sheffield,Fox/badger tick,Ixodes canisuga,53.35081954406826,-1.487604837363965
vyIU4iN7vlN5ccIDp1pM,2022-07-24T19:41:58,Manchester,Passerine tick,Dermacentor frontalis,53.47018575952554,-2.220632222099056
1BAyUx8rQnqelYaMLqmP,2015-03-06T15:04:32,Bristol,Fox/badger tick,Ixodes canisuga,51.45835163956031,-2.601741062793678
wcLqXNJP3avv7Kg5H953,2017-08-13T23:22:58,Birmingham,Tree-hole tick,Ixodes arboricola,52.45581545543718,-1.9156081693349456
affWSPHbBB7UVczrpMAf,2024-12-23T06:39:02,Manchester,Southern rodent tick,Ixodes acuminatus,53.46234785053396,-2.195298857553177
44F6xF2nAR63JLoudJTH,2018-03-11T00:59:26,Birmingham,Marsh tick,Ixodes apronophorus,52.534713149419495,-1.9453901582115563
Rxxb163HwD4KgxBRb7CJ,2023-02-18T09:17:17,Leeds,Passerine tick,Dermacentor frontalis,53.85013862127615,-1.5378901004811185
GnJWT1myATkGRLp5sFDc,2022-04-02T07:19:44,Edinburgh,Tree-hole tick,Ixodes arboricola,55.98394281873065,-3.2247500401503193
JlYJCYtGgXG5PPVCV7Ts,2020-02-16T00:52:40,Edinburgh,Fox/badger tick,Ixodes canisuga,55.93426017949076,-3.197282249624551
Zt3sufhZaf1NIZk8FBun,2019-03-17T08:28:51,Bristol,Passerine tick,Dermacentor frontalis,51.45413526822761,-2.5871191859080254
NHvuAoUclpa9sUWDNl0q,2021-08-25T17:18:36,Liverpool,Southern rodent tick,Ixodes acuminatus,53.37117216840544,-2.9514507135468437
vKvwfpPzfYOMCN5xu57s,2020-03-11T02:00:04,Liverpool,Tree-hole tick,Ixodes arboricola,53.4426171735955,-2.938424823038516
fBMQkI2wFCp5SRzKFQm1,2022-05-14T22:06:33,Nottingham,Passerine tick,Dermacentor frontalis,52.9972560368558,-1.1434936409198029
3Nogikm5ECn9BOzGemXt,2024-09-12T05:39:11,Southampton,Fox/badger tick,Ixodes canisuga,50.897447744970705,-1.3951038509273312
BDRM729I8SWLrQ8yQL9P,2016-06-12T21:02:49,Bristol,Fox/badger tick,Ixodes canisuga,51.426482584867294,-2.5784594557161955
IUN8JPXJPQmBBdbs3vid,2012-01-13T01:23:34,Birmingham,Tree-hole tick,Ixodes arboricola,52.488463818722856,-1.8578970017500105
5hBTxnp6BB1WT30MYK1P,2016-06-09T03:33:16,Bristol,Passerine tick,Dermacentor frontalis,51.496962158070225,-2.5394217515929056
afdoemCDFY25zVCJMv72,2013-09-04T13:17:57,Cardiff,Tree-hole tick,Ixodes arboricola,51.50466151110616,-3.1636329725847756
NIIjGEngmmmxjQVuI12A,2015-05-02T01:53:53,Southampton,Marsh tick,Ixodes apronophorus,50.94749969261754,-1.4031381236750928
FvJUDEcC7IsnzvzeNw7L,2016-10-28T07:25:41,Nottingham,Tree-hole tick,Ixodes arboricola,52.93078387782217,-1.1029632056148775
ejfVmgF5fsGQBK4ovfOX,2015-04-07T14:18:14,Bristol,Marsh tick,Ixodes apronophorus,51.42865498150355,-2.5591919753550245
9ylWW5ksm6XXVW59L6Mq,2019-11-18T03:47:55,Bristol,Tree-hole tick,Ixodes arboricola,51.49970174011149,-2.6138921216425195
pzFGoT55ULEseJLcZreF,2024-05-23T17:05:22,Glasgow,Marsh tick,Ixodes apronophorus,55.8760389257962,-4.285062388806915
8QjHL9AYfAD2BNUS0J8p,2015-06-16T21:03:18,Liverpool,Southern rodent tick,Ixodes acuminatus,53.445180807386706,-3.0307618057929773
C26VHMqkZeDApDgxvRxM,2021-03-30T06:26:22,Edinburgh,Marsh tick,Ixodes apronophorus,55.97352885744144,-3.217745186959845
1dc3Sq3ckh8fQ4qm0cSz,2014-05-23T13:45:01,Manchester,Passerine tick,Dermacentor frontalis,53.438772880722205,-2.201507267846912
7ymlbFjZ8KBHBsOmkEsh,2012-03-09T04:01:56,Southampton,Tree-hole tick,Ixodes arboricola,50.86020886064849,-1.3693070436851678
i9V0hJi5gJaR6EmZz5a1,2022-04-21T10:14:16,Glasgow,Tree-hole tick,Ixodes arboricola,55.90983226981412,-4.2251167832009875
MtiwlrClS8xH5ahB95Rh,2018-12-08T15:50:21,Nottingham,Passerine tick,Dermacentor frontalis,52.99209052776767,-1.1325143829374533
vJ5hAN6KuhjDgF5Jx92r,2014-07-30T23:59:26,Newcastle,Passerine tick,Dermacentor frontalis,54.99223065059991,-1.6030395418588859
m34iaKBBTmjpqvVPz6ye,2017-06-04T20:49:28,Edinburgh,Tree-hole tick,Ixodes arboricola,55.95407149026341,-3.144549768161781
ZLExmdsaMwnv9l36XmH5,2018-09-21T17:28:01,Southampton,Southern rodent tick,Ixodes acuminatus,50.89407404656017,-1.3886234507994495
YyYDL6T8CDc6Fo6eUGbN,2015-02-02T22:26:28,Manchester,Fox/badger tick,Ixodes canisuga,53.44640006225448,-2.2677080270709737
lZ1TkYSb4zE1tFGfESgf,2019-11-17T19:28:44,Newcastle,Southern rodent tick,Ixodes acuminatus,54.93983811436526,-1.5724220497988242
1jg81lcxSkVHqe7MXBF7,2013-04-17T19:43:42,Southampton,Fox/badger tick,Ixodes canisuga,50.92336347884016,-1.4410632314795144
BInTrmnfjB0M87GY82MJ,2013-11-21T10:42:25,Bristol,Marsh tick,Ixodes apronophorus,51.435898918857916,-2.6167534750343324
1dnyM0apCiT8NGr9TBIr,2024-07-08T01:47:29,Manchester,Fox/badger tick,Ixodes canisuga,53.50050680281705,-2.2433851505198152
gLawkwnqChU4VLprfJBK,2022-10-20T12:28:41,Birmingham,Passerine tick,Dermacentor frontalis,52.520465035967675,-1.9267372566781122
MqyC1jxKSyTl3eF0Izbg,2013-12-23T23:51:01,Edinburgh,Southern rodent tick,Ixodes acuminatus,55.910808166118805,-3.1527627318995624
WoAAUYMvcyusSmjfYRYM,2021-11-03T14:51:15,Sheffield,Passerine tick,Dermacentor frontalis,53.427073785625915,-1.459464219183533
76V3xoOsWyo2hrWgm1kx,2019-03-28T16:14:20,Birmingham,Tree-hole tick,Ixodes arboricola,52.4666014700728,-1.9106839552472927
yrAgc54LPgifH3KuL65U,2019-11-18T15:16:38,Edinburgh,Fox/badger tick,Ixodes canisuga,55.988917114985895,-3.1556144696287896
DFosZYapObv5xw6zVp70,2024-10-08T09:02:11,Nottingham,Marsh tick,Ixodes apronophorus,52.961691017171134,-1.1345771953100297
mqfnRVwajySN0tmwk47o,2012-04-04T04:51:45,Newcastle,Fox/badger tick,Ixodes canisuga,54.96125790886064,-1.5783499096581397
YAQPqcjZsugM4GDinYde,2016-09-02T20:24:30,Liverpool,Passerine tick,Dermacentor frontalis,53.41943328561667,-3.0009611642907377
Amf3180TYlpUoUakEsfk,2019-03-18T16:26:30,Sheffield,Southern rodent tick,Ixodes acuminatus,53.37771465954702,-1.4278626328570134
46B6DXuzyJVxdM2mrywB,2021-04-21T02:40:22,Cardiff,Fox/badger tick,Ixodes canisuga,51.470865899697046,-3.147911938272323
E9MP5NirTrF3XwlLFakG,2017-06-27T13:11:23,Birmingham,Southern rodent tick,Ixodes acuminatus,52.48131034289878,-1.914882542563993
Sx7xG0zJe5SRSqJG5h9Y,2014-01-21T23:56:36,London,Passerine tick,Dermacentor frontalis,51.52483264259309,-0.07851366093619874
XF6pUxX7Wkw2WfzRAO7s,2017-07-14T05:18:47,Birmingham,Passerine tick,Dermacentor frontalis,52.46915995070691,-1.923983207129754
rfEQwm0MTtan2vl7tvaw,2012-03-30T20:29:42,Nottingham,Fox/badger tick,Ixodes canisuga,52.99369768567358,-1.114263027650304
Jt2CeNQ3CtChMVbKPn9o,2022-03-04T20:21:35,Nottingham,Passerine tick,Dermacentor frontalis,52.90955600846421,-1.1234713909492504
RY3kdsWCT4a7HHZSFdn1,2022-09-06T22:41:29,Edinburgh,Fox/badger tick,Ixodes canisuga,55.9826794649211,-3.1988776745360523
lNLhXoP7dGEUMlQqPLAd,2021-01-20T02:28:09,Glasgow,Southern rodent tick,Ixodes acuminatus,55.86606684064864,-4.252574193462057
xtiEypezSxsfNJVkz3N0,2024-01-13T07:16:39,Bristol,Southern rodent tick,Ixodes acuminatus,51.459586951975886,-2.6212945965669916
aa2mcnLQjrrrMPMiQVA0,2017-08-01T07:23:19,Birmingham,Southern rodent tick,Ixodes acuminatus,52.5019476244171,-1.889746656289143
Zt3sufhZaf1NIZk8FBun,2019-03-17T08:28:51,Bristol,Passerine tick,Dermacentor frontalis,51.474971871703964,-2.5839926233899524
o1Ga1NwaGJhA8jfTNgYO,2016-10-27T04:14:16,Southampton,Passerine tick,Dermacentor frontalis,50.8649482400672,-1.4237334566268856
9cEnX6Uq9ewnINedmf8w,2021-08-09T02:23:53,London,Marsh tick,Ixodes apronophorus,51.473316979656616,-0.1473296392715789
ugzxj8porcW6Y20NuCIe,2013-02-27T15:57:07,Nottingham,Southern rodent tick,Ixodes acuminatus,52.975819390537566,-1.1658058872513901
yHKpQIbUfqdl7h4CYKyf,2012-01-24T00:24:09,Birmingham,Southern rodent tick,Ixodes acuminatus,52.462516527540856,-1.8915057881225752
FUvyJ5g8Deb34YvBdGHc,2017-06-12T20:20:32,Nottingham,Fox/badger tick,Ixodes canisuga,52.99134776148633,-1.1461015804627452
3Nogikm5ECn9BOzGemXt,2024-09-12T05:39:11,Southampton,Fox/badger tick,Ixodes canisuga,50.915454798561456,-1.3659779798221536
QHtdU9t0ORH04X2EN7pq,2015-10-11T01:59:18,London,Southern rodent tick,Ixodes acuminatus,51.542913257300214,-0.16066493002640145
j856qPODHjv9tUuvi8TS,2024-06-14T12:48:17,Southampton,Fox/badger tick,Ixodes canisuga,50.95247914590314,-1.3557479997325819
eAZjRDHT5hlrRAQfLUvy,2015-03-27T07:14:36,Newcastle,Tree-hole tick,Ixodes arboricola,54.94666067528763,-1.5562747763912288
GnJWT1myATkGRLp5sFDc,2022-04-02T07:19:44,Edinburgh,Tree-hole tick,Ixodes arboricola,55.98694539582525,-3.1952795164523797
2jznlhICSCIrnPJ8rgQ7,2017-12-27T05:46:35,Newcastle,Southern rodent tick,Ixodes acuminatus,54.95748077936941,-1.648108606015728
l6rBiiSNeN66kjlp7TXC,2016-05-05T13:59:54,Glasgow,Southern rodent tick,Ixodes acuminatus,55.825518776017546,-4.244044150969214
xdS3lGqhM2W20vb5sVNp,2023-01-24T07:49:02,Leeds,Tree-hole tick,Ixodes arboricola,53.80003599253798,-1.576057934961253
Ff1JYByXmaS8VRxvw7bP,2022-01-07T11:45:56,Leicester,Marsh tick,Ixodes apronophorus,52.64078804239942,-1.1736300433636162
o5NUmQARj3P60J3Q7AUV,2020-11-22T16:01:36,Leicester,Passerine tick,Dermacentor frontalis,52.606138358888266,-1.1527027345139595
fZo64TPqu9vcw47T28Nm,2013-08-23T02:52:43,Newcastle,Marsh tick,Ixodes apronophorus,54.978644199238374,-1.6390422812080998
dgbhO0QPLGKBN22W6cpU,2021-03-20T03:56:21,Liverpool,Fox/badger tick,Ixodes canisuga,53.359852229944984,-2.9601377658075423
hNUiO5Nx4zewL7HBPsSW,2017-02-10T08:55:57,Edinburgh,Tree-hole tick,Ixodes arboricola,55.938727101137324,-3.1596346989739956
8fVd4SzqURqJgSVHOn7i,2012-11-09T20:55:01,Bristol,Tree-hole tick,Ixodes arboricola,51.48563217963017,-2.5410088812587643
dE7Vs9WaVRjQNA6T9rEl,2019-05-17T16:33:45,Edinburgh,Marsh tick,Ixodes apronophorus,55.97669607002517,-3.168721334998399
affWSPHbBB7UVczrpMAf,2024-12-23T06:39:02,Manchester,Southern rodent tick,Ixodes acuminatus,53.488354217429865,-2.207746847354725
vmrBZheRR3laUh7oSSVK,2021-10-03T11:59:12,Glasgow,Tree-hole tick,Ixodes arboricola,55.8674564791007,-4.255876087945273
SUzL86fTG7KMrympCsGE,2021-04-25T15:36:14,Cardiff,Passerine tick,Dermacentor frontalis,51.485258255754836,-3.1435768766377947
IdoWVlLOQ1IaKZ7nGVQu,2014-02-28T07:44:10,Glasgow,Passerine tick,Dermacentor frontalis,55.88466424836588,-4.223144062905613
yWraib2Zv9siRlzVdChS,2021-08-05T04:45:55,London,Southern rodent tick,Ixodes acuminatus,51.540996523885745,-0.06993093106266528
drelGkBlZdCbBt2yGJ7U,2020-03-04T23:01:37,Cardiff,Fox/badger tick,Ixodes canisuga,51.50332350566005,-3.2192513755023553
umDl7UzIWiBB3qb2vM5H,2014-07-08T16:37:15,Manchester,Passerine tick,Dermacentor frontalis,53.47352670553851,-2.2851764186457193
b9qimwpCQXNHSxOOdhbl,2024-02-22T04:12:55,Edinburgh,Marsh tick,Ixodes apronophorus,55.9875929125231,-3.149488789667658
Q2GQId7YuGQcsiDckc9x,2015-10-31T21:44:04,Birmingham,Fox/badger tick,Ixodes canisuga,52.51563607948494,-1.8606020492813464
RKKviq68whgZqyzu1DWf,2018-02-13T00:20:23,Manchester,Southern rodent tick,Ixodes acuminatus,53.501057964027716,-2.2152523196133256
H1l31zA31Jt0uGhYgyhZ,2021-01-20T17:27:55,Newcastle,Southern rodent tick,Ixodes acuminatus,54.97458466673136,-1.6257823102571385
CVG3pk5hMjw54JUAYPTM,2018-08-27T06:13:56,Sheffield,Fox/badger tick,Ixodes canisuga,53.36609240729735,-1.4983931123662735
tiSiAHIwgq0NTVn8HOtd,2014-03-30T10:54:30,Leicester,Fox/badger tick,Ixodes canisuga,52.6473619002713,-1.1084889379307714
X0c832ZZSeaGKmb7dwkB,2018-02-13T03:59:43,Nottingham,Passerine tick,Dermacentor frontalis,52.99101410700135,-1.1614023489266498
vxGUJOnT1EJfIJ9foKrK,2020-12-09T14:07:09,Cardiff,Marsh tick,Ixodes apronophorus,51.43352434945079,-3.155402996579057
6aMgu1nQOYG4NlhNtL2V,2023-07-30T06:01:12,London,Tree-hole tick,Ixodes arboricola,51.55863284835749,-0.10922478624668548
lG6OXJLPH8ZhWZyZAdYK,2019-03-12T15:14:55,Newcastle,Southern rodent tick,Ixodes acuminatus,55.00305997973474,-1.6011764790758163
2pys19ACVjn5pWjRRxaB,2017-06-20T13:50:08,Cardiff,Marsh tick,Ixodes apronophorus,51.52582255234544,-3.2213993946010864
K8R27D3M88flP3QkE8C8,2022-06-29T10:37:20,Liverpool,Passerine tick,Dermacentor frontalis,53.39282973111318,-2.9817542642124835
xmFkWgWYLtVoaD3reP4K,2022-01-23T01:00:55,Newcastle,Passerine tick,Dermacentor frontalis,55.01485951018417,-1.600349442673699
zrUxZiyxhJqo0EzS2k6M,2023-01-30T12:03:56,Leicester,Fox/badger tick,Ixodes canisuga,52.595181422557395,-1.1455378650311927
FgKVi70vRyCuyER9kZWT,2016-10-07T22:28:07,Southampton,Tree-hole tick,Ixodes arboricola,50.9019511280428,-1.408136364106021
BXh9Zef5jLWMNJ0l7Yu3,2020-09-21T07:53:52,Cardiff,Tree-hole tick,Ixodes arboricola,51.443258976708684,-3.136669088322003
JIpX177KvaSfIj0TY7iR,2024-09-28T07:08:08,London,Fox/badger tick,Ixodes canisuga,51.55120563570778,-0.11938685064750304
KMd8Kuhhc8OGaOB0cwy7,2024-04-11T23:47:24,Glasgow,Marsh tick,Ixodes apronophorus,55.83462898814886,-4.219423863108844
j856qPODHjv9tUuvi8TS,2024-06-14T12:48:17,Southampton,Fox/badger tick,Ixodes canisuga,50.89064992202844,-1.4210162362110497
Nbkno212sADyiXDO9C2Z,2020-12-16T01:41:02,Newcastle,Fox/badger tick,Ixodes canisuga,54.937418962909526,-1.5978313075719572
uSZRyS4q7Eb1J0p8InzT,2018-02-09T22:03:51,Cardiff,Marsh tick,Ixodes apronophorus,51.45559636258265,-3.2158238902943226
JSxSd0lnzlGazsLwK2FZ,2023-04-02T10:43:00,Birmingham,Passerine tick,Dermacentor frontalis,52.5027039799195,-1.8652350898439658
uNFVHtlNrneqXUOMATZw,2024-10-19T07:34:02,Southampton,Southern rodent tick,Ixodes acuminatus,50.94620397316978,-1.4166622719959452
rfEQwm0MTtan2vl7tvaw,2012-03-30T20:29:42,Nottingham,Fox/badger tick,Ixodes canisuga,52.968084083192714,-1.154245056440368
uSZRyS4q7Eb1J0p8InzT,2018-02-09T22:03:51,Cardiff,Marsh tick,Ixodes apronophorus,51.51931328917858,-3.2265156646841757
4RLJWhFRd83xZY2Fu2Vk,2022-06-29T21:36:28,Liverpool,Tree-hole tick,Ixodes arboricola,53.406653229847514,-2.949999490533714
tSoyCSAaz3yxZQSp0OFj,2023-02-06T03:44:16,Leicester,Passerine tick,Dermacentor frontalis,52.64871380136715,-1.1591482968276485
x0XPFJPBxVwVSivF0Wk5,2016-12-08T04:53:58,Birmingham,Fox/badger tick,Ixodes canisuga,52.501296092347815,-1.8607304015262085
HsBoKTi0FiHniGgQVJZS,2016-01-05T13:17:11,Sheffield,Fox/badger tick,Ixodes canisuga,53.37635309921569,-1.4732598624759217
cBPjSJ4DmnfeAPnPeV5k,2022-12-18T04:25:10,Liverpool,Passerine tick,Dermacentor frontalis,53.4302703078695,-2.972027216781536
uNFVHtlNrneqXUOMATZw,2024-10-19T07:34:02,Southampton,Southern rodent tick,Ixodes acuminatus,50.95167333006012,-1.4537470335790035
BXh9Zef5jLWMNJ0l7Yu3,2020-09-21T07:53:52,Cardiff,Tree-hole tick,Ixodes arboricola,51.501662001657216,-3.1521074461133414
5zGlbMy45diJFgDwGt0b,2020-03-24T17:15:33,Cardiff,Fox/badger tick,Ixodes canisuga,51.44313241307324,-3.1946318669759077
FgKVi70vRyCuyER9kZWT,2016-10-07T22:28:07,Southampton,Tree-hole tick,Ixodes arboricola,50.91745089580123,-1.3647097377144612
yoPLO3ZYNiLKVh7Cfo1f,2018-06-30T17:00:29,Birmingham,Marsh tick,Ixodes apronophorus,52.51345336492522,-1.8879230516351897
6EotzaikFXHVnCgFA49X,2014-03-12T07:34:49,Manchester,Fox/badger tick,Ixodes canisuga,53.45873594793723,-2.2464133637842782
Ryi8D1cvb12gDVGD86Z0,2019-08-06T05:28:17,Leeds,Passerine tick,Dermacentor frontalis,53.79164837844831,-1.5015944498980505
B0pcUrBM6WnNlWhVMaQz,2014-03-31T01:30:21,Leicester,Tree-hole tick,Ixodes arboricola,52.658867844463884,-1.144430859218127
4VNbwkpZQVkM1jSJ3tIV,2015-08-03T13:38:08,Edinburgh,Southern rodent tick,Ixodes acuminatus,55.95828284087097,-3.194585318673365
rK46AJDNoDva6oPJMK5p,2015-05-25T09:14:20,Sheffield,Fox/badger tick,Ixodes canisuga,53.39957126821203,-1.4537699203536099
q1VBdsWce5QWGzRCuNXL,2017-09-29T15:51:12,Bristol,Passerine tick,Dermacentor frontalis,51.405517002254776,-2.6350533096826787
P7lEgevWcyf4f8gGFxIA,2013-09-22T16:29:54,Newcastle,Tree-hole tick,Ixodes arboricola,54.9923272870945,-1.631046429906112
kKKcVeNAs0nK359VfwRa,2012-09-29T21:32:55,Nottingham,Fox/badger tick,Ixodes canisuga,52.9321645799607,-1.1418742506836443
5KPMyE7RLO5QMoQDAeUG,2022-04-27T20:01:13,Birmingham,Fox/badger tick,Ixodes canisuga,52.47819128318051,-1.8924243630043234
Iq3o97B33HJ88BOsIIIV,2023-03-28T10:51:51,Southampton,Marsh tick,Ixodes apronophorus,50.952496697906724,-1.4150224239609668
9meABYFDEA9MMF5JaeRD,2021-05-01T05:31:35,Manchester,Southern rodent tick,Ixodes acuminatus,53.458262258557724,-2.284529048327063
uKV79fATq5nigkdW40RK,2014-10-09T09:50:31,Cardiff,Fox/badger tick,Ixodes canisuga,51.47506995239834,-3.141264793690484
YAQPqcjZsugM4GDinYde,2016-09-02T20:24:30,Liverpool,Passerine tick,Dermacentor frontalis,53.43839304854621,-2.939794144387821
yWraib2Zv9siRlzVdChS,2021-08-05T04:45:55,London,Southern rodent tick,Ixodes acuminatus,51.53029957277981,-0.10504740385194068
jeYWlOq7ndYtpjCuEToC,2020-12-14T13:25:18,Leeds,Fox/badger tick,Ixodes canisuga,53.823942146015625,-1.562692476149281
8tPfltDuCe9bHXUP1szQ,2013-01-18T18:04:17,Liverpool,Marsh tick,Ixodes apronophorus,53.365153470741774,-3.0297385206080096
JbAXebsbCrAhgtPpVHEB,2022-05-01T12:31:27,Edinburgh,Tree-hole tick,Ixodes arboricola,55.926437739569955,-3.14698490544006
44F6xF2nAR63JLoudJTH,2018-03-11T00:59:26,Birmingham,Marsh tick,Ixodes apronophorus,52.507539377151616,-1.8647389258474592
G9FARnHZhyjM8f8OyAko,2015-11-05T06:15:02,Bristol,Marsh tick,Ixodes apronophorus,51.416878944115716,-2.5476941946149396
fBMQkI2wFCp5SRzKFQm1,2022-05-14T22:06:33,Nottingham,Passerine tick,Dermacentor frontalis,52.90067553364532,-1.10886319154776
LIYCcqZ4sMDMWLCapOYW,2016-12-25T20:50:17,Cardiff,Tree-hole tick,Ixodes arboricola,51.46531831634138,-3.14782574630387
qirO4HB95b1A9LuEbcCc,2023-01-19T15:39:03,Sheffield,Passerine tick,Dermacentor frontalis,53.41127174317733,-1.4772451192628717
6BgeW0SeM37jZNYrzzHd,2015-04-08T07:26:58,Glasgow,Marsh tick,Ixodes apronophorus,55.83065165935554,-4.247229514165062
4MkOEqCML2vUFL7h7RrB,2023-02-27T09:09:01,Nottingham,Marsh tick,Ixodes apronophorus,52.94040641761799,-1.1131196597173296
zIid7p1umsoHWewLx7sS,2021-09-22T22:50:42,Cardiff,Fox/badger tick,Ixodes canisuga,51.447422306307644,-3.1937450817036455
yCnT5AExmdUzu51zrqcS,2021-01-13T18:53:35,Glasgow,Tree-hole tick,Ixodes arboricola,55.90707368120159,-4.290699095259179
ejnyhBc0tUnoeo2FUPi9,2013-08-07T04:01:04,Bristol,Fox/badger tick,Ixodes canisuga,51.454837167395475,-2.599330284807759
SieaANJiDLOGMzeJN9il,2022-11-22T12:58:19,Nottingham,Fox/badger tick,Ixodes canisuga,52.928392720365224,-1.1877191828086506
tfsEWZQGwOE5HTfVPRS0,2014-02-13T20:33:49,Bristol,Southern rodent tick,Ixodes acuminatus,51.43623785802037,-2.5437872373367814
YAQPqcjZsugM4GDinYde,2016-09-02T20:24:30,Liverpool,Passerine tick,Dermacentor frontalis,53.395238186739945,-2.970829309126188
8ujl6nxHxcl83m3pc90o,2018-02-10T01:51:48,Southampton,Marsh tick,Ixodes apronophorus,50.88375569694273,-1.3802833287216292
ZqZWzvsvbpezAscUTU1T,2021-12-01T12:20:08,Birmingham,Passerine tick,Dermacentor frontalis,52.43988120848276,-1.8656903557367417
IdoWVlLOQ1IaKZ7nGVQu,2014-02-28T07:44:10,Glasgow,Passerine tick,Dermacentor frontalis,55.88922902709838,-4.247698009716765
GFvwBwlKqG452CvPCekP,2015-02-18T14:43:58,Bristol,Southern rodent tick,Ixodes acuminatus,51.406131851966116,-2.611684764891977
E7fOH4Ht6Q63KT7Qlhpp,2020-11-15T09:58:23,Glasgow,Tree-hole tick,Ixodes arboricola,55.849242384574914,-4.2840220904878406
Yo3gv3haQuhbo6IuZUmB,2013-03-11T09:14:38,Liverpool,Marsh tick,Ixodes apronophorus,53.354871845250635,-2.950788562639438
Zt3sufhZaf1NIZk8FBun,2019-03-17T08:28:51,Bristol,Passerine tick,Dermacentor frontalis,51.43453840822691,-2.5486878707194602
9Rz2vmcBSPcSDPFmyozl,2024-08-04T08:11:41,Glasgow,Passerine tick,Dermacentor frontalis,55.82668413534175,-4.289256427345427
MtiwlrClS8xH5ahB95Rh,2018-12-08T15:50:21,Nottingham,Passerine tick,Dermacentor frontalis,52.92156671227784,-1.17789525263559
CePZOLqnifb7xxYbQVyF,2015-08-30T12:50:16,Bristol,Tree-hole tick,Ixodes arboricola,51.47384523504463,-2.6000545151640306
FUiiJZzGqvvJhETffqR0,2016-04-03T09:09:42,Bristol,Passerine tick,Dermacentor frontalis,51.492810221339106,-2.624533557979494
WFXHYAiEyCHmKUUrnuo7,2017-02-07T14:45:48,Glasgow,Marsh tick,Ixodes apronophorus,55.90927981740531,-4.214671288635908
46B6DXuzyJVxdM2mrywB,2021-04-21T02:40:22,Cardiff,Fox/badger tick,Ixodes canisuga,51.47236131873586,-3.131463559282166
j67AXxhYW3r6fODJl8eA,2012-11-15T08:21:23,Nottingham,Southern rodent tick,Ixodes acuminatus,52.92401004553688,-1.114640178083279
hLfJFsnPxeBOsrbQUVtL,2023-11-24T21:28:09,Leeds,Passerine tick,Dermacentor frontalis,53.75249360565024,-1.5777259329343947
nPvkj6pbQuRBEyTkwHfd,2017-02-23T18:02:08,Leeds,Southern rodent tick,Ixodes acuminatus,53.78461026989563,-1.5895610236370852
44F6xF2nAR63JLoudJTH,2018-03-11T00:59:26,Birmingham,Marsh tick,Ixodes apronophorus,52.53280542123111,-1.8824314001727989
3Qj53M61V3tLVwBNNPEY,2020-11-09T10:03:31,Glasgow,Marsh tick,Ixodes apronophorus,55.82736298094251,-4.253423085330036
KpYUVcWhJKsNzMYCykxt,2012-07-14T23:55:19,Liverpool,Tree-hole tick,Ixodes arboricola,53.42902328626191,-3.023003150263292
lawjTuM08liQBHkm9dCI,2019-03-05T18:51:10,Liverpool,Tree-hole tick,Ixodes arboricola,53.42068402857586,-2.981728118397252
3KIhIxMpAXjXZLbljrBP,2016-04-03T14:00:37,Glasgow,Southern rodent tick,Ixodes acuminatus,55.870585509064185,-4.235973943524904
ah65fLip1gtpeO3NM6Pl,2020-07-31T11:39:19,Newcastle,Southern rodent tick,Ixodes acuminatus,54.97047366710423,-1.6124660260469568
1cwi6SlTNeS2WCXeWJWx,2012-03-10T00:08:03,Cardiff,Tree-hole tick,Ixodes arboricola,51.476906380104175,-3.169639485088338
lIPrppLZJ182GqraMR9j,2020-01-15T10:18:38,Birmingham,Marsh tick,Ixodes apronophorus,52.49215047332922,-1.8613861228856348
amJcbzHtGSbXwRYTiRIe,2014-06-18T23:03:12,London,Tree-hole tick,Ixodes arboricola,51.46465253241918,-0.13696131898560057
zqi4h2YYgl1YFz0YsLOQ,2016-11-25T08:29:25,Leicester,Fox/badger tick,Ixodes canisuga,52.624637837856596,-1.1203924052227001
GzwgsqiMRGu8zTMVtn6U,2021-03-28T17:42:23,Leeds,Fox/badger tick,Ixodes canisuga,53.75962719642489,-1.5843996665796751
K40qS0HJxOtoC9Sd9lry,2015-11-12T21:00:06,Nottingham,Southern rodent tick,Ixodes acuminatus,52.93347171437664,-1.1320572369541302
D16roCvyIFzWS9r9oK2Q,2014-02-22T10:42:48,Leeds,Passerine tick,Dermacentor frontalis,53.75174043104129,-1.5625488257174256
yoPLO3ZYNiLKVh7Cfo1f,2018-06-30T17:00:29,Birmingham,Marsh tick,Ixodes apronophorus,52.48984547141853,-1.9440312203737922
6uL0leRbGkixrE6S44ZA,2017-07-02T11:14:51,Manchester,Fox/badger tick,Ixodes canisuga,53.52046930362466,-2.2868540023143114
QUH9aKMRXOkJMvTS1set,2014-01-28T00:35:34,Liverpool,Fox/badger tick,Ixodes canisuga,53.37543852508214,-2.9388726350010126
IWkIdJFsPjd9E990hs0M,2023-08-08T23:36:14,London,Tree-hole tick,Ixodes arboricola,51.49839662579302,-0.07042864676591425
CL0xiYDZIjJLpMDJOe2V,2014-08-14T23:46:15,Liverpool,Tree-hole tick,Ixodes arboricola,53.40834409846758,-2.945792748343454
KciNxloIgscOuLLggnT5,2017-01-11T03:55:08,Newcastle,Tree-hole tick,Ixodes arboricola,54.98984392442017,-1.5545890672701892
RnSpVb0K9iJEosUDfah1,2018-09-12T13:05:24,Southampton,Southern rodent tick,Ixodes acuminatus,50.901056418576296,-1.436824643965147
7VXMlHYUA3z07lov9SQl,2017-11-26T20:55:51,Edinburgh,Southern rodent tick,Ixodes acuminatus,55.9467102427981,-3.2017876360494855
KN1tzAlN0sw5XWqq7Bmb,2018-10-11T14:16:48,Edinburgh,Passerine tick,Dermacentor frontalis,55.920145254074136,-3.190084387888021
pKyMsVQ6yvdOTa30zb2A,2015-06-30T04:40:44,Birmingham,Southern rodent tick,Ixodes acuminatus,52.52921745475265,-1.9271551998732543
Iq1ASgLNepeZGf0cy7HC,2022-02-13T20:48:00,Bristol,Passerine tick,Dermacentor frontalis,51.44133118083153,-2.5637226681612577
oETRSmT4e61kyKkiuhQs,2021-10-25T20:06:40,Birmingham,Tree-hole tick,Ixodes arboricola,52.51516566873175,-1.9051245325817185
7oUykby0KgASEuB7HmsC,2021-10-29T19:02:08,Southampton,Tree-hole tick,Ixodes arboricola,50.92613473890231,-1.4521696415098084
xdS3lGqhM2W20vb5sVNp,2023-01-24T07:49:02,Leeds,Tree-hole tick,Ixodes arboricola,53.7951326544016,-1.5694802020295806
Lvzn7hihmoCyVNfw8Rw3,2015-06-09T10:38:32,Nottingham,Passerine tick,Dermacentor frontalis,52.94977680473193,-1.1790887160523513
aI3eNTq4eWwOsLrTsyoJ,2022-11-13T18:06:39,Birmingham,Passerine tick,Dermacentor frontalis,52.44731372492507,-1.9207055952668892
M28JMO91pz8UXy3lI9kg,2014-08-16T15:51:50,Glasgow,Marsh tick,Ixodes apronophorus,55.85452258791297,-4.296335521224639
oLNRElZvkIwuvDpSJCUG,2022-11-29T13:09:18,Leeds,Southern rodent tick,Ixodes acuminatus,53.79685863021007,-1.5497298014522762
3Qj53M61V3tLVwBNNPEY,2020-11-09T10:03:31,Glasgow,Marsh tick,Ixodes apronophorus,55.81586290299753,-4.236422817427214
ibK1G4b6OytOC8q2EK6u,2012-03-16T15:39:34,Edinburgh,Southern rodent tick,Ixodes acuminatus,55.91162439059932,-3.2112137740265045
WLoKQlCc6jXzjvp9cz4P,2020-12-17T02:08:00,Southampton,Fox/badger tick,Ixodes canisuga,50.91320480838344,-1.4112765097483797
x0XPFJPBxVwVSivF0Wk5,2016-12-08T04:53:58,Birmingham,Fox/badger tick,Ixodes canisuga,52.52681235492062,-1.9389843994100282
GDL6K8jgn6EE5gwhCgB1,2013-10-28T22:29:11,Manchester,Passerine tick,Dermacentor frontalis,53.50369516582698,-2.2056241366047997
fND8oqrdassrPfr7WTCR,2024-08-20T22:52:13,Glasgow,Passerine tick,Dermacentor frontalis,55.88309367428594,-4.267129715626888
XXanBmXiHvZkJfQLTIY7,2012-09-24T12:06:55,Liverpool,Tree-hole tick,Ixodes arboricola,53.372436542444774,-3.006037581668912
2YFTaHRPnYF3wQERz3gq,2015-07-05T09:49:58,Birmingham,Tree-hole tick,Ixodes arboricola,52.47709001253183,-1.880115605112605
HO0q17NDojT8Ouf6dntF,2019-12-14T15:50:15,London,Fox/badger tick,Ixodes canisuga,51.517487064386074,-0.12479270833893219
jhZLsXznSeliftQ6bCRH,2015-11-08T01:49:49,Manchester,Marsh tick,Ixodes apronophorus,53.529693366957545,-2.203767280836622
48gLN6vogVwvd36ZJjVL,2023-12-06T14:02:08,Edinburgh,Marsh tick,Ixodes apronophorus,55.90874590361579,-3.209408375473129
0JDKkIqLbrytQyWTq08t,2019-02-20T13:56:04,Birmingham,Passerine tick,Dermacentor frontalis,52.446524431568946,-1.904140646278429
K8R27D3M88flP3QkE8C8,2022-06-29T10:37:20,Liverpool,Passerine tick,Dermacentor frontalis,53.40173120616647,-3.001271220973979
3vAbBAAcmpIC0uFp4qK9,2024-10-23T00:29:35,Nottingham,Fox/badger tick,Ixodes canisuga,52.9569137294916,-1.1584389659597747
DyFy26uzJvVdtdLcp1lE,2022-05-09T23:47:35,Newcastle,Marsh tick,Ixodes apronophorus,54.91956841427585,-1.565961259857321
LtqWS9zdnisxeLymLVou,2012-10-23T09:13:20,Bristol,Marsh tick,Ixodes apronophorus,51.43019293836841,-2.5384235548675247
qirO4HB95b1A9LuEbcCc,2023-01-19T15:39:03,Sheffield,Passerine tick,Dermacentor frontalis,53.37126803168747,-1.4381174148611942
u4rUvuPvWMGxMpAArmGT,2020-10-22T12:22:34,London,Passerine tick,Dermacentor frontalis,51.532456216715296,-0.11049377519837295
oPsSEOUH8TCt29bdUHzp,2020-12-11T21:36:33,Leicester,Southern rodent tick,Ixodes acuminatus,52.613277954812155,-1.0894213453440351
4XlbZB98NFfaIaZS1sdR,2020-08-19T12:07:08,Leicester,Southern rodent tick,Ixodes acuminatus,52.66717469642973,-1.1529284002661804
SieaANJiDLOGMzeJN9il,2022-11-22T12:58:19,Nottingham,Fox/badger tick,Ixodes canisuga,52.97942179475797,-1.130327282484061
dEtBKILZrtVli6ijuZmZ,2015-10-13T13:05:54,Glasgow,Fox/badger tick,Ixodes canisuga,55.84184153331104,-4.209993720030045
AiYCxGryVjZftdUsw7yl,2023-03-14T20:26:58,London,Passerine tick,Dermacentor frontalis,51.4643054814617,-0.1486414942026863
gLxMbOJPFUJA5CDErIXf,2016-05-16T08:17:46,Newcastle,Passerine tick,Dermacentor frontalis,54.93645935679712,-1.6082770288148371
lIPMeK3Lerk35ZxV8jvN,2016-12-14T15:32:50,Bristol,Southern rodent tick,Ixodes acuminatus,51.48622506605508,-2.6336380507263164
6BgeW0SeM37jZNYrzzHd,2015-04-08T07:26:58,Glasgow,Marsh tick,Ixodes apronophorus,55.85243005501511,-4.206597832040709
nzAt9IY31jSDg3z2rHca,2015-07-10T00:15:17,Glasgow,Marsh tick,Ixodes apronophorus,55.825667538178315,-4.207095327259372
5Qe4AAJsQpmQYlXmQoHn,2017-07-11T16:46:25,Southampton,Passerine tick,Dermacentor frontalis,50.94077477910276,-1.4195238948818956
iGzZukRFlnPhK0xWVnaz,2023-01-08T08:08:21,Liverpool,Fox/badger tick,Ixodes canisuga,53.358148590807126,-3.0116400239043397
VSYu41t9YrjtK4ceyDIG,2023-01-15T21:43:20,Nottingham,Passerine tick,Dermacentor frontalis,52.98956943776709,-1.181933477518197
ET4z01CZ3w5sdrxppC9A,2023-02-21T03:58:01,Manchester,Marsh tick,Ixodes apronophorus,53.43482885665883,-2.205214009305168
SUzL86fTG7KMrympCsGE,2021-04-25T15:36:14,Cardiff,Passerine tick,Dermacentor frontalis,51.48332247267129,-3.2102779289859944
FNRJmAyWPntyivP6zrsb,2018-02-28T14:49:55,Manchester,Passerine tick,Dermacentor frontalis,53.46201322834402,-2.2108917863439728
70TzB7ZFD0EyJFSwBC61,2018-01-27T19:35:18,Newcastle,Fox/badger tick,Ixodes canisuga,54.91773103204293,-1.5894946251845072
JlYJCYtGgXG5PPVCV7Ts,2020-02-16T00:52:40,Edinburgh,Fox/badger tick,Ixodes canisuga,55.934834059371,-3.215918165039473
tKScVXgJhi9vRdG2fnV1,2012-08-10T19:02:13,Glasgow,Fox/badger tick,Ixodes canisuga,55.84920735237694,-4.295710141446886
j856qPODHjv9tUuvi8TS,2024-06-14T12:48:17,Southampton,Fox/badger tick,Ixodes canisuga,50.91797304382071,-1.3788331847083535
dKLXu0wZpgi692l9m5Zc,2012-12-28T11:15:01,Birmingham,Passerine tick,Dermacentor frontalis,52.47247012034832,-1.918297953140611
6pU9CjVB3BlQFa2PMBlm,2021-03-29T04:38:34,Leeds,Passerine tick,Dermacentor frontalis,53.82479231571199,-1.5461768471327928
xmFkWgWYLtVoaD3reP4K,2022-01-23T01:00:55,Newcastle,Passerine tick,Dermacentor frontalis,54.961755590770565,-1.5630345019763914
K4Fs8p4nH7x9EUjm7sOe,2014-07-27T17:40:18,Liverpool,Southern rodent tick,Ixodes acuminatus,53.439648620630244,-3.0020467457327467
yCnT5AExmdUzu51zrqcS,2021-01-13T18:53:35,Glasgow,Tree-hole tick,Ixodes arboricola,55.90266254013487,-4.228760690584147
nrLSTjahy0VmHlUIlxMA,2015-06-01T00:12:09,Birmingham,Tree-hole tick,Ixodes arboricola,52.5306958691424,-1.9092604113067517
D2egeOh3xsNtVaLMzK3u,2014-02-28T15:42:21,Leeds,Southern rodent tick,Ixodes acuminatus,53.75497787329818,-1.5638530988036046
klMtwuJjnqjwY49eLsHc,2014-01-07T21:48:51,Cardiff,Southern rodent tick,Ixodes acuminatus,51.46751395463638,-3.2010576790891387
2jznlhICSCIrnPJ8rgQ7,2017-12-27T05:46:35,Newcastle,Southern rodent tick,Ixodes acuminatus,55.01466660254545,-1.5901345591223006
1dc3Sq3ckh8fQ4qm0cSz,2014-05-23T13:45:01,Manchester,Passerine tick,Dermacentor frontalis,53.447287934958545,-2.2109950734007695
6EAhpY86qoLTW76pGT3G,2015-03-19T23:14:03,Birmingham,Tree-hole tick,Ixodes arboricola,52.461272359540146,-1.9098532675992932
JIpX177KvaSfIj0TY7iR,2024-09-28T07:08:08,London,Fox/badger tick,Ixodes canisuga,51.54369910343994,-0.07879756163140365
DvaifYQDRUDP5iNAZuqB,2023-04-05T04:30:23,Sheffield,Southern rodent tick,Ixodes acuminatus,53.40824543195863,-1.4206578556298508
JEdr5UCUnujGMVr5K97V,2019-11-12T12:13:36,Nottingham,Tree-hole tick,Ixodes arboricola,52.98398246999919,-1.1673566203571875
yHKpQIbUfqdl7h4CYKyf,2012-01-24T00:24:09,Birmingham,Southern rodent tick,Ixodes acuminatus,52.46281244061045,-1.877305325586593
IDu5mjGPOqV0BpDSor2o,2017-05-17T02:10:22,Leicester,Fox/badger tick,Ixodes canisuga,52.59199955474352,-1.1005720797553873
L21gsSkavTojnIuiip4P,2016-07-28T23:39:36,Bristol,Fox/badger tick,Ixodes canisuga,51.462824738642404,-2.6052441622807696
7bXdoYrNX2P2TaIXMUyw,2021-04-03T11:03:10,Glasgow,Passerine tick,Dermacentor frontalis,55.83992850924904,-4.27640562457354
n5sekJCGzfrCrRUJAUdV,2014-11-23T13:28:07,Leicester,Tree-hole tick,Ixodes arboricola,52.65641374651672,-1.1261012948079954
95d6UcbocqaEIO52w10W,2017-07-27T03:16:45,Newcastle,Southern rodent tick,Ixodes acuminatus,54.93783387559203,-1.5623226430903927
HHWT4HRxJt3yvV30dbfH,2017-01-02T10:07:09,Southampton,Marsh tick,Ixodes apronophorus,50.86139824238261,-1.3789562250759622
Owo79mOrSMA1FEdvOPad,2021-02-09T07:29:40,London,Passerine tick,Dermacentor frontalis,51.55101158421785,-0.1530957672738043
9tqlaH9WKbPRBiElq5RP,2012-05-02T23:28:49,London,Tree-hole tick,Ixodes arboricola,51.535116626161496,-0.07504611028581425
y51ZWE8b5pgZ0aS0KuPo,2018-06-05T06:19:35,Liverpool,Fox/badger tick,Ixodes canisuga,53.402429765649934,-2.9474821708063286
odYmefUrOwFcGraN2dmt,2019-06-27T01:17:53,Cardiff,Southern rodent tick,Ixodes acuminatus,51.51651760241565,-3.1717378717068816
2YFTaHRPnYF3wQERz3gq,2015-07-05T09:49:58,Birmingham,Tree-hole tick,Ixodes arboricola,52.50796022055357,-1.8769586877044728
ViVrgZ2PxFSokGkZlS5D,2021-07-31T19:24:24,London,Marsh tick,Ixodes apronophorus,51.53317582619413,-0.14256333739912666
MjR9kUJjCb2Hxe61X3Av,2013-09-15T22:59:01,Leeds,Southern rodent tick,Ixodes acuminatus,53.82274667213728,-1.5747386475336733
9vFF9tEofSP8UG0wlxRw,2015-04-30T13:08:43,Leeds,Tree-hole tick,Ixodes arboricola,53.766618607042865,-1.5593049913900006
FxJC5DrgT7gPyMLLeP1p,2018-07-17T07:49:54,Bristol,Fox/badger tick,Ixodes canisuga,51.427229078360206,-2.5488666740885355
684sh2EI7jB0PotoPDcy,2023-03-23T22:05:04,Sheffield,Tree-hole tick,Ixodes arboricola,53.366045407559085,-1.4967993577464345
7wM3049Ld2GQEaReLB2p,2021-10-16T09:53:37,Glasgow,Tree-hole tick,Ixodes arboricola,55.84941112450651,-4.218679628964911
ZLExmdsaMwnv9l36XmH5,2018-09-21T17:28:01,Southampton,Southern rodent tick,Ixodes acuminatus,50.933777680964084,-1.3728186717636615
ldPKYSBxc8awNLYd8hBs,2016-07-26T22:44:05,Leicester,Fox/badger tick,Ixodes canisuga,52.68101398660937,-1.1176942452813932
uSZRyS4q7Eb1J0p8InzT,2018-02-09T22:03:51,Cardiff,Marsh tick,Ixodes apronophorus,51.44228268988427,-3.2287488328582703
Gvp7ycLregHAROvPsMPc,2017-02-28T06:31:25,London,Fox/badger tick,Ixodes canisuga,51.4944900573256,-0.08678182675042692
bocX9wijAxDqtLnTJwQe,2023-11-07T08:21:48,Liverpool,Passerine tick,Dermacentor frontalis,53.42311921807075,-2.9670648512318203
4MkOEqCML2vUFL7h7RrB,2023-02-27T09:09:01,Nottingham,Marsh tick,Ixodes apronophorus,52.91159377866477,-1.1165794077224154
srhcxv1CgtCUYLcBY0fC,2020-01-18T10:49:41,Glasgow,Marsh tick,Ixodes apronophorus,55.907955999290095,-4.300924849021369
NWGsV7RVmEZp3wj1bIxl,2022-12-04T12:45:44,Southampton,Fox/badger tick,Ixodes canisuga,50.90753453509887,-1.3699762304864278
oQRcAQt3uQXKAijMA1CT,2019-04-18T09:11:41,Bristol,Tree-hole tick,Ixodes arboricola,51.43668695173581,-2.600836020456282
xHuPaFkWYKEcdKxdyzPC,2015-03-03T15:48:22,Sheffield,Fox/badger tick,Ixodes canisuga,53.41425350580922,-1.4889572730756275
9EFXCFxCVXy6apCASOs1,2015-12-06T05:58:08,Newcastle,Marsh tick,Ixodes apronophorus,54.974156085847504,-1.6017800281477663
7RovjFKDhuLUoOvgFwTH,2023-09-17T22:19:35,Sheffield,Fox/badger tick,Ixodes canisuga,53.373292277153425,-1.4934856410793353
H1l31zA31Jt0uGhYgyhZ,2021-01-20T17:27:55,Newcastle,Southern rodent tick,Ixodes acuminatus,54.976332083521974,-1.622424794727111
pzFGoT55ULEseJLcZreF,2024-05-23T17:05:22,Glasgow,Marsh tick,Ixodes apronophorus,55.879603643938225,-4.276245393556545
i50OyQ3jxr64LVAbCxhF,2014-03-26T11:48:38,Liverpool,Marsh tick,Ixodes apronophorus,53.42723794452963,-2.960253783475131
2cv4kihvGZ1M3JCz1dS6,2024-01-06T21:51:00,Liverpool,Marsh tick,Ixodes apronophorus,53.435233517547594,-3.0127972215607137
p02kHlSDJdauo5dAPlC2,2016-12-19T09:01:48,Sheffield,Fox/badger tick,Ixodes canisuga,53.42460773311761,-1.439246105530121
A8rTatyF5W8IQkgvFNMG,2014-07-31T09:14:28,Nottingham,Tree-hole tick,Ixodes arboricola,52.99424621119942,-1.1480465371748834
tFVRiSzMnCJgVDqkJnAS,2021-09-02T12:23:36,Glasgow,Southern rodent tick,Ixodes acuminatus,55.83462347180931,-4.209004749825869
44F6xF2nAR63JLoudJTH,2018-03-11T00:59:26,Birmingham,Marsh tick,Ixodes apronophorus,52.500019310347724,-1.858612928862807
EoCsJjgHPjApkg4O2x2n,2016-01-04T15:50:39,Manchester,Marsh tick,Ixodes apronophorus,53.53084302939396,-2.273408647505414
IPDQ5fM2XMMPLJCpbMmx,2024-05-02T22:56:08,Leicester,Tree-hole tick,Ixodes arboricola,52.605414156809545,-1.1549668161913418
MqyC1jxKSyTl3eF0Izbg,2013-12-23T23:51:01,Edinburgh,Southern rodent tick,Ixodes acuminatus,55.98885256183811,-3.1794428662888023
BSNcTK5vwatLS1Na31tE,2023-01-09T11:43:17,Cardiff,Marsh tick,Ixodes apronophorus,51.464055332248265,-3.173667227227896
p9ZvVRFJKo8cyCfAnqKY,2020-06-20T21:26:08,Bristol,Fox/badger tick,Ixodes canisuga,51.46320544357781,-2.6291052629309206
T1y5jHL1FcoH4LDgZo6X,2019-10-15T06:08:13,Liverpool,Southern rodent tick,Ixodes acuminatus,53.36793898407289,-3.0118932592170946
gBo8rP0FeL7fVlBeGstO,2013-09-15T21:50:22,London,Fox/badger tick,Ixodes canisuga,51.512285322775185,-0.08843308436851771
JaqAzUFVgyQ5NEGgyM2j,2012-01-06T18:04:03,Birmingham,Passerine tick,Dermacentor frontalis,52.49260509604685,-1.9205923171566968
XzQuNC7pzZFFl3hZGI5b,2016-07-09T10:54:45,Liverpool,Tree-hole tick,Ixodes arboricola,53.43979149900366,-2.935567959513553
aiJdkuW11kqcI3whhUBX,2012-08-09T08:28:49,Manchester,Passerine tick,Dermacentor frontalis,53.48342026501424,-2.211943208298776
Pbt56iOYPDE1LNzGtKfG,2021-11-06T06:03:34,Birmingham,Marsh tick,Ixodes apronophorus,52.4648816836408,-1.9124964882390578
PDIAFN2zMkrkA1CPELRH,2016-05-07T18:26:03,Nottingham,Southern rodent tick,Ixodes acuminatus,52.935856491045854,-1.1249093360733413
XF6pUxX7Wkw2WfzRAO7s,2017-07-14T05:18:47,Birmingham,Passerine tick,Dermacentor frontalis,52.47522568016673,-1.8898442199026921
jcF9MRhT35VwgGWaVB8M,2021-03-19T12:44:44,Cardiff,Southern rodent tick,Ixodes acuminatus,51.515728239326464,-3.226607634569575
l8fMYrtE62bflvPfFELr,2024-05-12T10:47:07,Liverpool,Passerine tick,Dermacentor frontalis,53.35248436832209,-2.9922798588420862
kwcevuBg4tAhTOvhGbpi,2019-10-07T16:53:47,Glasgow,Marsh tick,Ixodes apronophorus,55.888313483825264,-4.220914387231627
e6rsfodIkBtQQH4e2BiD,2013-02-14T06:01:21,Newcastle,Southern rodent tick,Ixodes acuminatus,54.92086736198523,-1.5867083199423326
ah65fLip1gtpeO3NM6Pl,2020-07-31T11:39:19,Newcastle,Southern rodent tick,Ixodes acuminatus,54.94199954408206,-1.6162988686632587
y7ETHtNRFxSWvbQ7hw0x,2024-03-13T14:34:43,Birmingham,Marsh tick,Ixodes apronophorus,52.52076486117849,-1.9183575247720057
9b14enFIrnyjMb5Vswk9,2014-04-20T06:15:14,Nottingham,Fox/badger tick,Ixodes canisuga,52.96378337430628,-1.1072016598443368
ZjWH69Zklwlz8hOvfOUJ,2017-06-06T00:54:12,Bristol,Fox/badger tick,Ixodes canisuga,51.430869032368555,-2.6163694431341424
0KWpLGYsmDgVEVQckW7f,2016-09-19T06:05:49,Glasgow,Tree-hole tick,Ixodes arboricola,55.88213254433139,-4.2725677997565015
dV9s3G8Wqp2WmFq5EONw,2021-11-16T18:28:35,Nottingham,Fox/badger tick,Ixodes canisuga,52.924904769642744,-1.1300399807450745
T9DVmtxedNDwma6D8H5U,2023-05-05T03:50:06,Sheffield,Passerine tick,Dermacentor frontalis,53.3714685098786,-1.5091330411489412
szOO4Me73AonK5KAGyvv,2013-06-27T08:24:19,Liverpool,Marsh tick,Ixodes apronophorus,53.43966477237792,-2.953764896675781
Nbkno212sADyiXDO9C2Z,2020-12-16T01:41:02,Newcastle,Fox/badger tick,Ixodes canisuga,54.9952987638578,-1.602243875017492
HlwX1As41KVOnWAkXheg,2022-02-20T17:49:07,Cardiff,Southern rodent tick,Ixodes acuminatus,51.530824320953755,-3.226465768924598
mMWRdEKwKCVA4EI7OeCZ,2012-01-15T21:00:06,Nottingham,Southern rodent tick,Ixodes acuminatus,52.91313140232074,-1.1524482710518325
9gkZh8PpOMnklKoHaq7F,2018-07-25T00:41:17,Sheffield,Southern rodent tick,Ixodes acuminatus,53.40152165314982,-1.4560795862638183
7wM3049Ld2GQEaReLB2p,2021-10-16T09:53:37,Glasgow,Tree-hole tick,Ixodes arboricola,55.81510112643461,-4.257134312548179
affWSPHbBB7UVczrpMAf,2024-12-23T06:39:02,Manchester,Southern rodent tick,Ixodes acuminatus,53.50716331230852,-2.2938226876379453
f64PnB4dtR23Nxp67VR2,2019-09-25T13:59:52,Nottingham,Passerine tick,Dermacentor frontalis,52.99480028928107,-1.1542678625326022
QhckiNu8et1OsMqobu8A,2019-06-15T02:42:10,Leeds,Fox/badger tick,Ixodes canisuga,53.79695865490209,-1.545438880117738
igJ8dE6bZgOSvJWyGoVj,2024-03-16T04:05:09,Leeds,Fox/badger tick,Ixodes canisuga,53.807685598658956,-1.5627206432515874
DkqliAxY4jB2nTDcfgjt,2012-11-22T07:16:08,Manchester,Fox/badger tick,Ixodes canisuga,53.448909569152676,-2.2085275784137344
G4mB10cbrvTbwgGHc3xQ,2020-11-05T08:09:09,Liverpool,Southern rodent tick,Ixodes acuminatus,53.39784851774949,-3.01283325264306
cBPjSJ4DmnfeAPnPeV5k,2022-12-18T04:25:10,Liverpool,Passerine tick,Dermacentor frontalis,53.35609662423662,-3.0085086178007785
CAhFkgnSiR1mtNS1ndrC,2017-05-19T15:04:17,Liverpool,Tree-hole tick,Ixodes arboricola,53.407021657537065,-2.996567549544773
A9tJpcNJFs01DoGnhyWc,2021-06-01T09:27:27,Liverpool,Fox/badger tick,Ixodes canisuga,53.401425715682095,-3.0111470877142925
kdMgkFL47paAunA3cfYA,2014-07-27T12:38:07,Cardiff,Southern rodent tick,Ixodes acuminatus,51.4336880058731,-3.1885901088648865
9Rz2vmcBSPcSDPFmyozl,2024-08-04T08:11:41,Glasgow,Passerine tick,Dermacentor frontalis,55.840852318791455,-4.238940119465155
1jg81lcxSkVHqe7MXBF7,2013-04-17T19:43:42,Southampton,Fox/badger tick,Ixodes canisuga,50.94436472864024,-1.3901018708811865
YYy6EIM7XhqeWI6OiRuH,2024-02-29T02:51:15,Leeds,Passerine tick,Dermacentor frontalis,53.81215063801148,-1.5284973748165798
Iq3o97B33HJ88BOsIIIV,2023-03-28T10:51:51,Southampton,Marsh tick,Ixodes apronophorus,50.89495628782272,-1.393606934883639
8KzzKK3MzNRMvvMkvI64,2023-12-11T13:59:50,Birmingham,Fox/badger tick,Ixodes canisuga,52.44490428983482,-1.8621951138915134
1VhTOVT9kr5E1V3J2rQ1,2018-10-21T04:07:16,Nottingham,Southern rodent tick,Ixodes acuminatus,52.976748732884865,-1.1416541359791634
cmomvSsNHNbJmjS59YGc,2021-07-16T15:13:50,Edinburgh,Fox/badger tick,Ixodes canisuga,55.98422895951084,-3.238084097140205
D04lXefag9nvsjMKgBoQ,2017-03-12T08:21:15,Liverpool,Tree-hole tick,Ixodes arboricola,53.38016845442806,-2.9954640802405796
ak5XMKqmLa2S47N2AtwK,2019-02-24T18:57:39,Leeds,Marsh tick,Ixodes apronophorus,53.78287302207676,-1.525755305850085
vu8YJaxGIPg4rpvNmhNl,2012-07-13T21:10:32,Leicester,Fox/badger tick,Ixodes canisuga,52.622744857446605,-1.1167045857791154
1FbUZqbO3bggzhPn83f6,2016-03-19T06:22:59,Manchester,Marsh tick,Ixodes apronophorus,53.47825383357531,-2.206719993830155
l0sELH3wvhMbGLiF97XS,2022-06-21T14:26:05,Cardiff,Tree-hole tick,Ixodes arboricola,51.498351514541916,-3.1340372672760353
pwIyJRMLVjGAGweOsVY7,2024-01-07T08:30:08,Sheffield,Tree-hole tick,Ixodes arboricola,53.42137631930258,-1.420254836335097
Q3TuHAQSLgkc8v41PA2w,2023-05-17T11:54:49,Nottingham,Marsh tick,Ixodes apronophorus,52.95905654429283,-1.1973203102455092
tmuXaUR7ipVGwCNs7Ypc,2019-07-29T10:43:48,Edinburgh,Marsh tick,Ixodes apronophorus,55.9405598105096,-3.213959366443673
RR2RX7hOgpedaIRrf7g9,2023-01-17T09:29:06,London,Tree-hole tick,Ixodes arboricola,51.537014285458476,-0.07146504527897017
bocX9wijAxDqtLnTJwQe,2023-11-07T08:21:48,Liverpool,Passerine tick,Dermacentor frontalis,53.44859094925517,-3.0298464462725057
KgrKpAQkyLLtu28psC40,2012-07-13T00:18:06,Newcastle,Southern rodent tick,Ixodes acuminatus,54.989047385539926,-1.640553075731169
f6ldSaYc7P8AJbA8O7wJ,2015-10-10T12:46:29,Southampton,Southern rodent tick,Ixodes acuminatus,50.86796552111284,-1.4119006327736965
05349NmKTyfUhYKZNNH0,2015-03-17T09:10:25,Glasgow,Passerine tick,Dermacentor frontalis,55.857070686069456,-4.2047073401518755
WoAAUYMvcyusSmjfYRYM,2021-11-03T14:51:15,Sheffield,Passerine tick,Dermacentor frontalis,53.3519533978665,-1.444998650350818
y2Xt43Ty8FNK9jikVHZT,2016-07-21T02:52:00,Glasgow,Fox/badger tick,Ixodes canisuga,55.870522577193874,-4.285062586709298
l8fMYrtE62bflvPfFELr,2024-05-12T10:47:07,Liverpool,Passerine tick,Dermacentor frontalis,53.43529442489113,-2.94048849748392
cOuA7aseSH9CqugI6JYq,2018-11-25T20:36:21,Bristol,Southern rodent tick,Ixodes acuminatus,51.427758464983064,-2.5541068721584996
qirO4HB95b1A9LuEbcCc,2023-01-19T15:39:03,Sheffield,Passerine tick,Dermacentor frontalis,53.42447338651516,-1.4842584089924473
w1bDF50JF2lU5vbydM9I,2017-03-26T23:32:49,Birmingham,Passerine tick,Dermacentor frontalis,52.497571078265054,-1.9153281545670218
6f3U0O5DcqJU39bi6mZ9,2021-01-19T17:01:18,Leicester,Tree-hole tick,Ixodes arboricola,52.6344385000652,-1.1827705234884789
oSYCyylQlRbuF8EWV9ar,2017-05-14T03:32:17,London,Marsh tick,Ixodes apronophorus,51.557154844613656,-0.15969251332675127
81wmm1pbZoWSejo95arG,2022-10-04T12:54:27,Sheffield,Tree-hole tick,Ixodes arboricola,53.42525706460111,-1.5101144711740424
l6rBiiSNeN66kjlp7TXC,2016-05-05T13:59:54,Glasgow,Southern rodent tick,Ixodes acuminatus,55.87660116350852,-4.224135233640637
XEgICCnrwqF4wdiDqfuL,2023-05-28T02:42:56,Glasgow,Marsh tick,Ixodes apronophorus,55.840582359822925,-4.219821119183093
qPJuZDJGKUCGiTb0Mz3P,2019-11-14T05:14:40,Edinburgh,Tree-hole tick,Ixodes arboricola,55.918404983610024,-3.2353907964003197
YWLqmEEDwDA5cRTKCpPl,2018-01-05T13:41:31,London,Passerine tick,Dermacentor frontalis,51.52744844709878,-0.08246109998317751
9gkZh8PpOMnklKoHaq7F,2018-07-25T00:41:17,Sheffield,Southern rodent tick,Ixodes acuminatus,53.36715974297814,-1.4217224915411708
0ravs6s6kOWxvwTQVDAe,2016-09-16T13:43:34,Newcastle,Southern rodent tick,Ixodes acuminatus,54.95225164512347,-1.6440643457623423
lGMFSErS6WoC1aJWjvCj,2020-11-29T03:08:49,London,Tree-hole tick,Ixodes arboricola,51.50799181241322,-0.116886492463023
R2gB79b7qDQQLPKcDRSO,2017-06-17T03:07:55,Sheffield,Fox/badger tick,Ixodes canisuga,53.42009833102305,-1.4338421309253129
5tYPKiWr6bMuMC7lc2Eq,2019-04-22T07:22:11,Edinburgh,Marsh tick,Ixodes apronophorus,55.96274353894287,-3.1957956173966067
w1bDF50JF2lU5vbydM9I,2017-03-26T23:32:49,Birmingham,Passerine tick,Dermacentor frontalis,52.47409863372709,-1.9290442730508968
JhSabbDkZ94WC50n3c6n,2016-07-02T19:43:39,Sheffield,Tree-hole tick,Ixodes arboricola,53.3659194316424,-1.4412145788502944
ZXxbxaCr2PyqgAUujw4d,2012-11-23T18:22:36,Nottingham,Fox/badger tick,Ixodes canisuga,52.91144052405517,-1.1829276695632223
GWZ5ZJxUnLgHh97qeE6m,2019-12-24T00:48:47,Leeds,Fox/badger tick,Ixodes canisuga,53.7811920176143,-1.5555941798393333
81wmm1pbZoWSejo95arG,2022-10-04T12:54:27,Sheffield,Tree-hole tick,Ixodes arboricola,53.40791787563717,-1.4723322479835714
4VNbwkpZQVkM1jSJ3tIV,2015-08-03T13:38:08,Edinburgh,Southern rodent tick,Ixodes acuminatus,55.94306384650156,-3.228966067646708
tR1HvhalUxdUMoe5HG9j,2022-09-09T08:28:02,Newcastle,Passerine tick,Dermacentor frontalis,54.98665821969412,-1.5992032263329825
w9ZVfej8Zz0S7Tmy4yY3,2021-01-12T22:50:15,Sheffield,Tree-hole tick,Ixodes arboricola,53.34268152576482,-1.4559076018809816
kRyJHh8eSgX3w6zqwWfU,2014-12-29T08:16:15,Leeds,Marsh tick,Ixodes apronophorus,53.782907265598205,-1.5196426357334756
c1hofVj89dhbUuVPBKV2,2020-12-09T20:00:56,Bristol,Marsh tick,Ixodes apronophorus,51.47786691566626,-2.623242226051455
q5ftGL2DA1JMkd78shyS,2018-04-28T01:25:12,Birmingham,Tree-hole tick,Ixodes arboricola,52.45922900834883,-1.920470829701855
zqi4h2YYgl1YFz0YsLOQ,2016-11-25T08:29:25,Leicester,Fox/badger tick,Ixodes canisuga,52.65220167027315,-1.1091823907054879
7Ypw4iCBaUGSP936c4Vh,2017-12-27T04:08:37,Bristol,Southern rodent tick,Ixodes acuminatus,51.460659592992876,-2.617442612667263
N8JDqnSG1zArbBhaRTrH,2021-02-05T15:32:57,Newcastle,Fox/badger tick,Ixodes canisuga,54.99373375522866,-1.5875428712680102
zioQC3eCsCL3gn94x7az,2019-06-22T21:29:54,Sheffield,Fox/badger tick,Ixodes canisuga,53.379934861027,-1.4960106480975046
9tWNppfl3kOOuNnNiNOk,2021-12-08T04:07:36,Southampton,Fox/badger tick,Ixodes canisuga,50.899998105820856,-1.4424971075096131
EMPDUwWOUuzfFcEcIrpE,2016-10-04T12:12:48,Leeds,Tree-hole tick,Ixodes arboricola,53.82404447358376,-1.5215211689370904
RWIlYmTGxSS2GAFG45sL,2015-04-04T18:14:50,Leeds,Southern rodent tick,Ixodes acuminatus,53.84372745540983,-1.5305040686662978
sfKPPFDk5hi8nUTku5Ha,2016-09-01T13:07:49,Leicester,Tree-hole tick,Ixodes arboricola,52.60462987689303,-1.1619051773850646
GQ3ZqsOHSjAOmk8x07rv,2013-05-10T21:29:40,Glasgow,Marsh tick,Ixodes apronophorus,55.82310424484624,-4.235033047499258
qNAWcpW4EUxDplEl9ikI,2014-02-23T18:10:15,Liverpool,Passerine tick,Dermacentor frontalis,53.3905127835756,-3.0104768580712653
KxkGFf6K9ZPWR7zHZCS7,2015-01-28T06:57:30,Liverpool,Fox/badger tick,Ixodes canisuga,53.363790482836116,-2.936446941296662
tFVRiSzMnCJgVDqkJnAS,2021-09-02T12:23:36,Glasgow,Southern rodent tick,Ixodes acuminatus,55.825784281149865,-4.2829903540581435
I8JGAn5uQridq419CPHT,2013-05-04T21:24:56,Sheffield,Tree-hole tick,Ixodes arboricola,53.37268174003186,-1.4925345314520548
it2Bkt5kYL4L3k8vRBga,2024-10-14T04:16:50,Edinburgh,Fox/badger tick,Ixodes canisuga,55.96756517292798,-3.201012119758049
VXDs139na67TnBL52fUm,2024-03-06T21:52:36,Nottingham,Southern rodent tick,Ixodes acuminatus,52.9135640077072,-1.150059562768003
2jznlhICSCIrnPJ8rgQ7,2017-12-27T05:46:35,Newcastle,Southern rodent tick,Ixodes acuminatus,54.95687253347618,-1.6170786964255346
twxeVXohYeXphja6jfMV,2014-07-20T09:29:30,Birmingham,Passerine tick,Dermacentor frontalis,52.46247085775983,-1.8713606818138226
brndliVZbSLLJIxwJunf,2013-07-04T12:01:16,Nottingham,Marsh tick,Ixodes apronophorus,52.91414720127002,-1.130532286114041
brndliVZbSLLJIxwJunf,2013-07-04T12:01:16,Nottingham,Marsh tick,Ixodes apronophorus,52.92453268307629,-1.1448118971975791
pamJV7YjFwozdo1FB6eL,2012-03-21T03:28:17,London,Southern rodent tick,Ixodes acuminatus,51.49448554264173,-0.1104310986063908
u4rUvuPvWMGxMpAArmGT,2020-10-22T12:22:34,London,Passerine tick,Dermacentor frontalis,51.50613298498232,-0.15460859704567728
twxeVXohYeXphja6jfMV,2014-07-20T09:29:30,Birmingham,Passerine tick,Dermacentor frontalis,52.51460933047124,-1.9451118898904582
RYhoeFOcfCjg1pURvkhp,2012-03-13T03:31:39,Leeds,Marsh tick,Ixodes apronophorus,53.7671200697191,-1.553530189610918
TEIw12L3JAEg2maH26f5,2017-09-19T11:34:50,Nottingham,Fox/badger tick,Ixodes canisuga,52.98575626685237,-1.1043246933659223
IplJ1E4rnwfDjFP5M9bD,2024-01-06T12:43:33,Edinburgh,Southern rodent tick,Ixodes acuminatus,55.98080055145436,-3.232436698574126
pzFGoT55ULEseJLcZreF,2024-05-23T17:05:22,Glasgow,Marsh tick,Ixodes apronophorus,55.894721456633455,-4.206958672380353
h3tKV2fydA7ieovlAUPj,2013-09-27T00:24:59,London,Fox/badger tick,Ixodes canisuga,51.46654482963007,-0.12921683901946043
x0XPFJPBxVwVSivF0Wk5,2016-12-08T04:53:58,Birmingham,Fox/badger tick,Ixodes canisuga,52.50241428622076,-1.945645578703694
sjYEQ904DcgJglIh12p8,2021-09-08T10:34:25,Newcastle,Marsh tick,Ixodes apronophorus,55.00006749775436,-1.6399556206229844
HL4FsTeEhn3qhvK0N3kM,2019-11-19T13:19:46,Cardiff,Tree-hole tick,Ixodes arboricola,51.450468256603145,-3.17378935475306
j856qPODHjv9tUuvi8TS,2024-06-14T12:48:17,Southampton,Fox/badger tick,Ixodes canisuga,50.923760908275064,-1.3656797648791164
HuZ8omEvqmsv7DtA7uYR,2023-07-21T10:39:28,Leicester,Marsh tick,Ixodes apronophorus,52.61585563524862,-1.0972604564923267
8mdpwENCmmHsXuw4vKBi,2015-05-03T13:28:12,Sheffield,Southern rodent tick,Ixodes acuminatus,53.400700876391326,-1.4890772431096464
J8HZLUDO3quUlJlfgK3q,2023-07-19T05:06:16,Leeds,Tree-hole tick,Ixodes arboricola,53.76111144355471,-1.5466698122606672
sBVvethlD9HhHivJHzNL,2012-08-27T22:00:43,Glasgow,Tree-hole tick,Ixodes arboricola,55.86597152528694,-4.265018745767627
c1hofVj89dhbUuVPBKV2,2020-12-09T20:00:56,Bristol,Marsh tick,Ixodes apronophorus,51.49569495932563,-2.5657613936565427
D2egeOh3xsNtVaLMzK3u,2014-02-28T15:42:21,Leeds,Southern rodent tick,Ixodes acuminatus,53.77764814155427,-1.5871244256130033
p02kHlSDJdauo5dAPlC2,2016-12-19T09:01:48,Sheffield,Fox/badger tick,Ixodes canisuga,53.38093428266162,-1.46603258690279
x6TZr9LtRHQOpwM27lZY,2021-09-15T06:39:02,Glasgow,Passerine tick,Dermacentor frontalis,55.8585124377364,-4.284459205846675
dhnSu6bGaRyqAR1Efynt,2023-02-19T10:57:13,Leicester,Marsh tick,Ixodes apronophorus,52.62559930776536,-1.1425313838491231
i3je9pcEE7ArhyzDT51m,2016-08-30T19:47:16,Glasgow,Passerine tick,Dermacentor frontalis,55.8673925262822,-4.234504389375254
kQ2FuQTlUTX1xNrB5bNj,2016-12-02T11:56:59,Edinburgh,Fox/badger tick,Ixodes canisuga,55.989427473987234,-3.2345787224402622
NHvuAoUclpa9sUWDNl0q,2021-08-25T17:18:36,Liverpool,Southern rodent tick,Ixodes acuminatus,53.426554120941546,-3.0318115454222534
kLqDOX9w2gPeNYjJeNLd,2018-05-18T23:05:24,Bristol,Southern rodent tick,Ixodes acuminatus,51.418988458717806,-2.5601096414929647
02rFwLCaAwZSVxdTDicK,2014-09-12T23:33:03,London,Southern rodent tick,Ixodes acuminatus,51.52421532959946,-0.13620422879917918
zNavUVihkUrkR4UChiDe,2015-04-02T12:44:36,Liverpool,Fox/badger tick,Ixodes canisuga,53.36961137624576,-2.9760968421284915
lG6OXJLPH8ZhWZyZAdYK,2019-03-12T15:14:55,Newcastle,Southern rodent tick,Ixodes acuminatus,54.91709616764672,-1.5872187450745723
rGUhbOR39ZE9fdVf3lws,2016-03-14T15:34:09,London,Fox/badger tick,Ixodes canisuga,51.46548832102655,-0.15762544297931272
NUOOTyC6iq50ShVwudRq,2017-11-08T21:13:39,Edinburgh,Marsh tick,Ixodes apronophorus,55.91306739565731,-3.159477306708772
yWraib2Zv9siRlzVdChS,2021-08-05T04:45:55,London,Southern rodent tick,Ixodes acuminatus,51.50786317369368,-0.1354023152666112
7bXdoYrNX2P2TaIXMUyw,2021-04-03T11:03:10,Glasgow,Passerine tick,Dermacentor frontalis,55.85676746408187,-4.208884791599387
FEWLK58rdfFYOqjygvvL,2015-12-18T05:46:08,Birmingham,Southern rodent tick,Ixodes acuminatus,52.44295092298209,-1.8672654456360631
DdWFt7bzVfQ9jnS2BDV6,2024-12-17T08:45:04,Sheffield,Marsh tick,Ixodes apronophorus,53.426982614279346,-1.4693521895867225
0PjHl5xUUWf9Taf2fHxN,2024-06-12T20:03:52,Sheffield,Marsh tick,Ixodes apronophorus,53.40292872951849,-1.4845173999711547
y7Ib4N0mWpXKe4HQBgab,2018-08-24T01:25:14,Nottingham,Southern rodent tick,Ixodes acuminatus,52.970616146572524,-1.1346701433616717
NWGsV7RVmEZp3wj1bIxl,2022-12-04T12:45:44,Southampton,Fox/badger tick,Ixodes canisuga,50.92012464372221,-1.4483455822515936
9oDOTg3wpBm8rUkuFTPL,2019-03-04T23:42:49,Leicester,Tree-hole tick,Ixodes arboricola,52.68040632413443,-1.1827904333936636
cmomvSsNHNbJmjS59YGc,2021-07-16T15:13:50,Edinburgh,Fox/badger tick,Ixodes canisuga,55.98445036570431,-3.1776608167848077
KWJ0macPKyLhJD0MkyVU,2020-11-22T02:37:42,Sheffield,Passerine tick,Dermacentor frontalis,53.42958397058666,-1.458542338533545
vn85mg1CAzPFeGOoDndh,2012-01-06T09:34:59,Glasgow,Southern rodent tick,Ixodes acuminatus,55.819203828044856,-4.2563935970989935
JEdr5UCUnujGMVr5K97V,2019-11-12T12:13:36,Nottingham,Tree-hole tick,Ixodes arboricola,52.957081756733494,-1.111720473374018
lx2sgBk7u3C6Y3SJ7nP8,2021-02-28T01:36:06,Birmingham,Tree-hole tick,Ixodes arboricola,52.4536319017706,-1.9322056490723465
Jt2CeNQ3CtChMVbKPn9o,2022-03-04T20:21:35,Nottingham,Passerine tick,Dermacentor frontalis,52.99871388965209,-1.119788534236805
czhlbDCviOsNpjbbKzXd,2012-10-04T18:17:06,Leeds,Fox/badger tick,Ixodes canisuga,53.771600185910394,-1.5720825320554772
tKScVXgJhi9vRdG2fnV1,2012-08-10T19:02:13,Glasgow,Fox/badger tick,Ixodes canisuga,55.88452651790622,-4.2476834906399334
Rm6El8DBtbOzO3uyw8i4,2014-12-13T15:04:33,London,Southern rodent tick,Ixodes acuminatus,51.53550279428334,-0.07128472316466453
8dLyAYTdpx2jKF0nCeNC,2024-04-10T07:50:37,Manchester,Tree-hole tick,Ixodes arboricola,53.45620205553636,-2.2504788525902435
ZjWH69Zklwlz8hOvfOUJ,2017-06-06T00:54:12,Bristol,Fox/badger tick,Ixodes canisuga,51.42242067441465,-2.6357093216222
3C81xuaYJNAgGoMh9cdT,2018-02-07T07:57:13,Southampton,Passerine tick,Dermacentor frontalis,50.86826394625743,-1.3603056226000723
ZSUnj6IBOVKudEPjhIpY,2018-01-10T15:17:16,Nottingham,Fox/badger tick,Ixodes canisuga,52.97381098582168,-1.1342318849867732
6EAhpY86qoLTW76pGT3G,2015-03-19T23:14:03,Birmingham,Tree-hole tick,Ixodes arboricola,52.45014993670353,-1.855284203273464
1dnyM0apCiT8NGr9TBIr,2024-07-08T01:47:29,Manchester,Fox/badger tick,Ixodes canisuga,53.4899661490073,-2.2458595623526514
b9qnPji0CrdIvb21x7wd,2017-10-02T04:10:52,Sheffield,Tree-hole tick,Ixodes arboricola,53.40498865264301,-1.4192032149407485
PDIAFN2zMkrkA1CPELRH,2016-05-07T18:26:03,Nottingham,Southern rodent tick,Ixodes acuminatus,52.93567747511465,-1.1090672129335002
eAZjRDHT5hlrRAQfLUvy,2015-03-27T07:14:36,Newcastle,Tree-hole tick,Ixodes arboricola,54.97266047764752,-1.556003347300601
HgEoQ2wLJKmQUiSsbcWF,2013-02-20T23:08:11,Bristol,Fox/badger tick,Ixodes canisuga,51.430840278718705,-2.596444805212622
Mcrlh030OZw5VWdI8UdZ,2020-12-19T20:37:20,Edinburgh,Fox/badger tick,Ixodes canisuga,55.94927030748478,-3.1530682496736464
KN1tzAlN0sw5XWqq7Bmb,2018-10-11T14:16:48,Edinburgh,Passerine tick,Dermacentor frontalis,55.94618635640341,-3.1398019888431263
PvnBfdp00ggOFB4S47E2,2022-07-18T01:42:14,Bristol,Marsh tick,Ixodes apronophorus,51.489070093736714,-2.6362306888024656
SP2ErFEQniZMZ4ixW9K9,2023-04-08T02:41:39,Leeds,Passerine tick,Dermacentor frontalis,53.78675281899057,-1.5460482575698846
ViVrgZ2PxFSokGkZlS5D,2021-07-31T19:24:24,London,Marsh tick,Ixodes apronophorus,51.462207819970786,-0.12422349686195282
sKm3fj8jM5nFCUZkjsqQ,2020-04-03T14:12:03,Nottingham,Fox/badger tick,Ixodes canisuga,52.913861482744956,-1.1956215356463522
rK46AJDNoDva6oPJMK5p,2015-05-25T09:14:20,Sheffield,Fox/badger tick,Ixodes canisuga,53.40081329948424,-1.4674161571017759
1c59JwAnHry7SIbs2yfm,2015-06-11T01:55:27,Nottingham,Passerine tick,Dermacentor frontalis,52.98069992938735,-1.1189959099382694
sfKPPFDk5hi8nUTku5Ha,2016-09-01T13:07:49,Leicester,Tree-hole tick,Ixodes arboricola,52.62990318469527,-1.086521309942564
ByutGbTfQB8vxedFPWbH,2022-03-22T19:55:27,London,Fox/badger tick,Ixodes canisuga,51.54662586594083,-0.11423170150287486
AWfSPr8mee4CQR8URsVD,2018-02-08T01:12:07,Manchester,Marsh tick,Ixodes apronophorus,53.467265202143885,-2.2008181013859254
NzRAh9Bys6aIoK6R0DGT,2022-08-10T18:28:37,Nottingham,Southern rodent tick,Ixodes acuminatus,52.98553070114505,-1.1537612742997296
1uSBJEH1JCknFpgNLKtZ,2017-01-25T18:18:51,Manchester,Southern rodent tick,Ixodes acuminatus,53.51550829467426,-2.2908354948944796
KpYUVcWhJKsNzMYCykxt,2012-07-14T23:55:19,Liverpool,Tree-hole tick,Ixodes arboricola,53.42514480501083,-3.012201332309434
5dA3kzKUmXMt6G9UvkvG,2012-01-17T08:20:07,Nottingham,Passerine tick,Dermacentor frontalis,52.96148791310834,-1.1606219421341506
uFq2r7ehioWbmRnWDnbx,2019-02-21T12:50:13,Leeds,Tree-hole tick,Ixodes arboricola,53.769580452751136,-1.5802070744184225
KOxKafBIMhXVDu4F9ILx,2022-03-12T05:37:51,Cardiff,Southern rodent tick,Ixodes acuminatus,51.49988098510992,-3.1809135943761206
AiSNMSlxbrNWPX116Jve,2018-12-07T11:52:18,Bristol,Tree-hole tick,Ixodes arboricola,51.4733431084753,-2.5599744934044235
yAKixTA80BHN1JCZ7iVM,2021-04-23T02:05:48,London,Fox/badger tick,Ixodes canisuga,51.54426911351249,-0.09985785021092673
HyBa6bEINZPGSX6yttZA,2017-01-27T18:36:40,Birmingham,Fox/badger tick,Ixodes canisuga,52.46927819517428,-1.8859941175277823
q1VBdsWce5QWGzRCuNXL,2017-09-29T15:51:12,Bristol,Passerine tick,Dermacentor frontalis,51.42086730861145,-2.5837111191063014
rfEQwm0MTtan2vl7tvaw,2012-03-30T20:29:42,Nottingham,Fox/badger tick,Ixodes canisuga,52.91807322779903,-1.1343279069511354
ENeRInaA98jFbwJI3o93,2023-11-02T01:15:00,Glasgow,Marsh tick,Ixodes apronophorus,55.907929514277704,-4.238502854264529
BMgmni67ZqlwIV7kUQiW,2016-04-28T23:46:28,Newcastle,Fox/badger tick,Ixodes canisuga,54.97692870559259,-1.5767412318765064
gLawkwnqChU4VLprfJBK,2022-10-20T12:28:41,Birmingham,Passerine tick,Dermacentor frontalis,52.50856056978372,-1.9119096935807753
eCdH9oLtvPcyRwHgdVeq,2024-08-05T18:26:09,Southampton,Passerine tick,Dermacentor frontalis,50.938606715449076,-1.414521913074751
A9tJpcNJFs01DoGnhyWc,2021-06-01T09:27:27,Liverpool,Fox/badger tick,Ixodes canisuga,53.44310000894545,-2.9985315494640576
mkP5Moftu80FLb0JgTIa,2012-09-26T22:46:23,Sheffield,Marsh tick,Ixodes apronophorus,53.36542940941761,-1.5047363906442635
rfEQwm0MTtan2vl7tvaw,2012-03-30T20:29:42,Nottingham,Fox/badger tick,Ixodes canisuga,52.92104244576364,-1.1050996946581382
NrqYwnoPeDmPTQfunl9Z,2023-03-03T00:37:19,Southampton,Marsh tick,Ixodes apronophorus,50.879201253426665,-1.451385778395889
jvNRAmvwl6r2bxwuiCD2,2023-09-09T03:03:47,Cardiff,Tree-hole tick,Ixodes arboricola,51.46202010711069,-3.153776728163589
8YAtzndoIpF2ZurbVyK8,2016-09-29T19:36:57,Newcastle,Marsh tick,Ixodes apronophorus,54.931901683530775,-1.6302652633616321
vHLNBrXjRoaIzZOhmbr4,2021-09-09T17:00:29,Bristol,Marsh tick,Ixodes apronophorus,51.412854805997654,-2.58189206479957
tlmtfB9XPgXGVEibnc7W,2015-04-18T05:12:13,Birmingham,Southern rodent tick,Ixodes acuminatus,52.44420092268929,-1.8486313529637535
lG6OXJLPH8ZhWZyZAdYK,2019-03-12T15:14:55,Newcastle,Southern rodent tick,Ixodes acuminatus,54.948780256971055,-1.6341272413913879
jvNRAmvwl6r2bxwuiCD2,2023-09-09T03:03:47,Cardiff,Tree-hole tick,Ixodes arboricola,51.432212890673874,-3.2238888918526136
ktESvOuz4nE9Q11CeUj6,2023-05-17T18:58:31,Manchester,Marsh tick,Ixodes apronophorus,53.44579263011283,-2.2112982577841294
y2Xt43Ty8FNK9jikVHZT,2016-07-21T02:52:00,Glasgow,Fox/badger tick,Ixodes canisuga,55.90117114797516,-4.2382488701909224
1tS6iH0z12OKj8kt7QRu,2013-09-20T23:15:56,Newcastle,Southern rodent tick,Ixodes acuminatus,55.012494331866634,-1.5803681222588566
FUiiJZzGqvvJhETffqR0,2016-04-03T09:09:42,Bristol,Passerine tick,Dermacentor frontalis,51.421928036739345,-2.610468029361421
C7ZyI66uUT01nO6Tu4g7,2020-01-09T16:40:18,Edinburgh,Tree-hole tick,Ixodes arboricola,55.91956489029328,-3.1557910978280854
ZfppZlFvYMqr9FcDttmu,2014-10-05T23:25:03,Sheffield,Passerine tick,Dermacentor frontalis,53.414419911910294,-1.5067300160256738
IkOrsHDYQiH1g0UrUXJe,2023-03-15T08:20:56,Sheffield,Tree-hole tick,Ixodes arboricola,53.38574846068089,-1.4920132075558894
1cwi6SlTNeS2WCXeWJWx,2012-03-10T00:08:03,Cardiff,Tree-hole tick,Ixodes arboricola,51.508658113754905,-3.1977492546201205
9WB23vVRf7JDX7dPijds,2024-08-12T15:18:06,Manchester,Fox/badger tick,Ixodes canisuga,53.45881445633109,-2.2023011862560153
9meABYFDEA9MMF5JaeRD,2021-05-01T05:31:35,Manchester,Southern rodent tick,Ixodes acuminatus,53.45611711035909,-2.279511058650389
8SiJAWFQ04yYi7ThreGF,2022-11-17T21:26:27,Liverpool,Southern rodent tick,Ixodes acuminatus,53.375284880039395,-2.967944891986516
3HmoQzKtH9LTa8POQ5pn,2016-04-21T06:42:09,Edinburgh,Marsh tick,Ixodes apronophorus,55.95844084743954,-3.1393814251464627
AWfSPr8mee4CQR8URsVD,2018-02-08T01:12:07,Manchester,Marsh tick,Ixodes apronophorus,53.50817173823879,-2.2820854634124808
4XlbZB98NFfaIaZS1sdR,2020-08-19T12:07:08,Leicester,Southern rodent tick,Ixodes acuminatus,52.66462146369135,-1.1400174787354151
gdpb38lLZJYolXMYDojp,2019-03-25T11:22:26,Leeds,Tree-hole tick,Ixodes arboricola,53.84737122418871,-1.5521756437385084
Nrq6yWse6FWJYaDH2DeC,2014-05-22T10:35:45,London,Passerine tick,Dermacentor frontalis,51.50695159877222,-0.08300282429909182
xHuPaFkWYKEcdKxdyzPC,2015-03-03T15:48:22,Sheffield,Fox/badger tick,Ixodes canisuga,53.38641881863811,-1.4986832076001215
JhSabbDkZ94WC50n3c6n,2016-07-02T19:43:39,Sheffield,Tree-hole tick,Ixodes arboricola,53.429534445288155,-1.4439334021753507
9tWNppfl3kOOuNnNiNOk,2021-12-08T04:07:36,Southampton,Fox/badger tick,Ixodes canisuga,50.894279864785375,-1.3985174114202465
zxqhVeaA7vB7jaQCuiJa,2012-05-28T23:18:10,Edinburgh,Passerine tick,Dermacentor frontalis,55.911874454233505,-3.2248287128422763
BZ4iQ6FJzEilaS6PMPu1,2012-02-25T05:50:29,Bristol,Passerine tick,Dermacentor frontalis,51.4547851771006,-2.6066531759045763
5obLk5ADwtVMaHP8mvRZ,2019-07-17T13:49:20,Bristol,Fox/badger tick,Ixodes canisuga,51.42419704179944,-2.5783822774872247
CXxFJtCAKdmbFXPlQE5q,2016-02-17T12:46:29,Manchester,Fox/badger tick,Ixodes canisuga,53.47669302108584,-2.2510707438522517
J7IOFyqy0fUzE1e8ZqGM,2012-10-02T20:45:27,Cardiff,Passerine tick,Dermacentor frontalis,51.45027297902652,-3.2071586757674573
G9FARnHZhyjM8f8OyAko,2015-11-05T06:15:02,Bristol,Marsh tick,Ixodes apronophorus,51.40571837305223,-2.610715219287032
BInTrmnfjB0M87GY82MJ,2013-11-21T10:42:25,Bristol,Marsh tick,Ixodes apronophorus,51.41491045783858,-2.6156334098495075
2AoC73JALdJTozXVptx1,2023-11-21T21:26:43,Manchester,Southern rodent tick,Ixodes acuminatus,53.45225804865718,-2.2202716271095544
9v7TGhrB7HraQqUm6JmK,2024-10-20T07:20:12,Cardiff,Tree-hole tick,Ixodes arboricola,51.52058051424806,-3.2274728710494944
IPDQ5fM2XMMPLJCpbMmx,2024-05-02T22:56:08,Leicester,Tree-hole tick,Ixodes arboricola,52.61674647873664,-1.1366628333822821
aa2mcnLQjrrrMPMiQVA0,2017-08-01T07:23:19,Birmingham,Southern rodent tick,Ixodes acuminatus,52.49012079244249,-1.8823354389049234
y51ZWE8b5pgZ0aS0KuPo,2018-06-05T06:19:35,Liverpool,Fox/badger tick,Ixodes canisuga,53.43420826386427,-3.023821189087924
1X5DO4d2kst8TDz5yeUg,2020-07-20T09:44:59,Cardiff,Passerine tick,Dermacentor frontalis,51.52891341792113,-3.2268244643566693
zrUxZiyxhJqo0EzS2k6M,2023-01-30T12:03:56,Leicester,Fox/badger tick,Ixodes canisuga,52.6079516022222,-1.1224030756715866
TEIw12L3JAEg2maH26f5,2017-09-19T11:34:50,Nottingham,Fox/badger tick,Ixodes canisuga,52.97685474528771,-1.1026942173769774
4MkOEqCML2vUFL7h7RrB,2023-02-27T09:09:01,Nottingham,Marsh tick,Ixodes apronophorus,52.97504923473137,-1.1435283489892127
S9O0X1VDVMyRU0IDQYvV,2015-06-15T18:08:42,Nottingham,Marsh tick,Ixodes apronophorus,52.95161644046204,-1.145624187439523
nXbOfVoPX9c4NHfbdQO2,2022-01-12T19:43:00,Cardiff,Passerine tick,Dermacentor frontalis,51.49910649714198,-3.1866906603716143
ah65fLip1gtpeO3NM6Pl,2020-07-31T11:39:19,Newcastle,Southern rodent tick,Ixodes acuminatus,54.97554658466111,-1.5602176939357024
3vPvL7YSxqalOZ0PRNAF,2018-02-25T00:06:31,London,Southern rodent tick,Ixodes acuminatus,51.476321259073096,-0.12106655057535042
E7fOH4Ht6Q63KT7Qlhpp,2020-11-15T09:58:23,Glasgow,Tree-hole tick,Ixodes arboricola,55.86309326766458,-4.226267915091613
8dLyAYTdpx2jKF0nCeNC,2024-04-10T07:50:37,Manchester,Tree-hole tick,Ixodes arboricola,53.53191117511944,-2.205313026624619
C26VHMqkZeDApDgxvRxM,2021-03-30T06:26:22,Edinburgh,Marsh tick,Ixodes apronophorus,55.98651006769733,-3.170133716542181
yCnT5AExmdUzu51zrqcS,2021-01-13T18:53:35,Glasgow,Tree-hole tick,Ixodes arboricola,55.84011958918558,-4.280908429464334
CAHUrMCkkd66IJl4Ctvo,2023-11-05T09:01:02,Southampton,Passerine tick,Dermacentor frontalis,50.901758931156735,-1.3745488638581511
Z7i4Ap3pjDmhxZk94QLu,2014-07-15T17:24:34,Cardiff,Tree-hole tick,Ixodes arboricola,51.50562610779266,-3.1486146568515534
YwSwSKm7KE7JpjrdkvCl,2012-07-02T14:27:07,Edinburgh,Southern rodent tick,Ixodes acuminatus,55.97428653921529,-3.1592880289972367
AVB48apRwFQaBP2pbWnS,2012-04-22T15:10:25,Cardiff,Southern rodent tick,Ixodes acuminatus,51.44890403060584,-3.199764439230574
OQfSQ1XuCumottXlDc9H,2018-01-14T13:03:56,Bristol,Tree-hole tick,Ixodes arboricola,51.424425177097056,-2.5750451905999
B6CaPF49BQNLXAjsAQYg,2012-12-23T21:17:45,Leeds,Southern rodent tick,Ixodes acuminatus,53.78784568939864,-1.5043890276393652
05349NmKTyfUhYKZNNH0,2015-03-17T09:10:25,Glasgow,Passerine tick,Dermacentor frontalis,55.86274737427613,-4.21922196258812
zIid7p1umsoHWewLx7sS,2021-09-22T22:50:42,Cardiff,Fox/badger tick,Ixodes canisuga,51.52256183494108,-3.1648265341340944
IplJ1E4rnwfDjFP5M9bD,2024-01-06T12:43:33,Edinburgh,Southern rodent tick,Ixodes acuminatus,55.94708729497459,-3.2248813838419768
bQErgW9gwJlW9eXbT45x,2013-08-30T07:36:43,Leicester,Tree-hole tick,Ixodes arboricola,52.64484045570879,-1.11362994044208
w84T6NqwXmKYivpEG69J,2023-07-08T10:06:26,Manchester,Tree-hole tick,Ixodes arboricola,53.450473617805855,-2.2731003070279945
x0IMTPasY0DZcX601gnV,2013-07-17T00:29:56,Manchester,Fox/badger tick,Ixodes canisuga,53.5274853392759,-2.2073102192906173
AiYCxGryVjZftdUsw7yl,2023-03-14T20:26:58,London,Passerine tick,Dermacentor frontalis,51.54766079184428,-0.12834542913706282
KpYUVcWhJKsNzMYCykxt,2012-07-14T23:55:19,Liverpool,Tree-hole tick,Ixodes arboricola,53.41087678008321,-2.9908922167980645
VSYu41t9YrjtK4ceyDIG,2023-01-15T21:43:20,Nottingham,Passerine tick,Dermacentor frontalis,52.9545251870816,-1.1706337903306119
Wf6yH4ir9cQg5Bij3dfD,2020-08-27T03:17:49,Leeds,Passerine tick,Dermacentor frontalis,53.81703163467145,-1.5138723092018564
tKScVXgJhi9vRdG2fnV1,2012-08-10T19:02:13,Glasgow,Fox/badger tick,Ixodes canisuga,55.84206862740968,-4.255889693475441
FJyDvrlopNYlutxeZQED,2016-12-26T10:36:16,Manchester,Tree-hole tick,Ixodes arboricola,53.44691775820254,-2.286034211474812
KMd8Kuhhc8OGaOB0cwy7,2024-04-11T23:47:24,Glasgow,Marsh tick,Ixodes apronophorus,55.881133532307395,-4.23201172198796
Lvzn7hihmoCyVNfw8Rw3,2015-06-09T10:38:32,Nottingham,Passerine tick,Dermacentor frontalis,52.975812344100376,-1.1971841051707717
XEgICCnrwqF4wdiDqfuL,2023-05-28T02:42:56,Glasgow,Marsh tick,Ixodes apronophorus,55.862879602309675,-4.3002637785828055
3XY7jBZDKFZGsTjy72Hw,2019-10-23T20:15:01,Nottingham,Tree-hole tick,Ixodes arboricola,52.93788811173781,-1.1369458721677552
GQ3ZqsOHSjAOmk8x07rv,2013-05-10T21:29:40,Glasgow,Marsh tick,Ixodes apronophorus,55.904684292920045,-4.259543521880686
MPQc6aqIlYFnUOE8LlpN,2013-05-15T05:01:12,Nottingham,Marsh tick,Ixodes apronophorus,52.940713038025585,-1.1359387695504977
kMGKlLilj6IRqsWkDiKK,2017-10-20T04:38:05,Bristol,Tree-hole tick,Ixodes arboricola,51.44453473896271,-2.563227970459142
ZgQv0RPsLFTgZ3BSWjtl,2024-05-02T06:27:49,Glasgow,Passerine tick,Dermacentor frontalis,55.826601055251636,-4.249591170230716
pOUOMhtIAK0a2h0FQXO4,2020-11-30T19:37:40,Birmingham,Southern rodent tick,Ixodes acuminatus,52.49475614011438,-1.9448156439939719
Wf6yH4ir9cQg5Bij3dfD,2020-08-27T03:17:49,Leeds,Passerine tick,Dermacentor frontalis,53.76267520554139,-1.5346651781161886
1X5DO4d2kst8TDz5yeUg,2020-07-20T09:44:59,Cardiff,Passerine tick,Dermacentor frontalis,51.52457535653226,-3.2179218014581146
MY4lwoNR7cDBQm8SBbR5,2022-08-31T07:56:35,Glasgow,Fox/badger tick,Ixodes canisuga,55.87512886299664,-4.208960386726293
yWraib2Zv9siRlzVdChS,2021-08-05T04:45:55,London,Southern rodent tick,Ixodes acuminatus,51.51724171017006,-0.11319835868701435
xTe6aWcbBKTxj3FtHYY1,2012-05-19T22:46:19,London,Marsh tick,Ixodes apronophorus,51.50919155219796,-0.15593538691743752
gGXXfRChVwUu5HXV6n1s,2012-02-11T03:28:53,Leicester,Fox/badger tick,Ixodes canisuga,52.67621714732166,-1.092747521274763
SIa8in9RI3GBRNPvc7hP,2017-09-09T22:03:22,London,Marsh tick,Ixodes apronophorus,51.53275594897144,-0.13543952805182013
1dc3Sq3ckh8fQ4qm0cSz,2014-05-23T13:45:01,Manchester,Passerine tick,Dermacentor frontalis,53.51950669393853,-2.248769468838113
ET4z01CZ3w5sdrxppC9A,2023-02-21T03:58:01,Manchester,Marsh tick,Ixodes apronophorus,53.489624606441275,-2.247121460488977
VUUvfoUTHmJei6sDcyu9,2019-06-15T21:54:47,Bristol,Passerine tick,Dermacentor frontalis,51.419762520220196,-2.5664350020968048
K8R27D3M88flP3QkE8C8,2022-06-29T10:37:20,Liverpool,Passerine tick,Dermacentor frontalis,53.37011225594643,-2.9657569073267274
9HEBCijRp1mMClmGYeyv,2018-02-06T19:57:00,Birmingham,Fox/badger tick,Ixodes canisuga,52.47097525345242,-1.9401517961754196
DyFy26uzJvVdtdLcp1lE,2022-05-09T23:47:35,Newcastle,Marsh tick,Ixodes apronophorus,55.00122753564785,-1.603921620215535
iht6SCzQQ3q3rwHjWT8u,2018-01-04T08:17:22,Leicester,Tree-hole tick,Ixodes arboricola,52.68181025416811,-1.116440449560538
m5XHTLufW4T1mjdY8cvB,2016-09-06T19:07:27,London,Tree-hole tick,Ixodes arboricola,51.4809485810295,-0.16174723889219644
vxGUJOnT1EJfIJ9foKrK,2020-12-09T14:07:09,Cardiff,Marsh tick,Ixodes apronophorus,51.466441243478364,-3.1699927136839117
J7IOFyqy0fUzE1e8ZqGM,2012-10-02T20:45:27,Cardiff,Passerine tick,Dermacentor frontalis,51.48499729703674,-3.1370378778441914
aABOUyyyfNKf9ba8s9un,2024-03-28T10:11:17,Edinburgh,Passerine tick,Dermacentor frontalis,55.92536579714096,-3.148968284777655
ecEd2z4RwHEJJum4wHOo,2013-01-05T13:44:03,Glasgow,Passerine tick,Dermacentor frontalis,55.86505603676553,-4.296326832269353
J7InoA1ALqVsDodLKf6x,2019-12-04T23:54:08,Leeds,Southern rodent tick,Ixodes acuminatus,53.81651175486885,-1.505234023282635
6uL0leRbGkixrE6S44ZA,2017-07-02T11:14:51,Manchester,Fox/badger tick,Ixodes canisuga,53.468014313768855,-2.233968589149184
xlNn2P8j4ICFrvnilfAr,2015-07-25T13:25:49,Southampton,Passerine tick,Dermacentor frontalis,50.93590381432533,-1.3810118900076493
9cEnX6Uq9ewnINedmf8w,2021-08-09T02:23:53,London,Marsh tick,Ixodes apronophorus,51.515111277553125,-0.10189186398269516
4whMANj754FhlLX4Od9N,2013-10-12T00:33:44,Sheffield,Fox/badger tick,Ixodes canisuga,53.39616798734868,-1.437186745344631
Ez30oqT6mFRyiCrzdK1J,2015-07-08T20:25:50,Birmingham,Marsh tick,Ixodes apronophorus,52.51269008814211,-1.940153800968404
JlYJCYtGgXG5PPVCV7Ts,2020-02-16T00:52:40,Edinburgh,Fox/badger tick,Ixodes canisuga,55.96331046905743,-3.206602747490417
02rFwLCaAwZSVxdTDicK,2014-09-12T23:33:03,London,Southern rodent tick,Ixodes acuminatus,51.4748551990069,-0.15598990297221707
ET4z01CZ3w5sdrxppC9A,2023-02-21T03:58:01,Manchester,Marsh tick,Ixodes apronophorus,53.44053737598752,-2.293716460816663
NMvi6cL8q3imjBSewQRk,2015-05-10T20:50:06,Leicester,Tree-hole tick,Ixodes arboricola,52.673277609125485,-1.1168139798577406
FgKVi70vRyCuyER9kZWT,2016-10-07T22:28:07,Southampton,Tree-hole tick,Ixodes arboricola,50.9524663735851,-1.4351516591568676
VEJdN3oB1MqWeQ3J32Yg,2015-12-09T19:27:55,Glasgow,Fox/badger tick,Ixodes canisuga,55.86842647087798,-4.273160855917438
PcybtjIc0yK4JwE1RHcc,2014-12-06T23:27:34,Sheffield,Passerine tick,Dermacentor frontalis,53.37707939257026,-1.4423523540088665
YdApzi4p6xcN4uW88k8p,2018-04-13T13:56:31,Leeds,Tree-hole tick,Ixodes arboricola,53.829289613578,-1.5221104862441273
2YFTaHRPnYF3wQERz3gq,2015-07-05T09:49:58,Birmingham,Tree-hole tick,Ixodes arboricola,52.53433098937946,-1.8638571562006356
K4Fs8p4nH7x9EUjm7sOe,2014-07-27T17:40:18,Liverpool,Southern rodent tick,Ixodes acuminatus,53.403100612246895,-2.9541975703286094
BSNcTK5vwatLS1Na31tE,2023-01-09T11:43:17,Cardiff,Marsh tick,Ixodes apronophorus,51.45702950158186,-3.136997324965516
K18kLiOzBySntKFvA4Es,2013-10-03T23:25:41,Sheffield,Passerine tick,Dermacentor frontalis,53.35802843119284,-1.4467984056367924
XG9yTa7wEwaHkhfNTfVI,2017-08-04T12:32:38,Sheffield,Passerine tick,Dermacentor frontalis,53.391705792219454,-1.4262706523413458
M28JMO91pz8UXy3lI9kg,2014-08-16T15:51:50,Glasgow,Marsh tick,Ixodes apronophorus,55.90948757345857,-4.290445802658441
2cv4kihvGZ1M3JCz1dS6,2024-01-06T21:51:00,Liverpool,Marsh tick,Ixodes apronophorus,53.38359489199846,-3.0218416057548754
dcdXBgt5ygqnsZdvCGKN,2023-04-26T13:30:04,Nottingham,Fox/badger tick,Ixodes canisuga,52.98917133419219,-1.1793487848768809
igJ8dE6bZgOSvJWyGoVj,2024-03-16T04:05:09,Leeds,Fox/badger tick,Ixodes canisuga,53.802137851193194,-1.5733183109269913
9Qvi7NJLHTbEip46s9Nv,2019-02-07T07:52:22,Manchester,Southern rodent tick,Ixodes acuminatus,53.50226981135912,-2.204609813705809
lAFjkQIzhcV5H5rDOlxc,2012-08-15T23:46:03,Leicester,Southern rodent tick,Ixodes acuminatus,52.61438223647044,-1.167497708683247
oDyRHtTMQgW6gZRvuDbA,2018-01-27T23:44:24,Edinburgh,Southern rodent tick,Ixodes acuminatus,55.92257496376503,-3.20830610900621
HcTz5EDYbFORNFmHptI9,2017-04-01T22:55:41,Leeds,Passerine tick,Dermacentor frontalis,53.820017637000596,-1.5127295902326363
DbMOiyyChIzzTcPmP21V,2022-12-19T00:07:22,Manchester,Fox/badger tick,Ixodes canisuga,53.49262916413764,-2.221472328629735
Y6FgBIJdg0lr9gjnvj5z,2022-08-13T07:01:32,Birmingham,Marsh tick,Ixodes apronophorus,52.46437307550014,-1.885538444092435
tdK72DrpyzfXULKSqOpf,2019-11-23T08:58:10,Bristol,Southern rodent tick,Ixodes acuminatus,51.495950086293426,-2.603326175646668
1dc3Sq3ckh8fQ4qm0cSz,2014-05-23T13:45:01,Manchester,Passerine tick,Dermacentor frontalis,53.532498733317,-2.2520669735086867
8xX7IDgDPBkMukgrfqwA,2017-06-25T13:55:23,Birmingham,Passerine tick,Dermacentor frontalis,52.5138771752461,-1.89680853065113
Ez30oqT6mFRyiCrzdK1J,2015-07-08T20:25:50,Birmingham,Marsh tick,Ixodes apronophorus,52.46376286590254,-1.8626805133220503
vu8YJaxGIPg4rpvNmhNl,2012-07-13T21:10:32,Leicester,Fox/badger tick,Ixodes canisuga,52.61146917640375,-1.1418900747184892
n56yIWxZNeQ4g9IOriXX,2022-11-12T02:48:43,Southampton,Marsh tick,Ixodes apronophorus,50.910820677586365,-1.3867167138188583
bocX9wijAxDqtLnTJwQe,2023-11-07T08:21:48,Liverpool,Passerine tick,Dermacentor frontalis,53.38902188764151,-3.0275096662427132
NzRAh9Bys6aIoK6R0DGT,2022-08-10T18:28:37,Nottingham,Southern rodent tick,Ixodes acuminatus,52.95787103776242,-1.1773094460087572
PKTNTwQChc3ftjBnDHZu,2016-07-27T04:43:31,Liverpool,Marsh tick,Ixodes apronophorus,53.40245337360901,-2.9764067254488946
hQL5KLQZoLV9Dk69QLMA,2018-01-22T06:05:29,Cardiff,Southern rodent tick,Ixodes acuminatus,51.48010511954557,-3.1501350003509443
SIQ8Ou0QGQoOhxDgsNX7,2020-10-25T04:45:34,Southampton,Passerine tick,Dermacentor frontalis,50.87885863542214,-1.3619126460669193
VUUvfoUTHmJei6sDcyu9,2019-06-15T21:54:47,Bristol,Passerine tick,Dermacentor frontalis,51.46684694603024,-2.5568343343399356
P7lEgevWcyf4f8gGFxIA,2013-09-22T16:29:54,Newcastle,Tree-hole tick,Ixodes arboricola,54.95995892603063,-1.5800148366460252
2jznlhICSCIrnPJ8rgQ7,2017-12-27T05:46:35,Newcastle,Southern rodent tick,Ixodes acuminatus,54.981657009100324,-1.6302541816789504
8NABLMK5ofNxkd15JhBo,2012-03-19T11:26:34,Leicester,Tree-hole tick,Ixodes arboricola,52.612056346125456,-1.1062133392008304
YwFCOeRmycVLgsoupxXs,2015-03-18T15:07:21,Sheffield,Tree-hole tick,Ixodes arboricola,53.40091178569875,-1.4781878153367896
odYmefUrOwFcGraN2dmt,2019-06-27T01:17:53,Cardiff,Southern rodent tick,Ixodes acuminatus,51.51795936516312,-3.1819050028115385
xMOyvUx9wwAWaGTsEyGz,2012-02-04T19:59:04,Liverpool,Southern rodent tick,Ixodes acuminatus,53.379851040670786,-2.982601965603632
N8JDqnSG1zArbBhaRTrH,2021-02-05T15:32:57,Newcastle,Fox/badger tick,Ixodes canisuga,55.008606338904,-1.5703487800817624
CAHUrMCkkd66IJl4Ctvo,2023-11-05T09:01:02,Southampton,Passerine tick,Dermacentor frontalis,50.89061016674842,-1.4350601707533905
4roCxtIrNuW2SERVIKTL,2015-07-04T00:47:36,Birmingham,Fox/badger tick,Ixodes canisuga,52.51363028037293,-1.8804539758668624
JNZVfqZeneYioQad0xWN,2018-08-08T09:53:10,Bristol,Marsh tick,Ixodes apronophorus,51.47338680282417,-2.5899240488753246
8NABLMK5ofNxkd15JhBo,2012-03-19T11:26:34,Leicester,Tree-hole tick,Ixodes arboricola,52.63373091545845,-1.0911525133488045
bjgCNFIrXiTJVF1uj1Px,2019-07-06T06:58:42,Liverpool,Southern rodent tick,Ixodes acuminatus,53.387285429141556,-3.007167708490028
kRyJHh8eSgX3w6zqwWfU,2014-12-29T08:16:15,Leeds,Marsh tick,Ixodes apronophorus,53.79213624619336,-1.588018829438393
y7b7MTpleBPhP1Ojjo9u,2015-11-14T13:22:37,Birmingham,Passerine tick,Dermacentor frontalis,52.47525885095112,-1.8530774854806726
PeS49k1UBWSzpdhEeOPo,2014-10-06T09:23:11,Edinburgh,Marsh tick,Ixodes apronophorus,55.91920671106488,-3.1963850114316767
vHLNBrXjRoaIzZOhmbr4,2021-09-09T17:00:29,Bristol,Marsh tick,Ixodes apronophorus,51.47424948616901,-2.594805835657134
bY1I3QNBY15iTH6X5JSy,2021-10-12T16:53:08,Bristol,Fox/badger tick,Ixodes canisuga,51.46255979332268,-2.5931979895837904
amJcbzHtGSbXwRYTiRIe,2014-06-18T23:03:12,London,Tree-hole tick,Ixodes arboricola,51.51782230721386,-0.0864386012289579
FMTrhYMr40AzFyOYeMkx,2012-02-01T08:18:41,Cardiff,Passerine tick,Dermacentor frontalis,51.44151281344463,-3.1416486277656426
5obLk5ADwtVMaHP8mvRZ,2019-07-17T13:49:20,Bristol,Fox/badger tick,Ixodes canisuga,51.41206845393866,-2.5821977294090477
hqD7YiGFNi09rc5OAtdD,2020-08-05T13:40:01,Leeds,Marsh tick,Ixodes apronophorus,53.76470825167131,-1.5271839749826495
Xhzc0Qm7yHr0KW7hGEBv,2020-01-12T12:44:15,Glasgow,Marsh tick,Ixodes apronophorus,55.85142547288543,-4.2691308662664
REWT5KqcfASeZFsst5Ml,2013-12-23T00:50:28,Glasgow,Southern rodent tick,Ixodes acuminatus,55.81166260566393,-4.283782634741875
YrKKTzzhz2gP1rX3j2DM,2015-10-07T07:11:30,Liverpool,Southern rodent tick,Ixodes acuminatus,53.43476811471305,-2.9406468977652316
02rFwLCaAwZSVxdTDicK,2014-09-12T23:33:03,London,Southern rodent tick,Ixodes acuminatus,51.54075564256273,-0.15431789370301208
Owo79mOrSMA1FEdvOPad,2021-02-09T07:29:40,London,Passerine tick,Dermacentor frontalis,51.48237747313629,-0.07540265694328839
1BAyUx8rQnqelYaMLqmP,2015-03-06T15:04:32,Bristol,Fox/badger tick,Ixodes canisuga,51.50298762445228,-2.543055839253396
d74P3JqEXVrJkGODqO5e,2012-07-08T01:37:18,Newcastle,Passerine tick,Dermacentor frontalis,54.94503978368221,-1.615183436470217
DWRYd0bMEuLXh5Nu3cjJ,2023-07-28T12:50:34,Leicester,Southern rodent tick,Ixodes acuminatus,52.61822099877418,-1.171558457829378
GDL6K8jgn6EE5gwhCgB1,2013-10-28T22:29:11,Manchester,Passerine tick,Dermacentor frontalis,53.51959594897174,-2.2452287096032513
f64PnB4dtR23Nxp67VR2,2019-09-25T13:59:52,Nottingham,Passerine tick,Dermacentor frontalis,52.93595763831863,-1.1506100896413467
zmQC5Z0BxcmemDAWRheX,2024-03-10T03:55:02,Sheffield,Passerine tick,Dermacentor frontalis,53.34152345829031,-1.4307610165256912
GiLwoOFJlY5I8VxNUOWf,2019-07-15T19:35:14,Southampton,Marsh tick,Ixodes apronophorus,50.89649866240159,-1.4275736727698707
bjgCNFIrXiTJVF1uj1Px,2019-07-06T06:58:42,Liverpool,Southern rodent tick,Ixodes acuminatus,53.44207036833306,-3.01161615155367
0JDKkIqLbrytQyWTq08t,2019-02-20T13:56:04,Birmingham,Passerine tick,Dermacentor frontalis,52.48622171028968,-1.874826211498518
ecEd2z4RwHEJJum4wHOo,2013-01-05T13:44:03,Glasgow,Passerine tick,Dermacentor frontalis,55.81445327355869,-4.28808879406666
HgEoQ2wLJKmQUiSsbcWF,2013-02-20T23:08:11,Bristol,Fox/badger tick,Ixodes canisuga,51.42381509467288,-2.587799455255983
s6GCIUO78kW03rnwhPwo,2024-10-07T04:08:24,Manchester,Passerine tick,Dermacentor frontalis,53.43853110789304,-2.2638375788706573
bQErgW9gwJlW9eXbT45x,2013-08-30T07:36:43,Leicester,Tree-hole tick,Ixodes arboricola,52.6412618521848,-1.166930566657667
21YeuUkAlXgWklaq0Oeb,2021-03-07T19:08:07,Bristol,Southern rodent tick,Ixodes acuminatus,51.477095095284355,-2.58625969968675
8ujl6nxHxcl83m3pc90o,2018-02-10T01:51:48,Southampton,Marsh tick,Ixodes apronophorus,50.902361089039964,-1.4002946336901065
w6J5IXRhUNu1e9BdoyTM,2015-09-23T05:34:25,Liverpool,Fox/badger tick,Ixodes canisuga,53.413494062943954,-3.001234619540311
myDBIAReVGQMmCdJVzBx,2014-11-23T22:42:21,Nottingham,Fox/badger tick,Ixodes canisuga,52.965070718259966,-1.1727775909881648
0L5BVSzmm898d1JCBaVB,2023-07-20T21:30:11,Nottingham,Passerine tick,Dermacentor frontalis,52.971446632472244,-1.1175333111231462
zNavUVihkUrkR4UChiDe,2015-04-02T12:44:36,Liverpool,Fox/badger tick,Ixodes canisuga,53.4162924748341,-2.9533391751710676
9gkZh8PpOMnklKoHaq7F,2018-07-25T00:41:17,Sheffield,Southern rodent tick,Ixodes acuminatus,53.405952086346744,-1.46379924803823
FvJUDEcC7IsnzvzeNw7L,2016-10-28T07:25:41,Nottingham,Tree-hole tick,Ixodes arboricola,52.98731914142074,-1.1892294380481794
L0HuMHK0PI2cWv3XvBSN,2019-06-10T13:42:28,Glasgow,Marsh tick,Ixodes apronophorus,55.87555922918769,-4.290695771863217
JHPXPy4AhjeZarxGuJfF,2020-10-27T08:33:16,Nottingham,Passerine tick,Dermacentor frontalis,52.93281773884376,-1.1524277133765797
nrR9gNsr4WiALDHHinIA,2023-03-26T10:31:53,Cardiff,Fox/badger tick,Ixodes canisuga,51.46086525223028,-3.129760815650022
tkJQMVSSQWFLh41SMB3b,2013-09-04T06:28:57,Newcastle,Fox/badger tick,Ixodes canisuga,54.96832341693941,-1.603141460672369
HDzq1TQLJuUCARD2J3gG,2017-06-28T02:20:14,Newcastle,Marsh tick,Ixodes apronophorus,54.920821476785385,-1.6176145735209189
K40qS0HJxOtoC9Sd9lry,2015-11-12T21:00:06,Nottingham,Southern rodent tick,Ixodes acuminatus,52.958482717946254,-1.1357780909593367
3HmoQzKtH9LTa8POQ5pn,2016-04-21T06:42:09,Edinburgh,Marsh tick,Ixodes apronophorus,55.95487497699621,-3.1954700844810446
yUss1yX5RK7DlmAmtgT1,2023-11-30T16:37:54,Nottingham,Fox/badger tick,Ixodes canisuga,52.94295529192341,-1.1705930274089327
8KzzKK3MzNRMvvMkvI64,2023-12-11T13:59:50,Birmingham,Fox/badger tick,Ixodes canisuga,52.44316979013458,-1.8607990235815588
QDZ3j2i5qxuv9qZNuXrn,2021-09-24T12:43:55,Liverpool,Tree-hole tick,Ixodes arboricola,53.39155268899784,-2.9807775277802158
NsqKCu26xdMA5py4NdTm,2019-02-27T10:45:38,Edinburgh,Fox/badger tick,Ixodes canisuga,55.904740859263576,-3.2097343905668096
Nl2znr65WHeMvzuRtSck,2018-12-25T16:19:25,Liverpool,Passerine tick,Dermacentor frontalis,53.437409087087474,-2.9386253131258484
yUss1yX5RK7DlmAmtgT1,2023-11-30T16:37:54,Nottingham,Fox/badger tick,Ixodes canisuga,52.98691664709746,-1.117322900267702
dcdXBgt5ygqnsZdvCGKN,2023-04-26T13:30:04,Nottingham,Fox/badger tick,Ixodes canisuga,52.90194482659635,-1.1874740244131652
oETRSmT4e61kyKkiuhQs,2021-10-25T20:06:40,Birmingham,Tree-hole tick,Ixodes arboricola,52.49429517556311,-1.9190169508950572
N8VXpwQ2X1Y2tXR02xXd,2022-08-11T04:38:19,Southampton,Fox/badger tick,Ixodes canisuga,50.93180773714846,-1.417089260677066
jTDwwWjThAycMZndR6PY,2020-01-23T18:54:10,Newcastle,Southern rodent tick,Ixodes acuminatus,54.934674618620875,-1.5972088592979266
xtOXJPkACNaghDJ13hNM,2017-11-14T05:58:35,Birmingham,Southern rodent tick,Ixodes acuminatus,52.51043762761368,-1.8945522706933247
AiYCxGryVjZftdUsw7yl,2023-03-14T20:26:58,London,Passerine tick,Dermacentor frontalis,51.49984523641146,-0.0869047282291235
ZlYElrJz99D9ReG9MZ74,2022-02-27T08:35:36,Manchester,Marsh tick,Ixodes apronophorus,53.448410121398126,-2.2259632641012317
Gvp7ycLregHAROvPsMPc,2017-02-28T06:31:25,London,Fox/badger tick,Ixodes canisuga,51.50592441435618,-0.16194086208125624
oC5icaZSr5qlzmFsIfb2,2021-11-09T04:01:24,Bristol,Tree-hole tick,Ixodes arboricola,51.474650019273604,-2.590669115449881
c1rQLWCGrk5BbpN8oSI5,2016-07-15T21:39:21,Birmingham,Tree-hole tick,Ixodes arboricola,52.533439089243195,-1.933389455176162
kTrBWIYmZOYCfwqaMgKI,2014-09-24T15:51:52,Southampton,Passerine tick,Dermacentor frontalis,50.92981950603408,-1.4227865597455727
oSYCyylQlRbuF8EWV9ar,2017-05-14T03:32:17,London,Marsh tick,Ixodes apronophorus,51.53629999825665,-0.13105119232676882
uSZRyS4q7Eb1J0p8InzT,2018-02-09T22:03:51,Cardiff,Marsh tick,Ixodes apronophorus,51.51237886090025,-3.195908595263941
QDZ3j2i5qxuv9qZNuXrn,2021-09-24T12:43:55,Liverpool,Tree-hole tick,Ixodes arboricola,53.376132048631334,-3.0142595938772745
ayoIraRlZW4gtkUyV8UN,2016-06-24T10:02:06,Leeds,Southern rodent tick,Ixodes acuminatus,53.78302708814796,-1.589100252947129
pvWFz8wxaDkLcixvCTU5,2018-06-26T03:39:29,Cardiff,Southern rodent tick,Ixodes acuminatus,51.43462879960623,-3.2018380648602895
xYQWwkwXCwm3vRn3xU3T,2016-10-29T17:56:02,Cardiff,Tree-hole tick,Ixodes arboricola,51.50527887407128,-3.162691979835696
ldPKYSBxc8awNLYd8hBs,2016-07-26T22:44:05,Leicester,Fox/badger tick,Ixodes canisuga,52.63787711277824,-1.1544988330294608
z4euXuFjxhC5ATrOgM4L,2019-10-26T07:19:36,Leeds,Passerine tick,Dermacentor frontalis,53.850604682037144,-1.5910409997552664
FEWLK58rdfFYOqjygvvL,2015-12-18T05:46:08,Birmingham,Southern rodent tick,Ixodes acuminatus,52.4527814352994,-1.8538769110704214
fHlDml3EJip0xDUfVRY6,2017-06-24T05:07:19,Sheffield,Marsh tick,Ixodes apronophorus,53.376861187622424,-1.465046371702331
nxfAJBPXXhRCeC1kZTHF,2015-05-14T10:53:44,Leeds,Fox/badger tick,Ixodes canisuga,53.77174306521746,-1.4989438618953033
6EotzaikFXHVnCgFA49X,2014-03-12T07:34:49,Manchester,Fox/badger tick,Ixodes canisuga,53.442865321713015,-2.2521137055603293
FvJUDEcC7IsnzvzeNw7L,2016-10-28T07:25:41,Nottingham,Tree-hole tick,Ixodes arboricola,52.94285414880636,-1.1047179095505453
Nbkno212sADyiXDO9C2Z,2020-12-16T01:41:02,Newcastle,Fox/badger tick,Ixodes canisuga,54.96214849999754,-1.5656191701536646
rfEQwm0MTtan2vl7tvaw,2012-03-30T20:29:42,Nottingham,Fox/badger tick,Ixodes canisuga,52.996543289675294,-1.1254621875059265
FQ6HktxRWqNcDv924ONW,2023-03-30T04:21:12,Leeds,Passerine tick,Dermacentor frontalis,53.77700863368543,-1.5551647000057647
shJ4n1xW7ozxVkvwEEkq,2021-11-02T21:50:01,Liverpool,Southern rodent tick,Ixodes acuminatus,53.35551771397506,-2.938610530583626
RnSpVb0K9iJEosUDfah1,2018-09-12T13:05:24,Southampton,Southern rodent tick,Ixodes acuminatus,50.88395503845569,-1.451368375882695
SUzL86fTG7KMrympCsGE,2021-04-25T15:36:14,Cardiff,Passerine tick,Dermacentor frontalis,51.52901708092386,-3.219819679661139
c7OwRKYAfAuI3piSwG42,2022-12-16T01:26:07,Leicester,Passerine tick,Dermacentor frontalis,52.62158165128234,-1.133866872275651
P4RcgvT0aGIrY5wcoHlZ,2019-05-14T12:08:58,Glasgow,Marsh tick,Ixodes apronophorus,55.82119621658875,-4.217596303160624
Y6FgBIJdg0lr9gjnvj5z,2022-08-13T07:01:32,Birmingham,Marsh tick,Ixodes apronophorus,52.52157356889633,-1.8963875825575924
SP2ErFEQniZMZ4ixW9K9,2023-04-08T02:41:39,Leeds,Passerine tick,Dermacentor frontalis,53.770016297256596,-1.5678769153996126
kFJh5Kkma9MwGrshRyqt,2024-09-12T20:23:36,Leicester,Fox/badger tick,Ixodes canisuga,52.635711610714885,-1.1540141741548382
T7h6w44ZUuPHTVUiC3aw,2021-09-18T20:32:54,Newcastle,Fox/badger tick,Ixodes canisuga,54.98677311704986,-1.5952525571363547
HHWT4HRxJt3yvV30dbfH,2017-01-02T10:07:09,Southampton,Marsh tick,Ixodes apronophorus,50.874027866207264,-1.3903110776183973
cOuA7aseSH9CqugI6JYq,2018-11-25T20:36:21,Bristol,Southern rodent tick,Ixodes acuminatus,51.42880352458739,-2.6226780286666895
RYhoeFOcfCjg1pURvkhp,2012-03-13T03:31:39,Leeds,Marsh tick,Ixodes apronophorus,53.77871964109716,-1.5513490532569139
v1vt9ekMPoGAdQg9miXI,2020-10-12T20:42:50,Bristol,Passerine tick,Dermacentor frontalis,51.482169584404495,-2.554646495222658
N8VXpwQ2X1Y2tXR02xXd,2022-08-11T04:38:19,Southampton,Fox/badger tick,Ixodes canisuga,50.93155076140233,-1.3857609971449403
qA4XEl1EmJ1HKNbycbsd,2017-10-01T16:03:01,Nottingham,Fox/badger tick,Ixodes canisuga,52.994421541477685,-1.1450184758153072
SIQ8Ou0QGQoOhxDgsNX7,2020-10-25T04:45:34,Southampton,Passerine tick,Dermacentor frontalis,50.90273857900526,-1.4268819936661175
LVtxT3FgK2RmCuREo2q6,2015-02-24T05:32:55,Glasgow,Tree-hole tick,Ixodes arboricola,55.8644658617914,-4.246555794424014
FJyDvrlopNYlutxeZQED,2016-12-26T10:36:16,Manchester,Tree-hole tick,Ixodes arboricola,53.53195574272937,-2.2000443375046
oOGITwX7NdhwQpvM9zdh,2017-05-21T22:11:04,Birmingham,Passerine tick,Dermacentor frontalis,52.491592430276356,-1.9130738401560838
ya20Hxs21ULk3VUmjLJs,2016-07-18T11:21:31,Glasgow,Fox/badger tick,Ixodes canisuga,55.87357235638132,-4.252023266131212
l8fMYrtE62bflvPfFELr,2024-05-12T10:47:07,Liverpool,Passerine tick,Dermacentor frontalis,53.35277492766816,-2.959728758645947
xk7TJbO7rgv3gYbV70TK,2022-04-04T10:17:02,London,Marsh tick,Ixodes apronophorus,51.489773147911016,-0.14435910977369484
HyBa6bEINZPGSX6yttZA,2017-01-27T18:36:40,Birmingham,Fox/badger tick,Ixodes canisuga,52.49751188628069,-1.895986291157536
G4mB10cbrvTbwgGHc3xQ,2020-11-05T08:09:09,Liverpool,Southern rodent tick,Ixodes acuminatus,53.4118519661352,-2.990534987239018
cR4KGuqHfhVX2nIqB5AC,2015-01-29T01:46:15,Cardiff,Tree-hole tick,Ixodes arboricola,51.44668043810522,-3.192181489135983
7m41XvCHtxrkq7yhOz0u,2016-02-25T06:35:51,Sheffield,Fox/badger tick,Ixodes canisuga,53.34806722692442,-1.4266874535475589
1SaWWwei5I8AFbxsl9UE,2020-09-05T15:39:10,Manchester,Tree-hole tick,Ixodes arboricola,53.52021263056911,-2.214796649309339
l0sELH3wvhMbGLiF97XS,2022-06-21T14:26:05,Cardiff,Tree-hole tick,Ixodes arboricola,51.52006804731494,-3.220786584059437
xkRekaVi9Su8Z5j2NyGa,2022-01-31T18:16:21,Edinburgh,Fox/badger tick,Ixodes canisuga,55.98322149633124,-3.2300674940240204
8nhE5TSJcL1oOld3OpVW,2023-06-17T13:08:18,Birmingham,Southern rodent tick,Ixodes acuminatus,52.47330219886496,-1.8661276546415813
HlwX1As41KVOnWAkXheg,2022-02-20T17:49:07,Cardiff,Southern rodent tick,Ixodes acuminatus,51.51668286788983,-3.1300382325027267
w84T6NqwXmKYivpEG69J,2023-07-08T10:06:26,Manchester,Tree-hole tick,Ixodes arboricola,53.52261019119971,-2.2356860749356033
8yTkS1PSkdwgzh1ZCTKK,2021-09-19T16:37:07,Southampton,Tree-hole tick,Ixodes arboricola,50.867441995861476,-1.3772665307998075
dgbhO0QPLGKBN22W6cpU,2021-03-20T03:56:21,Liverpool,Fox/badger tick,Ixodes canisuga,53.354140297848524,-3.032863096687167
um2fLoYXh9ozjGlmErdB,2013-09-22T05:19:05,Liverpool,Marsh tick,Ixodes apronophorus,53.364866293342615,-2.9684999916571635
RPTtZEkOF7GKDhJRi2XJ,2017-06-30T17:07:32,London,Marsh tick,Ixodes apronophorus,51.46701217677888,-0.12204517541029085
yNHgvuu76nmuhZzOh5Vb,2023-09-27T18:18:01,Newcastle,Tree-hole tick,Ixodes arboricola,54.9282719000402,-1.576998557586823
MxIrqtI0UbSe2cnYqlII,2020-05-28T02:35:12,Birmingham,Passerine tick,Dermacentor frontalis,52.51160289693468,-1.9427339141525188
qPJuZDJGKUCGiTb0Mz3P,2019-11-14T05:14:40,Edinburgh,Tree-hole tick,Ixodes arboricola,55.95373699089134,-3.145200219229501
Rm6El8DBtbOzO3uyw8i4,2014-12-13T15:04:33,London,Southern rodent tick,Ixodes acuminatus,51.46210188212155,-0.07187771377168577
BtrPnLEY7xWvohDwUV8U,2023-12-05T01:41:05,Edinburgh,Passerine tick,Dermacentor frontalis,55.98291096018658,-3.1708212009131485
iLk7GhtTSEaZz80L269k,2023-01-02T08:29:53,London,Southern rodent tick,Ixodes acuminatus,51.543623572401266,-0.14407807648966958
K4Fs8p4nH7x9EUjm7sOe,2014-07-27T17:40:18,Liverpool,Southern rodent tick,Ixodes acuminatus,53.42074647320064,-3.009045512291117
g42DmGoM8dDPOcpUEuoF,2021-08-15T20:40:58,Edinburgh,Marsh tick,Ixodes apronophorus,55.9619931158105,-3.1841891617005382
l0sELH3wvhMbGLiF97XS,2022-06-21T14:26:05,Cardiff,Tree-hole tick,Ixodes arboricola,51.471516431800055,-3.1313007020056847
QUH9aKMRXOkJMvTS1set,2014-01-28T00:35:34,Liverpool,Fox/badger tick,Ixodes canisuga,53.374947817109046,-2.984409194720252
8QjHL9AYfAD2BNUS0J8p,2015-06-16T21:03:18,Liverpool,Southern rodent tick,Ixodes acuminatus,53.351909844575914,-2.9769861185178152
PeS49k1UBWSzpdhEeOPo,2014-10-06T09:23:11,Edinburgh,Marsh tick,Ixodes apronophorus,55.958545546559996,-3.1793836868726992
KpYUVcWhJKsNzMYCykxt,2012-07-14T23:55:19,Liverpool,Tree-hole tick,Ixodes arboricola,53.37493215089689,-2.956046539254206
PKTNTwQChc3ftjBnDHZu,2016-07-27T04:43:31,Liverpool,Marsh tick,Ixodes apronophorus,53.40330540442897,-2.9658111845260082
3a7xGlfGDsu796YSmXLM,2018-07-29T09:32:00,Edinburgh,Southern rodent tick,Ixodes acuminatus,55.91350741812398,-3.173275150483533
PKTNTwQChc3ftjBnDHZu,2016-07-27T04:43:31,Liverpool,Marsh tick,Ixodes apronophorus,53.44069705188402,-3.0085848423331236
H5137RgcNux1AWA4Va6O,2020-07-31T15:22:50,Nottingham,Fox/badger tick,Ixodes canisuga,52.94153016298152,-1.1910564837889221
M7PMHMUREz50xzWeU7tp,2019-09-07T13:52:05,Edinburgh,Fox/badger tick,Ixodes canisuga,55.960049354658274,-3.1715151403141855
iZJxFS5bFWlqBvdz1HmR,2018-11-10T00:10:39,Newcastle,Marsh tick,Ixodes apronophorus,54.98521532269107,-1.6094463423008478
6f3U0O5DcqJU39bi6mZ9,2021-01-19T17:01:18,Leicester,Tree-hole tick,Ixodes arboricola,52.65945873897635,-1.1269670583993576
MzrJZxJYDS6wWK9qLLKa,2016-12-23T16:11:25,Edinburgh,Marsh tick,Ixodes apronophorus,55.94955758233905,-3.168750433724301
igJ8dE6bZgOSvJWyGoVj,2024-03-16T04:05:09,Leeds,Fox/badger tick,Ixodes canisuga,53.79658351693636,-1.5022016535228357
sIuCSIyXNoSkY617lhZ6,2012-04-20T05:33:21,Birmingham,Southern rodent tick,Ixodes acuminatus,52.498521227423524,-1.8494384931935326
jcF9MRhT35VwgGWaVB8M,2021-03-19T12:44:44,Cardiff,Southern rodent tick,Ixodes acuminatus,51.46397570447971,-3.195058580511875
8mdpwENCmmHsXuw4vKBi,2015-05-03T13:28:12,Sheffield,Southern rodent tick,Ixodes acuminatus,53.43024406424188,-1.516551421825647
1dc3Sq3ckh8fQ4qm0cSz,2014-05-23T13:45:01,Manchester,Passerine tick,Dermacentor frontalis,53.518221787422476,-2.2055020616811167
jK2Cik6m2BxFYUFXzAeX,2024-04-09T21:45:00,Liverpool,Marsh tick,Ixodes apronophorus,53.35908933370871,-3.022154475997222
Y6FgBIJdg0lr9gjnvj5z,2022-08-13T07:01:32,Birmingham,Marsh tick,Ixodes apronophorus,52.53694835457877,-1.8665188886682302
JaqAzUFVgyQ5NEGgyM2j,2012-01-06T18:04:03,Birmingham,Passerine tick,Dermacentor frontalis,52.47839062266424,-1.8887960163975988
b062APnJGuqXoQRg9yf1,2021-12-23T22:19:54,Nottingham,Southern rodent tick,Ixodes acuminatus,52.953522929691694,-1.112645693863112
DbMOiyyChIzzTcPmP21V,2022-12-19T00:07:22,Manchester,Fox/badger tick,Ixodes canisuga,53.44569240894675,-2.2676010889470604
gf1QBgWObeWR9wBsKvKk,2018-03-21T12:30:35,Liverpool,Fox/badger tick,Ixodes canisuga,53.435540178242576,-2.948249888351909
uKV79fATq5nigkdW40RK,2014-10-09T09:50:31,Cardiff,Fox/badger tick,Ixodes canisuga,51.50011541739174,-3.149737796599185
d7z42BQsSfeeyt6dCn3f,2020-11-26T06:32:00,Liverpool,Marsh tick,Ixodes apronophorus,53.43268975677431,-2.98858546737352
Zq4puJGmwZEre8nY9SZ5,2019-12-22T13:21:32,Southampton,Southern rodent tick,Ixodes acuminatus,50.953992041983796,-1.396098794239482
OzaXrTbscahHVtbFP6lH,2019-12-28T01:53:22,Leicester,Fox/badger tick,Ixodes canisuga,52.667707346447656,-1.1106735148639033
VUUvfoUTHmJei6sDcyu9,2019-06-15T21:54:47,Bristol,Passerine tick,Dermacentor frontalis,51.4533409496146,-2.54507278820128
SP2ErFEQniZMZ4ixW9K9,2023-04-08T02:41:39,Leeds,Passerine tick,Dermacentor frontalis,53.79121375245778,-1.5279453236291527
2YFTaHRPnYF3wQERz3gq,2015-07-05T09:49:58,Birmingham,Tree-hole tick,Ixodes arboricola,52.469794244830176,-1.8683336865632216
DbMOiyyChIzzTcPmP21V,2022-12-19T00:07:22,Manchester,Fox/badger tick,Ixodes canisuga,53.455262339358484,-2.2007483258005194
VhTxqptf2N7wLOU8441L,2024-06-09T09:10:15,Bristol,Passerine tick,Dermacentor frontalis,51.497065359434195,-2.571191166488955
ZzTrsTXOlqLadvTAVVSH,2022-03-15T16:29:13,Manchester,Passerine tick,Dermacentor frontalis,53.46824793258996,-2.2558890003337293
tdK72DrpyzfXULKSqOpf,2019-11-23T08:58:10,Bristol,Southern rodent tick,Ixodes acuminatus,51.464973763421874,-2.540314492536967
GDL6K8jgn6EE5gwhCgB1,2013-10-28T22:29:11,Manchester,Passerine tick,Dermacentor frontalis,53.472895229437036,-2.20733778572955
wKW9dpCM9k4IPZvirQHC,2012-12-06T21:32:36,Sheffield,Southern rodent tick,Ixodes acuminatus,53.380829097709935,-1.452570974114059
rAKQCU9kGbzl21VPN67J,2018-11-06T04:18:32,London,Passerine tick,Dermacentor frontalis,51.54105773989056,-0.08330020972659612
K40qS0HJxOtoC9Sd9lry,2015-11-12T21:00:06,Nottingham,Southern rodent tick,Ixodes acuminatus,52.92551006096617,-1.1661670514706388
05349NmKTyfUhYKZNNH0,2015-03-17T09:10:25,Glasgow,Passerine tick,Dermacentor frontalis,55.85371813024859,-4.232594545451756
ziniFOq3yOlOQFNcItlz,2017-11-02T00:45:28,London,Fox/badger tick,Ixodes canisuga,51.537356931673486,-0.13349676160647228
qPJuZDJGKUCGiTb0Mz3P,2019-11-14T05:14:40,Edinburgh,Tree-hole tick,Ixodes arboricola,55.9598869412844,-3.184594257474441
gdpb38lLZJYolXMYDojp,2019-03-25T11:22:26,Leeds,Tree-hole tick,Ixodes arboricola,53.785138544582296,-1.5654022674743446
aIEBQ6Jj2ai6iVx4l3dl,2018-07-22T22:25:12,Nottingham,Marsh tick,Ixodes apronophorus,52.96684268456028,-1.1992309487298403
cIVwSzPKINvTbcm2XV98,2020-05-03T12:56:44,Birmingham,Passerine tick,Dermacentor frontalis,52.45095350182461,-1.945112445719141
jlWQ9fdo0pT9JmEZrgHj,2016-02-04T13:35:55,Nottingham,Tree-hole tick,Ixodes arboricola,52.94258349475593,-1.1633107732316048
8evFSghoF3EDNCbe5mzm,2021-01-10T05:53:11,Nottingham,Passerine tick,Dermacentor frontalis,52.96350124502716,-1.1732363811735973
0ravs6s6kOWxvwTQVDAe,2016-09-16T13:43:34,Newcastle,Southern rodent tick,Ixodes acuminatus,54.93531974648025,-1.582175978526857
npxeeHmFhxiTPZd54RWa,2017-02-03T03:39:13,Cardiff,Southern rodent tick,Ixodes acuminatus,51.43791397937715,-3.149820744918712
409BBD9tVjUcsiNgJEFm,2014-04-17T00:24:28,Manchester,Fox/badger tick,Ixodes canisuga,53.46906787619091,-2.203238666029007
vyIU4iN7vlN5ccIDp1pM,2022-07-24T19:41:58,Manchester,Passerine tick,Dermacentor frontalis,53.49291050585244,-2.2079824364062066
gGXXfRChVwUu5HXV6n1s,2012-02-11T03:28:53,Leicester,Fox/badger tick,Ixodes canisuga,52.64315983830426,-1.1776160288078228
rlsolmQ3J0LQAnGBxQDK,2024-10-03T03:27:57,Leicester,Marsh tick,Ixodes apronophorus,52.67546215334209,-1.1168771074837056
nXbOfVoPX9c4NHfbdQO2,2022-01-12T19:43:00,Cardiff,Passerine tick,Dermacentor frontalis,51.471423957633675,-3.1400417713383755
GDL6K8jgn6EE5gwhCgB1,2013-10-28T22:29:11,Manchester,Passerine tick,Dermacentor frontalis,53.43868937164968,-2.288211539481648
4BpYXknaXLU6PapCN7Ie,2020-07-12T14:00:33,Liverpool,Tree-hole tick,Ixodes arboricola,53.39287477230627,-2.980527041960735
cBPjSJ4DmnfeAPnPeV5k,2022-12-18T04:25:10,Liverpool,Passerine tick,Dermacentor frontalis,53.44235328444266,-2.9341293522297422
44F6xF2nAR63JLoudJTH,2018-03-11T00:59:26,Birmingham,Marsh tick,Ixodes apronophorus,52.509039254738205,-1.9110557110991444
ogHDKVozgy4MVP1wTFuu,2024-01-10T08:55:42,Birmingham,Southern rodent tick,Ixodes acuminatus,52.466139177806674,-1.9373575129820608
5Qe4AAJsQpmQYlXmQoHn,2017-07-11T16:46:25,Southampton,Passerine tick,Dermacentor frontalis,50.87910993639273,-1.3572323991411441
fJgivXeKY7D82ijGc1zy,2022-10-01T05:04:14,Leeds,Passerine tick,Dermacentor frontalis,53.8262401824432,-1.5312216935306693
uNFVHtlNrneqXUOMATZw,2024-10-19T07:34:02,Southampton,Southern rodent tick,Ixodes acuminatus,50.87403953731014,-1.4163784214048674
a2lGJfsBzUgV0CLClmqo,2020-01-20T04:21:46,Southampton,Marsh tick,Ixodes apronophorus,50.91284659039619,-1.4310600826736322
0mgV5wo4mQ9i0t8Hpfdw,2020-10-19T21:35:03,London,Tree-hole tick,Ixodes arboricola,51.50817531487842,-0.1074533443194095
Y70gsw3EbOEF9rsUG3oS,2022-09-17T05:02:54,Manchester,Marsh tick,Ixodes apronophorus,53.52617291277153,-2.2890091576111424
vJ5hAN6KuhjDgF5Jx92r,2014-07-30T23:59:26,Newcastle,Passerine tick,Dermacentor frontalis,54.99721589192123,-1.591230120328174
EuaGZEMoI1Ja2px75dvt,2016-04-26T08:55:04,Birmingham,Marsh tick,Ixodes apronophorus,52.4734167483048,-1.9128527991798885
sBVvethlD9HhHivJHzNL,2012-08-27T22:00:43,Glasgow,Tree-hole tick,Ixodes arboricola,55.838378931186185,-4.268787199186133
Xhzc0Qm7yHr0KW7hGEBv,2020-01-12T12:44:15,Glasgow,Marsh tick,Ixodes apronophorus,55.88353515946659,-4.268932121040445
Hy2738cPFago6Z2JOjfN,2013-09-10T17:11:54,Cardiff,Tree-hole tick,Ixodes arboricola,51.452306692058876,-3.211611718700894
HUwyCepes6Tkk0z6IU4F,2014-01-13T02:49:30,Leeds,Marsh tick,Ixodes apronophorus,53.769663486055535,-1.5257382826931538
FxJC5DrgT7gPyMLLeP1p,2018-07-17T07:49:54,Bristol,Fox/badger tick,Ixodes canisuga,51.42896315741324,-2.581677287433161
j67AXxhYW3r6fODJl8eA,2012-11-15T08:21:23,Nottingham,Southern rodent tick,Ixodes acuminatus,52.991463480596714,-1.1215776824960264
sJ19ePbILqrRK0d7L5eZ,2016-11-05T06:50:53,Bristol,Passerine tick,Dermacentor frontalis,51.40715202024074,-2.6016073833524667
DWRYd0bMEuLXh5Nu3cjJ,2023-07-28T12:50:34,Leicester,Southern rodent tick,Ixodes acuminatus,52.62672994382741,-1.0969232914668225
Ls8iNGkafOxq0BssEbIC,2023-02-03T09:50:00,London,Southern rodent tick,Ixodes acuminatus,51.53596639880724,-0.08536570569162627
mBpKzd3Ld0fODlAarKJ3,2012-06-07T08:50:08,Bristol,Passerine tick,Dermacentor frontalis,51.44118446177256,-2.538986286280282
iLk7GhtTSEaZz80L269k,2023-01-02T08:29:53,London,Southern rodent tick,Ixodes acuminatus,51.51296176351954,-0.1606208301220045
lIPMeK3Lerk35ZxV8jvN,2016-12-14T15:32:50,Bristol,Southern rodent tick,Ixodes acuminatus,51.4568893127251,-2.5858454408732614
v1vt9ekMPoGAdQg9miXI,2020-10-12T20:42:50,Bristol,Passerine tick,Dermacentor frontalis,51.412926865130736,-2.633267824293656
hBDk2SV5VKr6XaKLHMrD,2016-07-21T12:34:22,Nottingham,Tree-hole tick,Ixodes arboricola,52.92066859931871,-1.104322490242588
CXxFJtCAKdmbFXPlQE5q,2016-02-17T12:46:29,Manchester,Fox/badger tick,Ixodes canisuga,53.4402916837515,-2.204090614531609
MzrJZxJYDS6wWK9qLLKa,2016-12-23T16:11:25,Edinburgh,Marsh tick,Ixodes apronophorus,55.93273263181683,-3.1644451457607636
VhuU7Xh900Wofv1OTbzw,2012-12-11T11:18:35,Nottingham,Fox/badger tick,Ixodes canisuga,52.92961892463305,-1.1630807880059955
HV0cNd5ircP0DwJA8XXN,2016-12-01T00:23:30,Leicester,Passerine tick,Dermacentor frontalis,52.67288203319106,-1.1561981793337608
v8kmhKkvYXS9RjiRPtx0,2021-01-29T21:26:32,Birmingham,Southern rodent tick,Ixodes acuminatus,52.463554776749795,-1.8608271714702378
ugzxj8porcW6Y20NuCIe,2013-02-27T15:57:07,Nottingham,Southern rodent tick,Ixodes acuminatus,52.96765212114194,-1.1337812191049517
6aMgu1nQOYG4NlhNtL2V,2023-07-30T06:01:12,London,Tree-hole tick,Ixodes arboricola,51.54108293537589,-0.1304333238195186
KAKbx5v5GpqDNu5Fq44D,2018-11-24T07:08:32,Glasgow,Tree-hole tick,Ixodes arboricola,55.820098669218865,-4.256273253730656
vHLNBrXjRoaIzZOhmbr4,2021-09-09T17:00:29,Bristol,Marsh tick,Ixodes apronophorus,51.50103382929623,-2.5601004110557875
um2fLoYXh9ozjGlmErdB,2013-09-22T05:19:05,Liverpool,Marsh tick,Ixodes apronophorus,53.428827384959014,-2.9398632028926834
DvaifYQDRUDP5iNAZuqB,2023-04-05T04:30:23,Sheffield,Southern rodent tick,Ixodes acuminatus,53.36635620149558,-1.4891398476821003
G4Wi8jy31n9eP6MCeqI2,2017-12-07T19:46:15,Nottingham,Tree-hole tick,Ixodes arboricola,52.932740111726375,-1.1138425998739556
FWC8nmo9Qzzmv5yVQ2AO,2024-10-14T14:43:33,Bristol,Marsh tick,Ixodes apronophorus,51.50109578984404,-2.583792449831181
NIIjGEngmmmxjQVuI12A,2015-05-02T01:53:53,Southampton,Marsh tick,Ixodes apronophorus,50.88228306585666,-1.4541981839115494
83WtbOyHXrd5r85gb5Vz,2024-12-30T04:32:12,Glasgow,Southern rodent tick,Ixodes acuminatus,55.85621185681852,-4.293961939321139
ED46zemgTCc38RfjggT5,2015-02-22T15:18:35,Glasgow,Passerine tick,Dermacentor frontalis,55.90470223139316,-4.27060244359055
7wM3049Ld2GQEaReLB2p,2021-10-16T09:53:37,Glasgow,Tree-hole tick,Ixodes arboricola,55.90633754619753,-4.272624184117974
ZxZErv884fSgqrXnyVCU,2020-11-08T01:01:38,Birmingham,Southern rodent tick,Ixodes acuminatus,52.46950010655506,-1.9409812562748798
GWZ5ZJxUnLgHh97qeE6m,2019-12-24T00:48:47,Leeds,Fox/badger tick,Ixodes canisuga,53.84563000846691,-1.5599391401959615
YAQPqcjZsugM4GDinYde,2016-09-02T20:24:30,Liverpool,Passerine tick,Dermacentor frontalis,53.444455044580494,-2.954429667638328
DFOXJECOHLIgurUbkGDe,2016-04-10T01:13:44,Glasgow,Southern rodent tick,Ixodes acuminatus,55.90453331138511,-4.2491727743309395
YSPwzA0KXvOZBro3wEA3,2016-08-14T11:12:00,Nottingham,Marsh tick,Ixodes apronophorus,52.906698588652,-1.1762856209064403
xlNn2P8j4ICFrvnilfAr,2015-07-25T13:25:49,Southampton,Passerine tick,Dermacentor frontalis,50.905844817949344,-1.4143326694368987
g741PfqbJ5ovgBDapSLz,2016-05-03T10:34:25,Edinburgh,Fox/badger tick,Ixodes canisuga,55.917137155496626,-3.1879884566130525
Hy2738cPFago6Z2JOjfN,2013-09-10T17:11:54,Cardiff,Tree-hole tick,Ixodes arboricola,51.480486599690366,-3.1730742970996255
o5NUmQARj3P60J3Q7AUV,2020-11-22T16:01:36,Leicester,Passerine tick,Dermacentor frontalis,52.639577797544895,-1.101116151977352
gD0wzpv4wb99ShG4lajP,2017-12-02T17:54:08,Glasgow,Fox/badger tick,Ixodes canisuga,55.834354527992424,-4.296105035597264
4Ro2iFhtdF2SGit1gzOH,2020-06-25T00:44:33,Bristol,Southern rodent tick,Ixodes acuminatus,51.45890920798964,-2.6259664582487554
2AoC73JALdJTozXVptx1,2023-11-21T21:26:43,Manchester,Southern rodent tick,Ixodes acuminatus,53.48370710172518,-2.2929471308958154
NiX9S6v7vKzEkjGwmjpn,2013-06-20T23:44:17,Manchester,Fox/badger tick,Ixodes canisuga,53.494207231759816,-2.259659016365827
zq0pM9LealYh6SGfquQ0,2018-04-11T15:20:12,London,Fox/badger tick,Ixodes canisuga,51.50041544045501,-0.0754254346885902
YwFCOeRmycVLgsoupxXs,2015-03-18T15:07:21,Sheffield,Tree-hole tick,Ixodes arboricola,53.39257072721694,-1.4895086412697784
um2fLoYXh9ozjGlmErdB,2013-09-22T05:19:05,Liverpool,Marsh tick,Ixodes apronophorus,53.38484866970149,-2.956284474027771
9ArW7gk5hYYwnZruekQd,2018-11-17T12:14:14,Cardiff,Passerine tick,Dermacentor frontalis,51.48364200726004,-3.1690596074236845
0uCFMyqZJDRBYAmEFpSL,2015-09-20T13:43:51,Manchester,Marsh tick,Ixodes apronophorus,53.43869710412881,-2.279377360778174
tBDEs7jcKlK3ImBdjXeF,2013-10-19T15:57:16,Birmingham,Marsh tick,Ixodes apronophorus,52.44567177126679,-1.8628362495731097
DdWFt7bzVfQ9jnS2BDV6,2024-12-17T08:45:04,Sheffield,Marsh tick,Ixodes apronophorus,53.36784137405959,-1.5055287492920866
zNavUVihkUrkR4UChiDe,2015-04-02T12:44:36,Liverpool,Fox/badger tick,Ixodes canisuga,53.40729577346992,-3.020508979448514
tR1HvhalUxdUMoe5HG9j,2022-09-09T08:28:02,Newcastle,Passerine tick,Dermacentor frontalis,55.000374135139445,-1.639985851007405
RkSd6mhhd9oTRuTeKrmK,2017-01-13T14:53:34,Sheffield,Marsh tick,Ixodes apronophorus,53.402922500381656,-1.4616833120347543
gg7QTScQANglI2Qv0Gvw,2014-02-28T07:47:16,Cardiff,Southern rodent tick,Ixodes acuminatus,51.47727700263846,-3.1431818489581738
8Xj6dsTyD4TOiMIdIsf3,2024-04-11T22:17:48,Southampton,Southern rodent tick,Ixodes acuminatus,50.874115981030464,-1.4282300989771373
8nhE5TSJcL1oOld3OpVW,2023-06-17T13:08:18,Birmingham,Southern rodent tick,Ixodes acuminatus,52.49192665213502,-1.864818743886107
kSEdfGkbs6wAfcamRzDi,2020-01-22T03:40:16,Edinburgh,Marsh tick,Ixodes apronophorus,55.95844824011147,-3.1494090122969136
pZeAF7lridLL0Yqr1iEP,2013-04-17T04:22:47,Leeds,Passerine tick,Dermacentor frontalis,53.84204101172246,-1.5808392628292145
02WNholuSg6ndCk4c1dA,2022-08-01T06:40:31,Manchester,Marsh tick,Ixodes apronophorus,53.520036804319574,-2.214143962818042
rlb1M2hK6389R6gyNTy6,2014-11-17T01:22:59,Cardiff,Southern rodent tick,Ixodes acuminatus,51.50610461249685,-3.136614472936378
XnpF1cFW4xptVAieGp9l,2014-09-28T06:50:44,Newcastle,Tree-hole tick,Ixodes arboricola,54.94962968615315,-1.5677554641248501
mhe3dhsNGA3rIE6UatS2,2023-11-25T14:35:04,Cardiff,Tree-hole tick,Ixodes arboricola,51.52439789341952,-3.201111845927423
oLNRElZvkIwuvDpSJCUG,2022-11-29T13:09:18,Leeds,Southern rodent tick,Ixodes acuminatus,53.7730502355165,-1.580704179184371
hNUiO5Nx4zewL7HBPsSW,2017-02-10T08:55:57,Edinburgh,Tree-hole tick,Ixodes arboricola,55.95325627292758,-3.1801098234205876
D2egeOh3xsNtVaLMzK3u,2014-02-28T15:42:21,Leeds,Southern rodent tick,Ixodes acuminatus,53.77168905220898,-1.5773952912595999
1jg81lcxSkVHqe7MXBF7,2013-04-17T19:43:42,Southampton,Fox/badger tick,Ixodes canisuga,50.90959777395447,-1.441266042464559
SbkrKYCKt67JtyoaXO50,2024-05-17T01:38:19,Edinburgh,Passerine tick,Dermacentor frontalis,55.90875606151601,-3.2346568655306354
YwFCOeRmycVLgsoupxXs,2015-03-18T15:07:21,Sheffield,Tree-hole tick,Ixodes arboricola,53.384630814140735,-1.4468987119128183
RPHn7T7r5dCUSfrTiW7o,2021-04-12T16:03:49,Sheffield,Passerine tick,Dermacentor frontalis,53.41661709334728,-1.5155697521675577
9ArW7gk5hYYwnZruekQd,2018-11-17T12:14:14,Cardiff,Passerine tick,Dermacentor frontalis,51.46487000928957,-3.1569641440067886
NsqKCu26xdMA5py4NdTm,2019-02-27T10:45:38,Edinburgh,Fox/badger tick,Ixodes canisuga,55.9662093823329,-3.189107583006872
SP2ErFEQniZMZ4ixW9K9,2023-04-08T02:41:39,Leeds,Passerine tick,Dermacentor frontalis,53.846939409833915,-1.5849520120622829
dlZjhHqGj3gyUmAkdGBp,2015-12-07T06:16:10,Sheffield,Marsh tick,Ixodes apronophorus,53.42775371455956,-1.5094059193810538
85regVce6lxpbCsWqqI6,2013-03-29T01:00:45,Leicester,Southern rodent tick,Ixodes acuminatus,52.66594375800744,-1.08626719349423
PLXp8OveG1forG7wdxw1,2021-12-16T13:23:29,Nottingham,Southern rodent tick,Ixodes acuminatus,52.97470341799338,-1.1842590375146511
dE7Vs9WaVRjQNA6T9rEl,2019-05-17T16:33:45,Edinburgh,Marsh tick,Ixodes apronophorus,55.97529297276802,-3.1985119436255522
8SiJAWFQ04yYi7ThreGF,2022-11-17T21:26:27,Liverpool,Southern rodent tick,Ixodes acuminatus,53.440082929512464,-2.996787947162479
Q2GQId7YuGQcsiDckc9x,2015-10-31T21:44:04,Birmingham,Fox/badger tick,Ixodes canisuga,52.511049787048556,-1.869322709194724
EHShvlC8XYkcToUQds4q,2018-04-08T09:27:40,Sheffield,Passerine tick,Dermacentor frontalis,53.38395092199937,-1.427654669824856
JS69mIQYTB6mdu0vMt4p,2022-12-17T04:56:17,Nottingham,Marsh tick,Ixodes apronophorus,52.98319867344439,-1.1641851727223385
SW8tHE8CAgwBRm0SL6Y8,2018-04-17T15:32:37,Cardiff,Passerine tick,Dermacentor frontalis,51.44222280863724,-3.165622811212765
MIM9FaIEybhkWiVMEaTV,2015-03-30T17:49:54,Nottingham,Fox/badger tick,Ixodes canisuga,52.90999948919767,-1.103635736826841
ejnyhBc0tUnoeo2FUPi9,2013-08-07T04:01:04,Bristol,Fox/badger tick,Ixodes canisuga,51.492709749177806,-2.6262601055764345
oQRcAQt3uQXKAijMA1CT,2019-04-18T09:11:41,Bristol,Tree-hole tick,Ixodes arboricola,51.498380198410736,-2.6204189979868007
8tPfltDuCe9bHXUP1szQ,2013-01-18T18:04:17,Liverpool,Marsh tick,Ixodes apronophorus,53.4122869311125,-3.0077927255317896
KciNxloIgscOuLLggnT5,2017-01-11T03:55:08,Newcastle,Tree-hole tick,Ixodes arboricola,54.99862515531304,-1.5609866103817718
3haE5ThpcoVM0rK52S0M,2013-08-08T00:19:41,Glasgow,Passerine tick,Dermacentor frontalis,55.82547057011308,-4.2050672286268025
XXanBmXiHvZkJfQLTIY7,2012-09-24T12:06:55,Liverpool,Tree-hole tick,Ixodes arboricola,53.40281096420678,-3.010095415940688
ED46zemgTCc38RfjggT5,2015-02-22T15:18:35,Glasgow,Passerine tick,Dermacentor frontalis,55.83615937147496,-4.301294827747603
baknOjdKDYF2oNmtfL6q,2022-07-17T04:22:02,Edinburgh,Southern rodent tick,Ixodes acuminatus,55.91098579424205,-3.2013841446778337
2574jc4mgnVIP5yGDgmQ,2015-09-19T18:50:13,Southampton,Passerine tick,Dermacentor frontalis,50.86307208177401,-1.4522933665085753
PcybtjIc0yK4JwE1RHcc,2014-12-06T23:27:34,Sheffield,Passerine tick,Dermacentor frontalis,53.392776044060334,-1.4887945235316196
CE7lsZjdLZU0gneaut6Y,2014-03-18T21:07:53,Leeds,Tree-hole tick,Ixodes arboricola,53.80116270671812,-1.5604623406474667
fBMQkI2wFCp5SRzKFQm1,2022-05-14T22:06:33,Nottingham,Passerine tick,Dermacentor frontalis,52.94104307335407,-1.1577474892619302
Ls8iNGkafOxq0BssEbIC,2023-02-03T09:50:00,London,Southern rodent tick,Ixodes acuminatus,51.53917602763265,-0.07135531539924708
P5NgjYtYtFW3ffg7A3CV,2013-06-02T03:26:03,Liverpool,Marsh tick,Ixodes apronophorus,53.442066815560764,-2.954870219246928
lGMFSErS6WoC1aJWjvCj,2020-11-29T03:08:49,London,Tree-hole tick,Ixodes arboricola,51.48755025057385,-0.12478282838340919
Pt8q33VTOMMs5vwZksSP,2018-07-23T18:04:49,Manchester,Southern rodent tick,Ixodes acuminatus,53.47567519669695,-2.2225722645373613
gD0wzpv4wb99ShG4lajP,2017-12-02T17:54:08,Glasgow,Fox/badger tick,Ixodes canisuga,55.87515251127024,-4.27696413787233
lvaCdJUZqExjsHrcwnku,2020-03-11T21:12:53,Liverpool,Tree-hole tick,Ixodes arboricola,53.42032369220606,-2.9398153011911505
VUUvfoUTHmJei6sDcyu9,2019-06-15T21:54:47,Bristol,Passerine tick,Dermacentor frontalis,51.46322262786567,-2.6070210092026262
4MkOEqCML2vUFL7h7RrB,2023-02-27T09:09:01,Nottingham,Marsh tick,Ixodes apronophorus,52.98862388997084,-1.1362579966449302
Lj7Rmp75DwQdgIOqRhli,2021-03-08T20:49:52,Sheffield,Fox/badger tick,Ixodes canisuga,53.33975680505134,-1.5005589816842382
1c59JwAnHry7SIbs2yfm,2015-06-11T01:55:27,Nottingham,Passerine tick,Dermacentor frontalis,52.968644916433114,-1.1457942416149243
JNZVfqZeneYioQad0xWN,2018-08-08T09:53:10,Bristol,Marsh tick,Ixodes apronophorus,51.49973719184091,-2.575938265869579
K40qS0HJxOtoC9Sd9lry,2015-11-12T21:00:06,Nottingham,Southern rodent tick,Ixodes acuminatus,52.92772957921265,-1.1218911355866459
jTDwwWjThAycMZndR6PY,2020-01-23T18:54:10,Newcastle,Southern rodent tick,Ixodes acuminatus,55.0016096395849,-1.5855745020924854
ejfVmgF5fsGQBK4ovfOX,2015-04-07T14:18:14,Bristol,Marsh tick,Ixodes apronophorus,51.457900466864956,-2.5789985152896855
6f3U0O5DcqJU39bi6mZ9,2021-01-19T17:01:18,Leicester,Tree-hole tick,Ixodes arboricola,52.62907406598332,-1.1086072973515722
YwFCOeRmycVLgsoupxXs,2015-03-18T15:07:21,Sheffield,Tree-hole tick,Ixodes arboricola,53.38669058041318,-1.482803612855517
JbAXebsbCrAhgtPpVHEB,2022-05-01T12:31:27,Edinburgh,Tree-hole tick,Ixodes arboricola,55.93672831099325,-3.2309577064632355
G4Wi8jy31n9eP6MCeqI2,2017-12-07T19:46:15,Nottingham,Tree-hole tick,Ixodes arboricola,52.920184749051025,-1.1385361180511948
iLk7GhtTSEaZz80L269k,2023-01-02T08:29:53,London,Southern rodent tick,Ixodes acuminatus,51.46375343633606,-0.07348201993372978
iH3S7YhU0uyyfZQvcOQM,2023-10-03T07:05:31,Sheffield,Passerine tick,Dermacentor frontalis,53.41555975353374,-1.423854519326285
jcoTJTId7FNMQ9FzFmsj,2019-06-17T00:31:50,Sheffield,Southern rodent tick,Ixodes acuminatus,53.4084863086336,-1.5139235226991237
1FbUZqbO3bggzhPn83f6,2016-03-19T06:22:59,Manchester,Marsh tick,Ixodes apronophorus,53.46982518988008,-2.2344331885731235
3XY7jBZDKFZGsTjy72Hw,2019-10-23T20:15:01,Nottingham,Tree-hole tick,Ixodes arboricola,52.991364619979,-1.1772532016577986
niTHHgCA3uIEMtknBv98,2022-07-07T19:32:28,Leicester,Fox/badger tick,Ixodes canisuga,52.6329580575934,-1.1791284150438683
lDGKgtzpyXA5ZUvuyNQK,2012-04-17T21:09:23,Southampton,Tree-hole tick,Ixodes arboricola,50.88221309708156,-1.373467283287385
GwrOAmoayat6xREa6tS1,2023-02-06T08:58:44,London,Southern rodent tick,Ixodes acuminatus,51.502021627715564,-0.07980214532404149
RYhoeFOcfCjg1pURvkhp,2012-03-13T03:31:39,Leeds,Marsh tick,Ixodes apronophorus,53.77913422872187,-1.5672507572738381
VIgAP58B7wR6mhNq9sUu,2023-07-03T07:06:52,Leeds,Passerine tick,Dermacentor frontalis,53.8312740997311,-1.5682109772880506
tR1HvhalUxdUMoe5HG9j,2022-09-09T08:28:02,Newcastle,Passerine tick,Dermacentor frontalis,54.94434891461605,-1.6184569749781055
ZgQv0RPsLFTgZ3BSWjtl,2024-05-02T06:27:49,Glasgow,Passerine tick,Dermacentor frontalis,55.87802333889723,-4.22271494994278
1cwi6SlTNeS2WCXeWJWx,2012-03-10T00:08:03,Cardiff,Tree-hole tick,Ixodes arboricola,51.484144875985876,-3.1332008380082326
1gtMVjRmTki0Zd9Y3Itd,2014-08-13T10:51:17,Edinburgh,Tree-hole tick,Ixodes arboricola,55.93057753292447,-3.178564630782537
PDIAFN2zMkrkA1CPELRH,2016-05-07T18:26:03,Nottingham,Southern rodent tick,Ixodes acuminatus,52.90780993034821,-1.1166951241590144
HeE08XsiyKPTNVrThTYB,2019-03-18T12:46:40,Manchester,Marsh tick,Ixodes apronophorus,53.523611941784004,-2.2700770699139396
CXxFJtCAKdmbFXPlQE5q,2016-02-17T12:46:29,Manchester,Fox/badger tick,Ixodes canisuga,53.517694695411265,-2.23106701114468
tFpfZYF4gRR0PiJvRmmP,2019-08-21T02:39:25,Edinburgh,Passerine tick,Dermacentor frontalis,55.9336161538565,-3.198399385990739
y51ZWE8b5pgZ0aS0KuPo,2018-06-05T06:19:35,Liverpool,Fox/badger tick,Ixodes canisuga,53.38968286639444,-2.9558156332562997
Ps9EXYHAMpDQJxWyfjJW,2012-04-06T02:13:21,Southampton,Marsh tick,Ixodes apronophorus,50.89483773214698,-1.3878549345472908
3vPvL7YSxqalOZ0PRNAF,2018-02-25T00:06:31,London,Southern rodent tick,Ixodes acuminatus,51.50235461619061,-0.1330982276930623
yWraib2Zv9siRlzVdChS,2021-08-05T04:45:55,London,Southern rodent tick,Ixodes acuminatus,51.54223154818226,-0.08302190597364124
f6ldSaYc7P8AJbA8O7wJ,2015-10-10T12:46:29,Southampton,Southern rodent tick,Ixodes acuminatus,50.884671483115305,-1.4385660719009004
T1y5jHL1FcoH4LDgZo6X,2019-10-15T06:08:13,Liverpool,Southern rodent tick,Ixodes acuminatus,53.40183127702033,-2.9454076168485024
Rxxb163HwD4KgxBRb7CJ,2023-02-18T09:17:17,Leeds,Passerine tick,Dermacentor frontalis,53.85126999893488,-1.58596756787341
v8kmhKkvYXS9RjiRPtx0,2021-01-29T21:26:32,Birmingham,Southern rodent tick,Ixodes acuminatus,52.45475619833763,-1.9389196890121314
FNCmzOzdzo2WlgRvAYJF,2019-10-03T00:06:21,Leicester,Southern rodent tick,Ixodes acuminatus,52.59529923294963,-1.1219649714763302
oC5icaZSr5qlzmFsIfb2,2021-11-09T04:01:24,Bristol,Tree-hole tick,Ixodes arboricola,51.42784150394912,-2.607397214596546
zIid7p1umsoHWewLx7sS,2021-09-22T22:50:42,Cardiff,Fox/badger tick,Ixodes canisuga,51.48680502455539,-3.218278853959924
aiJdkuW11kqcI3whhUBX,2012-08-09T08:28:49,Manchester,Passerine tick,Dermacentor frontalis,53.49799592703019,-2.2031303602375694
A8rTatyF5W8IQkgvFNMG,2014-07-31T09:14:28,Nottingham,Tree-hole tick,Ixodes arboricola,52.9699331030219,-1.1373433760336387
VXDs139na67TnBL52fUm,2024-03-06T21:52:36,Nottingham,Southern rodent tick,Ixodes acuminatus,52.99029586477712,-1.1115619103690384
o8sR0qTgLkDo3YisGYVD,2013-03-01T15:58:41,Edinburgh,Passerine tick,Dermacentor frontalis,55.934123171171706,-3.1773839331218703
ED46zemgTCc38RfjggT5,2015-02-22T15:18:35,Glasgow,Passerine tick,Dermacentor frontalis,55.81380950690564,-4.219766652940778
dFaensEuXRAelfCSBxO2,2024-07-18T18:15:32,London,Tree-hole tick,Ixodes arboricola,51.499997770003965,-0.16307527654203943
y7ETHtNRFxSWvbQ7hw0x,2024-03-13T14:34:43,Birmingham,Marsh tick,Ixodes apronophorus,52.462522047376716,-1.9392458680571136
G4mB10cbrvTbwgGHc3xQ,2020-11-05T08:09:09,Liverpool,Southern rodent tick,Ixodes acuminatus,53.4262144031834,-2.966092535475053
szOO4Me73AonK5KAGyvv,2013-06-27T08:24:19,Liverpool,Marsh tick,Ixodes apronophorus,53.39312676768184,-2.9351014878798516
PKTNTwQChc3ftjBnDHZu,2016-07-27T04:43:31,Liverpool,Marsh tick,Ixodes apronophorus,53.433823527845654,-2.9750311087250805
AoYEPQnOL8XSrFWnTvYP,2024-12-28T06:01:52,Birmingham,Southern rodent tick,Ixodes acuminatus,52.49046004643194,-1.9206052740426538
KroXf4XBlB39ih6BmXa4,2018-10-08T19:27:01,Cardiff,Tree-hole tick,Ixodes arboricola,51.47304523418164,-3.187838881379443
mkP5Moftu80FLb0JgTIa,2012-09-26T22:46:23,Sheffield,Marsh tick,Ixodes apronophorus,53.37126646863233,-1.4970331047703551
affWSPHbBB7UVczrpMAf,2024-12-23T06:39:02,Manchester,Southern rodent tick,Ixodes acuminatus,53.46933709075085,-2.2700338086398983
mhe3dhsNGA3rIE6UatS2,2023-11-25T14:35:04,Cardiff,Tree-hole tick,Ixodes arboricola,51.511906668605974,-3.1731093061322095
bjgCNFIrXiTJVF1uj1Px,2019-07-06T06:58:42,Liverpool,Southern rodent tick,Ixodes acuminatus,53.366473898854956,-2.9464111781605307
oOGITwX7NdhwQpvM9zdh,2017-05-21T22:11:04,Birmingham,Passerine tick,Dermacentor frontalis,52.495406023625286,-1.9384548695389159
IDu5mjGPOqV0BpDSor2o,2017-05-17T02:10:22,Leicester,Fox/badger tick,Ixodes canisuga,52.59761265319005,-1.1501596295279106
KUVmFKOfx42CJt31m7bA,2019-04-01T01:04:58,Sheffield,Passerine tick,Dermacentor frontalis,53.374321940697236,-1.4514467266867328
3EhiuZeS21dXpMZTNJEq,2019-10-15T04:19:36,Glasgow,Passerine tick,Dermacentor frontalis,55.81518541314144,-4.277003743006429
DwcJyztD3DJNhUkEt5e1,2024-05-17T14:25:32,Leeds,Southern rodent tick,Ixodes acuminatus,53.789279476005326,-1.588661882991157
A9tJpcNJFs01DoGnhyWc,2021-06-01T09:27:27,Liverpool,Fox/badger tick,Ixodes canisuga,53.444852352408596,-2.9992013388368344
l6rBiiSNeN66kjlp7TXC,2016-05-05T13:59:54,Glasgow,Southern rodent tick,Ixodes acuminatus,55.847468086342566,-4.213328168677072
nzAt9IY31jSDg3z2rHca,2015-07-10T00:15:17,Glasgow,Marsh tick,Ixodes apronophorus,55.89497886306191,-4.271170681849119
D433j2BmBgVJBXQczRXW,2012-11-09T03:28:28,Sheffield,Passerine tick,Dermacentor frontalis,53.42983544943606,-1.4651900694939015
EaGAC5nkR2I3jfaB0vXD,2012-08-02T12:08:37,Newcastle,Southern rodent tick,Ixodes acuminatus,54.94367794965349,-1.573326255014361
0PPxLMBVzgqsoA8ExrkR,2022-02-03T15:49:52,Sheffield,Fox/badger tick,Ixodes canisuga,53.42364212048569,-1.4488175217086638
hhaKxITwXylGIVSsWXiT,2017-04-23T08:47:35,Liverpool,Fox/badger tick,Ixodes canisuga,53.44685113409484,-3.0303688323570777
dgbhO0QPLGKBN22W6cpU,2021-03-20T03:56:21,Liverpool,Fox/badger tick,Ixodes canisuga,53.40206685708683,-3.0031909051617616
b062APnJGuqXoQRg9yf1,2021-12-23T22:19:54,Nottingham,Southern rodent tick,Ixodes acuminatus,52.907706243868546,-1.1349517769652662
0JDKkIqLbrytQyWTq08t,2019-02-20T13:56:04,Birmingham,Passerine tick,Dermacentor frontalis,52.455418946323405,-1.8923469374134616
rlsolmQ3J0LQAnGBxQDK,2024-10-03T03:27:57,Leicester,Marsh tick,Ixodes apronophorus,52.631263731680434,-1.1568225068937754
MtiwlrClS8xH5ahB95Rh,2018-12-08T15:50:21,Nottingham,Passerine tick,Dermacentor frontalis,52.985644666816654,-1.1724013172955305
ejnyhBc0tUnoeo2FUPi9,2013-08-07T04:01:04,Bristol,Fox/badger tick,Ixodes canisuga,51.47958465017914,-2.6146023126363813
bKbbFlOQzViSTKFk3XNJ,2021-12-17T04:25:28,Cardiff,Fox/badger tick,Ixodes canisuga,51.5236927534587,-3.213185996245113
KEdnwvE6MQYGscL5aXt3,2017-09-09T02:08:15,Manchester,Passerine tick,Dermacentor frontalis,53.44963179053355,-2.2794234234789887
YyYDL6T8CDc6Fo6eUGbN,2015-02-02T22:26:28,Manchester,Fox/badger tick,Ixodes canisuga,53.48843422975805,-2.2728746796740866
MY4lwoNR7cDBQm8SBbR5,2022-08-31T07:56:35,Glasgow,Fox/badger tick,Ixodes canisuga,55.89052470280911,-4.257064298015168
CL0xiYDZIjJLpMDJOe2V,2014-08-14T23:46:15,Liverpool,Tree-hole tick,Ixodes arboricola,53.36747243792901,-2.9516978255554402
lG6OXJLPH8ZhWZyZAdYK,2019-03-12T15:14:55,Newcastle,Southern rodent tick,Ixodes acuminatus,54.957158774444245,-1.6364716173787455
UB17IA9O1EtRAuGYgiI1,2015-06-17T12:51:50,Bristol,Tree-hole tick,Ixodes arboricola,51.45017876363652,-2.6012022604785976
duhLE5oUxFSDMmGQwobm,2019-06-22T02:20:51,Manchester,Passerine tick,Dermacentor frontalis,53.47106900229872,-2.2791936193221116
jP3ApWL1n0pQW3XIs1uS,2024-05-25T02:37:06,Leicester,Southern rodent tick,Ixodes acuminatus,52.67712441736874,-1.1704865515121068
ET4z01CZ3w5sdrxppC9A,2023-02-21T03:58:01,Manchester,Marsh tick,Ixodes apronophorus,53.52923283230734,-2.28177862488656
czhlbDCviOsNpjbbKzXd,2012-10-04T18:17:06,Leeds,Fox/badger tick,Ixodes canisuga,53.84706127968223,-1.506070537848273
hs3ylDFRy19nwtMimmSx,2021-09-22T11:50:16,Nottingham,Tree-hole tick,Ixodes arboricola,52.97629205897256,-1.1286278636550395
rK46AJDNoDva6oPJMK5p,2015-05-25T09:14:20,Sheffield,Fox/badger tick,Ixodes canisuga,53.364070578352695,-1.439848646258637
FJyDvrlopNYlutxeZQED,2016-12-26T10:36:16,Manchester,Tree-hole tick,Ixodes arboricola,53.53191539556384,-2.2385008191804614
2aJ0Nbp40AA37xTH3eWb,2023-03-01T07:21:43,Birmingham,Southern rodent tick,Ixodes acuminatus,52.445391636570555,-1.878759286556296
WFXHYAiEyCHmKUUrnuo7,2017-02-07T14:45:48,Glasgow,Marsh tick,Ixodes apronophorus,55.888253982012124,-4.26408689419584
sjYEQ904DcgJglIh12p8,2021-09-08T10:34:25,Newcastle,Marsh tick,Ixodes apronophorus,54.94234054505833,-1.550839065861226
JhSabbDkZ94WC50n3c6n,2016-07-02T19:43:39,Sheffield,Tree-hole tick,Ixodes arboricola,53.42815576053041,-1.4845852657163514
tFVRiSzMnCJgVDqkJnAS,2021-09-02T12:23:36,Glasgow,Southern rodent tick,Ixodes acuminatus,55.831373233079134,-4.211499679534961
vDgGt5UjNxhDVBFon9AS,2024-08-30T17:56:19,Liverpool,Marsh tick,Ixodes apronophorus,53.358159942410964,-2.960540517526318
d6qJsil45owbLEzNEDs2,2018-01-23T18:12:47,Nottingham,Tree-hole tick,Ixodes arboricola,52.9108738456096,-1.1344362796565797
3vPvL7YSxqalOZ0PRNAF,2018-02-25T00:06:31,London,Southern rodent tick,Ixodes acuminatus,51.52784323318489,-0.11146194211994938
YSPwzA0KXvOZBro3wEA3,2016-08-14T11:12:00,Nottingham,Marsh tick,Ixodes apronophorus,52.9190197795426,-1.1668605589369199
Rxxb163HwD4KgxBRb7CJ,2023-02-18T09:17:17,Leeds,Passerine tick,Dermacentor frontalis,53.77173500207845,-1.5473507903370909
UJ6Db2lbdMovdp0HGVmW,2023-02-06T18:17:10,Glasgow,Tree-hole tick,Ixodes arboricola,55.86041990787343,-4.261324749799961
JHPXPy4AhjeZarxGuJfF,2020-10-27T08:33:16,Nottingham,Passerine tick,Dermacentor frontalis,52.98597458432238,-1.183510087390317
2pys19ACVjn5pWjRRxaB,2017-06-20T13:50:08,Cardiff,Marsh tick,Ixodes apronophorus,51.44886681483488,-3.161862787782547
UjXk60DdGGhB9fXyQycu,2017-08-03T15:11:24,Manchester,Tree-hole tick,Ixodes arboricola,53.4638906987643,-2.205682134022678
O5v4y1JUJ8TonagDIJiV,2019-04-01T01:14:11,Southampton,Tree-hole tick,Ixodes arboricola,50.95670560111638,-1.3590461137416936
7KItgZxrEcugpfE5oCm4,2021-06-25T18:41:41,Sheffield,Southern rodent tick,Ixodes acuminatus,53.38440996915747,-1.429191632208335
Q3TuHAQSLgkc8v41PA2w,2023-05-17T11:54:49,Nottingham,Marsh tick,Ixodes apronophorus,52.9211416432228,-1.1972832055848555
3a7xGlfGDsu796YSmXLM,2018-07-29T09:32:00,Edinburgh,Southern rodent tick,Ixodes acuminatus,55.915593133664025,-3.2097125015167105
ecEd2z4RwHEJJum4wHOo,2013-01-05T13:44:03,Glasgow,Passerine tick,Dermacentor frontalis,55.88523342393008,-4.236130787345427
Z4CMdXs4IpqgLhIvgtNo,2022-09-03T17:07:32,Bristol,Tree-hole tick,Ixodes arboricola,51.44581824204984,-2.6072142879320417
gD0wzpv4wb99ShG4lajP,2017-12-02T17:54:08,Glasgow,Fox/badger tick,Ixodes canisuga,55.87854381018448,-4.269529435367786
zhlW7w9ondK5R84n9Cyy,2014-11-13T19:06:48,Bristol,Passerine tick,Dermacentor frontalis,51.49922974171651,-2.5714844508736023
P4RcgvT0aGIrY5wcoHlZ,2019-05-14T12:08:58,Glasgow,Marsh tick,Ixodes apronophorus,55.899201585127365,-4.250863461958158
8B0MI5mWSOphj8HYnScj,2022-08-21T19:30:46,Newcastle,Marsh tick,Ixodes apronophorus,54.98754326249876,-1.6301388966324288
rRk5Z5nPMHZIPDj2UYtF,2022-02-10T11:09:02,Birmingham,Southern rodent tick,Ixodes acuminatus,52.44887104134842,-1.8614990113528944
7XWDtRF2fHFDUU0mePcz,2024-08-22T15:25:39,Newcastle,Fox/badger tick,Ixodes canisuga,54.939943708366464,-1.5673975512672689
xGj2FDydqRrqxHnc7Krk,2020-01-23T20:45:37,Birmingham,Passerine tick,Dermacentor frontalis,52.44447759684096,-1.9312258372577114
NChVkkdTKf1Ml2XBuQcX,2012-03-06T22:35:59,Cardiff,Passerine tick,Dermacentor frontalis,51.47074484691896,-3.132769737478846
DwcJyztD3DJNhUkEt5e1,2024-05-17T14:25:32,Leeds,Southern rodent tick,Ixodes acuminatus,53.7545284477871,-1.526017710395348
dFChDx2mevpRdaNVwiEG,2018-04-08T18:02:41,Cardiff,Passerine tick,Dermacentor frontalis,51.49102640704646,-3.165100850547854
y7ETHtNRFxSWvbQ7hw0x,2024-03-13T14:34:43,Birmingham,Marsh tick,Ixodes apronophorus,52.49458024856782,-1.8974903117038415
LtqWS9zdnisxeLymLVou,2012-10-23T09:13:20,Bristol,Marsh tick,Ixodes apronophorus,51.46677396810663,-2.5876748152743843
MPQc6aqIlYFnUOE8LlpN,2013-05-15T05:01:12,Nottingham,Marsh tick,Ixodes apronophorus,52.922988854996696,-1.1420980298235726
fZ37VXdcHn91pST2FFwi,2015-07-06T14:42:13,Newcastle,Fox/badger tick,Ixodes canisuga,54.99540123428071,-1.60915078332333
w6J5IXRhUNu1e9BdoyTM,2015-09-23T05:34:25,Liverpool,Fox/badger tick,Ixodes canisuga,53.401637454520724,-3.027872748142317
6EotzaikFXHVnCgFA49X,2014-03-12T07:34:49,Manchester,Fox/badger tick,Ixodes canisuga,53.473789329531215,-2.231432939121171
LipDngLgzjL2kGgUTMYQ,2015-08-15T22:10:48,Southampton,Fox/badger tick,Ixodes canisuga,50.91586383030681,-1.4250601981160986
UPJcBmWvVMYjWyoj7PJ2,2015-10-11T06:43:43,Edinburgh,Tree-hole tick,Ixodes arboricola,55.95848954959888,-3.140254401878102
KMd8Kuhhc8OGaOB0cwy7,2024-04-11T23:47:24,Glasgow,Marsh tick,Ixodes apronophorus,55.861606654652896,-4.300009514148365
ZzTrsTXOlqLadvTAVVSH,2022-03-15T16:29:13,Manchester,Passerine tick,Dermacentor frontalis,53.51752133746129,-2.255237884786788
JS69mIQYTB6mdu0vMt4p,2022-12-17T04:56:17,Nottingham,Marsh tick,Ixodes apronophorus,52.98948705484855,-1.158983601068383
ZSUnj6IBOVKudEPjhIpY,2018-01-10T15:17:16,Nottingham,Fox/badger tick,Ixodes canisuga,52.92728567053246,-1.1698886309071241
IDu5mjGPOqV0BpDSor2o,2017-05-17T02:10:22,Leicester,Fox/badger tick,Ixodes canisuga,52.58356399617396,-1.1059608433470243
lh356ewKR3sjDka3ur8g,2024-08-22T09:32:29,Edinburgh,Fox/badger tick,Ixodes canisuga,56.00232849309182,-3.1998429280584557
As4I1QJZHSoOTtIq0kHa,2024-07-27T05:28:39,Nottingham,Marsh tick,Ixodes apronophorus,52.97788887999798,-1.199394825344512
GDL6K8jgn6EE5gwhCgB1,2013-10-28T22:29:11,Manchester,Passerine tick,Dermacentor frontalis,53.485890602398705,-2.2270460204886295
aa2mcnLQjrrrMPMiQVA0,2017-08-01T07:23:19,Birmingham,Southern rodent tick,Ixodes acuminatus,52.4801013788724,-1.9435325749659929
umDl7UzIWiBB3qb2vM5H,2014-07-08T16:37:15,Manchester,Passerine tick,Dermacentor frontalis,53.52664540058656,-2.2154460828253972
Ez30oqT6mFRyiCrzdK1J,2015-07-08T20:25:50,Birmingham,Marsh tick,Ixodes apronophorus,52.44535340202091,-1.8620234673953837
3WDoZ4kGpYvjEyYaGYGw,2015-04-19T11:48:28,London,Marsh tick,Ixodes apronophorus,51.55612460981882,-0.07041798608483238
h8Qd91ekoF5XzmX3zEZI,2023-02-16T00:36:27,London,Southern rodent tick,Ixodes acuminatus,51.46904361571166,-0.1459660846055381
ZU44YVB5De45ZxJapwvi,2024-11-17T07:40:51,Newcastle,Marsh tick,Ixodes apronophorus,54.92122380320895,-1.6298671438411865
ktESvOuz4nE9Q11CeUj6,2023-05-17T18:58:31,Manchester,Marsh tick,Ixodes apronophorus,53.493411788594976,-2.2547423546581142
Q3TuHAQSLgkc8v41PA2w,2023-05-17T11:54:49,Nottingham,Marsh tick,Ixodes apronophorus,52.99559535510948,-1.17268292824471
doxC3AvGsbkcuqEK5Zxu,2015-12-18T10:04:13,Glasgow,Passerine tick,Dermacentor frontalis,55.900433595574974,-4.268712242962629
1BAyUx8rQnqelYaMLqmP,2015-03-06T15:04:32,Bristol,Fox/badger tick,Ixodes canisuga,51.477071845144565,-2.5954116246342522
MzrJZxJYDS6wWK9qLLKa,2016-12-23T16:11:25,Edinburgh,Marsh tick,Ixodes apronophorus,55.92458442246676,-3.229772120412224
gGXXfRChVwUu5HXV6n1s,2012-02-11T03:28:53,Leicester,Fox/badger tick,Ixodes canisuga,52.606409262911235,-1.1693709105853582
yoPLO3ZYNiLKVh7Cfo1f,2018-06-30T17:00:29,Birmingham,Marsh tick,Ixodes apronophorus,52.4956781303976,-1.8848047554270597
3vAbBAAcmpIC0uFp4qK9,2024-10-23T00:29:35,Nottingham,Fox/badger tick,Ixodes canisuga,52.941163027692774,-1.1054669415230574
G4Wi8jy31n9eP6MCeqI2,2017-12-07T19:46:15,Nottingham,Tree-hole tick,Ixodes arboricola,52.94280387395335,-1.1360185975982207
n3AGwNNtFIiG2hhE3NV4,2024-08-01T00:43:03,Bristol,Tree-hole tick,Ixodes arboricola,51.438003446209514,-2.548315667549393
hPWVJik1nIneZKeSfRyD,2022-02-22T17:26:33,London,Tree-hole tick,Ixodes arboricola,51.47973089103299,-0.15913618455568782
QjJe5m6cQIP7ElAHaOuv,2023-05-12T03:08:47,Birmingham,Marsh tick,Ixodes apronophorus,52.45669400641348,-1.9110216934255717
gi41i4LD7a8z1T2JoVk2,2023-03-11T19:03:32,Manchester,Fox/badger tick,Ixodes canisuga,53.43749539279179,-2.2570207149493426
mlaoEgkf4u4ekmG2HtmA,2016-12-21T05:59:55,Bristol,Fox/badger tick,Ixodes canisuga,51.48854913496014,-2.58474927372388
1gtMVjRmTki0Zd9Y3Itd,2014-08-13T10:51:17,Edinburgh,Tree-hole tick,Ixodes arboricola,55.98387122984141,-3.183081902649073
2ad68NvzFdRp5BIBN0e1,2022-03-28T06:06:58,Birmingham,Passerine tick,Dermacentor frontalis,52.5221155207245,-1.9024515113358698
mMWRdEKwKCVA4EI7OeCZ,2012-01-15T21:00:06,Nottingham,Southern rodent tick,Ixodes acuminatus,52.939590223867775,-1.196859137797399
cKtX8rc4218HisSImyYP,2014-05-20T16:01:09,Sheffield,Marsh tick,Ixodes apronophorus,53.42542395237861,-1.4998321254516453
lG6OXJLPH8ZhWZyZAdYK,2019-03-12T15:14:55,Newcastle,Southern rodent tick,Ixodes acuminatus,54.926342721936,-1.5930631108146684
ED46zemgTCc38RfjggT5,2015-02-22T15:18:35,Glasgow,Passerine tick,Dermacentor frontalis,55.870424996938574,-4.266565627837938
vektKrktS7Nr8nWrpUWO,2019-05-15T05:38:19,Sheffield,Passerine tick,Dermacentor frontalis,53.410657271600826,-1.4456327434165253
HHWT4HRxJt3yvV30dbfH,2017-01-02T10:07:09,Southampton,Marsh tick,Ixodes apronophorus,50.95652237821568,-1.4333018079290711
p65mctXAysJ3VpL0OfMf,2021-08-27T09:33:10,Southampton,Passerine tick,Dermacentor frontalis,50.92652748079863,-1.4019862473635505
GkTWmmCaVIfOeENqTywe,2016-10-15T21:37:37,Cardiff,Passerine tick,Dermacentor frontalis,51.47287810839664,-3.19524225219284
qirO4HB95b1A9LuEbcCc,2023-01-19T15:39:03,Sheffield,Passerine tick,Dermacentor frontalis,53.38099074667573,-1.4350334156138977
FNRJmAyWPntyivP6zrsb,2018-02-28T14:49:55,Manchester,Passerine tick,Dermacentor frontalis,53.46042754112314,-2.2538143133834248
c1hofVj89dhbUuVPBKV2,2020-12-09T20:00:56,Bristol,Marsh tick,Ixodes apronophorus,51.42133686657109,-2.5633901603136175
s1Nr2wF0iX8UsCsJqFTX,2021-02-20T04:30:28,Liverpool,Fox/badger tick,Ixodes canisuga,53.40469023447017,-3.0321327549964767
fBMQkI2wFCp5SRzKFQm1,2022-05-14T22:06:33,Nottingham,Passerine tick,Dermacentor frontalis,52.98734205527044,-1.1478011215153214
gi41i4LD7a8z1T2JoVk2,2023-03-11T19:03:32,Manchester,Fox/badger tick,Ixodes canisuga,53.45242701385537,-2.286473906067575
baknOjdKDYF2oNmtfL6q,2022-07-17T04:22:02,Edinburgh,Southern rodent tick,Ixodes acuminatus,55.995964406998795,-3.153876817088501
52TXdCor1RrFbeakilyb,2019-08-08T12:02:22,Leeds,Fox/badger tick,Ixodes canisuga,53.82365484854399,-1.5028969181750775
7RovjFKDhuLUoOvgFwTH,2023-09-17T22:19:35,Sheffield,Fox/badger tick,Ixodes canisuga,53.34337212272033,-1.4755789637738608
xMOyvUx9wwAWaGTsEyGz,2012-02-04T19:59:04,Liverpool,Southern rodent tick,Ixodes acuminatus,53.38914127621765,-2.9415141116818604
Ez30oqT6mFRyiCrzdK1J,2015-07-08T20:25:50,Birmingham,Marsh tick,Ixodes apronophorus,52.46887196001895,-1.942377632071672
8pKPaAZ7GsXY8mCQRrXT,2013-10-31T12:22:24,Manchester,Passerine tick,Dermacentor frontalis,53.51303321289346,-2.2096971404683114
XzQuNC7pzZFFl3hZGI5b,2016-07-09T10:54:45,Liverpool,Tree-hole tick,Ixodes arboricola,53.40347021258388,-3.0207065138560876
9cEnX6Uq9ewnINedmf8w,2021-08-09T02:23:53,London,Marsh tick,Ixodes apronophorus,51.525340866219196,-0.10825446263462896
iGzZukRFlnPhK0xWVnaz,2023-01-08T08:08:21,Liverpool,Fox/badger tick,Ixodes canisuga,53.389035182088755,-2.965590702605517
8nhE5TSJcL1oOld3OpVW,2023-06-17T13:08:18,Birmingham,Southern rodent tick,Ixodes acuminatus,52.49043512815118,-1.8601979965455162
BmZJHIdgDJnJgTXCJkVw,2018-05-31T12:31:39,Leicester,Fox/badger tick,Ixodes canisuga,52.66891526155892,-1.1028256412886144
REWT5KqcfASeZFsst5Ml,2013-12-23T00:50:28,Glasgow,Southern rodent tick,Ixodes acuminatus,55.90912403196741,-4.247218120289865
R2gB79b7qDQQLPKcDRSO,2017-06-17T03:07:55,Sheffield,Fox/badger tick,Ixodes canisuga,53.427914018557054,-1.4172896716276335
Jt2CeNQ3CtChMVbKPn9o,2022-03-04T20:21:35,Nottingham,Passerine tick,Dermacentor frontalis,52.96224916753985,-1.1523543006066297
SzwbBFGbaImV0T4LW2rG,2024-07-05T06:44:51,Southampton,Marsh tick,Ixodes apronophorus,50.877176334818806,-1.384570290393266
dcdXBgt5ygqnsZdvCGKN,2023-04-26T13:30:04,Nottingham,Fox/badger tick,Ixodes canisuga,52.9850199898309,-1.1262294105319186
kfC5SGYUvq7wue1Q9xai,2014-04-30T14:20:17,Nottingham,Fox/badger tick,Ixodes canisuga,52.94663206228275,-1.1231913471967232
mOMdnLwXSFYV3Hhx1lpj,2019-09-28T10:00:48,Glasgow,Passerine tick,Dermacentor frontalis,55.81374792208319,-4.266819537189951
Z4CMdXs4IpqgLhIvgtNo,2022-09-03T17:07:32,Bristol,Tree-hole tick,Ixodes arboricola,51.43582043421047,-2.619793561661325
yUss1yX5RK7DlmAmtgT1,2023-11-30T16:37:54,Nottingham,Fox/badger tick,Ixodes canisuga,52.93659639525451,-1.1889433612982008
8xyuyUdQVTDfku3uONNs,2018-06-19T00:41:05,Manchester,Fox/badger tick,Ixodes canisuga,53.50207126411784,-2.2859610233547945
MY4lwoNR7cDBQm8SBbR5,2022-08-31T07:56:35,Glasgow,Fox/badger tick,Ixodes canisuga,55.82211838376813,-4.293254967421696
iOZqOURSV09NGZcdZg5L,2021-09-12T03:15:02,Nottingham,Tree-hole tick,Ixodes arboricola,52.93059245181287,-1.1699829353199274
YQ3Mfdm7FjdUPSNdU8nm,2015-12-19T19:01:54,Cardiff,Passerine tick,Dermacentor frontalis,51.49077673096031,-3.1901590523949954
4XlbZB98NFfaIaZS1sdR,2020-08-19T12:07:08,Leicester,Southern rodent tick,Ixodes acuminatus,52.58727300963254,-1.1810813637710176
ZIJJQmSGYu91ay30YbrF,2023-04-10T01:32:31,Birmingham,Passerine tick,Dermacentor frontalis,52.47601728205355,-1.8716966714490804
mlaoEgkf4u4ekmG2HtmA,2016-12-21T05:59:55,Bristol,Fox/badger tick,Ixodes canisuga,51.43048705511044,-2.5839283566773457
tCWY1NBNFjL56v0YIUCL,2013-09-03T03:59:45,Nottingham,Marsh tick,Ixodes apronophorus,52.922492026555084,-1.110819017835241
DFOXJECOHLIgurUbkGDe,2016-04-10T01:13:44,Glasgow,Southern rodent tick,Ixodes acuminatus,55.86173199280559,-4.226611809839438
bTrvoR9KUIOpgsWIubN4,2019-01-14T08:09:34,Edinburgh,Southern rodent tick,Ixodes acuminatus,55.92745724828994,-3.195442555659097
9v7TGhrB7HraQqUm6JmK,2024-10-20T07:20:12,Cardiff,Tree-hole tick,Ixodes arboricola,51.49755185324291,-3.175183136920267
YwFCOeRmycVLgsoupxXs,2015-03-18T15:07:21,Sheffield,Tree-hole tick,Ixodes arboricola,53.37713948231768,-1.4272879438014272
EDkrJ5Vf8L1yKpodif2U,2017-01-04T03:53:10,Southampton,Southern rodent tick,Ixodes acuminatus,50.91126328395423,-1.4462295292965137
aa2mcnLQjrrrMPMiQVA0,2017-08-01T07:23:19,Birmingham,Southern rodent tick,Ixodes acuminatus,52.49581106312115,-1.8893336554780495
kRyJHh8eSgX3w6zqwWfU,2014-12-29T08:16:15,Leeds,Marsh tick,Ixodes apronophorus,53.755477033224246,-1.5696737549534279
fBMQkI2wFCp5SRzKFQm1,2022-05-14T22:06:33,Nottingham,Passerine tick,Dermacentor frontalis,52.96704487924744,-1.1768105264388324
pZeAF7lridLL0Yqr1iEP,2013-04-17T04:22:47,Leeds,Passerine tick,Dermacentor frontalis,53.84431050702004,-1.5438070062575535
CePZOLqnifb7xxYbQVyF,2015-08-30T12:50:16,Bristol,Tree-hole tick,Ixodes arboricola,51.47881582168152,-2.550288217282927
KEdnwvE6MQYGscL5aXt3,2017-09-09T02:08:15,Manchester,Passerine tick,Dermacentor frontalis,53.52852474976198,-2.274545123995432
hPeGy6h2gz3emC6UycfC,2015-12-19T23:19:00,Nottingham,Southern rodent tick,Ixodes acuminatus,52.96561044221669,-1.1981058587156652
GWZ5ZJxUnLgHh97qeE6m,2019-12-24T00:48:47,Leeds,Fox/badger tick,Ixodes canisuga,53.84021910017463,-1.4995183853466367
igJ8dE6bZgOSvJWyGoVj,2024-03-16T04:05:09,Leeds,Fox/badger tick,Ixodes canisuga,53.82619760763618,-1.591540018501893
n5sekJCGzfrCrRUJAUdV,2014-11-23T13:28:07,Leicester,Tree-hole tick,Ixodes arboricola,52.63910116748105,-1.1072599827751632
FNRJmAyWPntyivP6zrsb,2018-02-28T14:49:55,Manchester,Passerine tick,Dermacentor frontalis,53.449980825809824,-2.2075772432788026
hs3ylDFRy19nwtMimmSx,2021-09-22T11:50:16,Nottingham,Tree-hole tick,Ixodes arboricola,52.987342011765456,-1.1712560122594577
GDL6K8jgn6EE5gwhCgB1,2013-10-28T22:29:11,Manchester,Passerine tick,Dermacentor frontalis,53.51966789086041,-2.1981094657860063
Nl2znr65WHeMvzuRtSck,2018-12-25T16:19:25,Liverpool,Passerine tick,Dermacentor frontalis,53.39069859322663,-3.0087185778375147
zmQC5Z0BxcmemDAWRheX,2024-03-10T03:55:02,Sheffield,Passerine tick,Dermacentor frontalis,53.35285156558683,-1.4936127875294414
IWkIdJFsPjd9E990hs0M,2023-08-08T23:36:14,London,Tree-hole tick,Ixodes arboricola,51.512677461293244,-0.11336408288725751
bY1I3QNBY15iTH6X5JSy,2021-10-12T16:53:08,Bristol,Fox/badger tick,Ixodes canisuga,51.44193855084509,-2.5414341289568556
NiX9S6v7vKzEkjGwmjpn,2013-06-20T23:44:17,Manchester,Fox/badger tick,Ixodes canisuga,53.44076880201637,-2.2267780555153642
0uCFMyqZJDRBYAmEFpSL,2015-09-20T13:43:51,Manchester,Marsh tick,Ixodes apronophorus,53.51571120011136,-2.2324216541287574
xGj2FDydqRrqxHnc7Krk,2020-01-23T20:45:37,Birmingham,Passerine tick,Dermacentor frontalis,52.502382141658295,-1.8530943916264115
yHKpQIbUfqdl7h4CYKyf,2012-01-24T00:24:09,Birmingham,Southern rodent tick,Ixodes acuminatus,52.51251348910511,-1.921670446068876
JNZVfqZeneYioQad0xWN,2018-08-08T09:53:10,Bristol,Marsh tick,Ixodes apronophorus,51.42529027711298,-2.5460510137786296
lIPrppLZJ182GqraMR9j,2020-01-15T10:18:38,Birmingham,Marsh tick,Ixodes apronophorus,52.52476175437537,-1.878000258779494
3qKjc1DFIBTtNrpUgRkf,2023-12-09T08:17:21,Southampton,Marsh tick,Ixodes apronophorus,50.9498256934854,-1.453969519814754
44F6xF2nAR63JLoudJTH,2018-03-11T00:59:26,Birmingham,Marsh tick,Ixodes apronophorus,52.45912925277609,-1.88708309057919
WoAAUYMvcyusSmjfYRYM,2021-11-03T14:51:15,Sheffield,Passerine tick,Dermacentor frontalis,53.416994303362046,-1.4890966044459948
PYbn1uI7kY8DUIZhPhwU,2023-11-04T13:31:18,Bristol,Passerine tick,Dermacentor frontalis,51.43570383407596,-2.5943279164171256
pvWFz8wxaDkLcixvCTU5,2018-06-26T03:39:29,Cardiff,Southern rodent tick,Ixodes acuminatus,51.502966738471684,-3.2188248443369782
JNZVfqZeneYioQad0xWN,2018-08-08T09:53:10,Bristol,Marsh tick,Ixodes apronophorus,51.48774582089981,-2.6211511416326108
3KIhIxMpAXjXZLbljrBP,2016-04-03T14:00:37,Glasgow,Southern rodent tick,Ixodes acuminatus,55.885603579046595,-4.226055436631797
mBpKzd3Ld0fODlAarKJ3,2012-06-07T08:50:08,Bristol,Passerine tick,Dermacentor frontalis,51.47182455781761,-2.5502119873416964
q6WLOxWuGpDWohByRvZm,2012-12-15T13:56:21,Bristol,Marsh tick,Ixodes apronophorus,51.485582262628476,-2.5918805750287794
YQ3Mfdm7FjdUPSNdU8nm,2015-12-19T19:01:54,Cardiff,Passerine tick,Dermacentor frontalis,51.46387881829243,-3.1780200758449277
0uCFMyqZJDRBYAmEFpSL,2015-09-20T13:43:51,Manchester,Marsh tick,Ixodes apronophorus,53.51648625411895,-2.2463622210700573
Ls8iNGkafOxq0BssEbIC,2023-02-03T09:50:00,London,Southern rodent tick,Ixodes acuminatus,51.4898117629491,-0.15868851897289837
FxupEiF9DCD3LDnkGBnz,2017-04-26T21:46:08,Sheffield,Fox/badger tick,Ixodes canisuga,53.35803657912508,-1.4986697795869608
jcF9MRhT35VwgGWaVB8M,2021-03-19T12:44:44,Cardiff,Southern rodent tick,Ixodes acuminatus,51.44719336566969,-3.1987671948619383
NmJMyfl2AhO9fHteFTBC,2015-03-05T17:58:29,Nottingham,Passerine tick,Dermacentor frontalis,52.9508325554012,-1.17200852514513
YyYDL6T8CDc6Fo6eUGbN,2015-02-02T22:26:28,Manchester,Fox/badger tick,Ixodes canisuga,53.53346537325549,-2.289626873096704
y7ETHtNRFxSWvbQ7hw0x,2024-03-13T14:34:43,Birmingham,Marsh tick,Ixodes apronophorus,52.45630498531604,-1.923924015595482
Q8LcWuL0YBkwBb4KTBSO,2014-04-21T15:20:59,Nottingham,Southern rodent tick,Ixodes acuminatus,52.930354699122304,-1.1752091295612903
c1hofVj89dhbUuVPBKV2,2020-12-09T20:00:56,Bristol,Marsh tick,Ixodes apronophorus,51.48195277851458,-2.613097349327195
j67AXxhYW3r6fODJl8eA,2012-11-15T08:21:23,Nottingham,Southern rodent tick,Ixodes acuminatus,52.913673489778425,-1.1234982612303106
v8kmhKkvYXS9RjiRPtx0,2021-01-29T21:26:32,Birmingham,Southern rodent tick,Ixodes acuminatus,52.53069286960362,-1.8655463402808954
h3tKV2fydA7ieovlAUPj,2013-09-27T00:24:59,London,Fox/badger tick,Ixodes canisuga,51.5549633504515,-0.07727679085618716
jTDwwWjThAycMZndR6PY,2020-01-23T18:54:10,Newcastle,Southern rodent tick,Ixodes acuminatus,55.01037460598801,-1.6329937281863776
YAQPqcjZsugM4GDinYde,2016-09-02T20:24:30,Liverpool,Passerine tick,Dermacentor frontalis,53.4413575849004,-2.9451947583663904
0JDKkIqLbrytQyWTq08t,2019-02-20T13:56:04,Birmingham,Passerine tick,Dermacentor frontalis,52.49611522370243,-1.8645857057996167
fJgivXeKY7D82ijGc1zy,2022-10-01T05:04:14,Leeds,Passerine tick,Dermacentor frontalis,53.78234978741482,-1.5179627921026477
w9ZVfej8Zz0S7Tmy4yY3,2021-01-12T22:50:15,Sheffield,Tree-hole tick,Ixodes arboricola,53.43005546901761,-1.431410479416644
wWhAgpr67cSlqeSeYfMV,2018-12-05T05:19:13,Manchester,Marsh tick,Ixodes apronophorus,53.46112219738549,-2.2413046960707033
5fpBbElEfHfG0vFErOoz,2013-07-11T08:39:47,Glasgow,Passerine tick,Dermacentor frontalis,55.874565996967675,-4.2599731031277095
3d48gn6fHVyjvezJNAXQ,2012-01-26T14:15:56,Manchester,Southern rodent tick,Ixodes acuminatus,53.51373616391197,-2.2569969318071044
0PjHl5xUUWf9Taf2fHxN,2024-06-12T20:03:52,Sheffield,Marsh tick,Ixodes apronophorus,53.34872081608702,-1.4432930382427311
mqfnRVwajySN0tmwk47o,2012-04-04T04:51:45,Newcastle,Fox/badger tick,Ixodes canisuga,54.94317207361669,-1.5640480482343833
Wf6yH4ir9cQg5Bij3dfD,2020-08-27T03:17:49,Leeds,Passerine tick,Dermacentor frontalis,53.785409695430126,-1.5333770981997221
jcoTJTId7FNMQ9FzFmsj,2019-06-17T00:31:50,Sheffield,Southern rodent tick,Ixodes acuminatus,53.42425192448086,-1.4538930360030546
MxIrqtI0UbSe2cnYqlII,2020-05-28T02:35:12,Birmingham,Passerine tick,Dermacentor frontalis,52.495468603871686,-1.8801035389992788
oyE1pvmNhi9d4Aq7sYin,2013-09-10T20:50:09,Manchester,Southern rodent tick,Ixodes acuminatus,53.44802036731841,-2.2674438396243537
iGzZukRFlnPhK0xWVnaz,2023-01-08T08:08:21,Liverpool,Fox/badger tick,Ixodes canisuga,53.405514144091,-2.9623646558275354
JaqAzUFVgyQ5NEGgyM2j,2012-01-06T18:04:03,Birmingham,Passerine tick,Dermacentor frontalis,52.47271341184855,-1.864012025916232
oPsSEOUH8TCt29bdUHzp,2020-12-11T21:36:33,Leicester,Southern rodent tick,Ixodes acuminatus,52.65630622103946,-1.0960106989846232
EbkMbuA8WlixZUUFGXaj,2015-08-07T08:51:49,Leeds,Fox/badger tick,Ixodes canisuga,53.8470787673068,-1.5624646320996745
mMWRdEKwKCVA4EI7OeCZ,2012-01-15T21:00:06,Nottingham,Southern rodent tick,Ixodes acuminatus,52.91879754339898,-1.1702164177958314
iLk7GhtTSEaZz80L269k,2023-01-02T08:29:53,London,Southern rodent tick,Ixodes acuminatus,51.479380811329655,-0.1551323624757551
iGzZukRFlnPhK0xWVnaz,2023-01-08T08:08:21,Liverpool,Fox/badger tick,Ixodes canisuga,53.446455505374765,-2.969126247275676
3vAbBAAcmpIC0uFp4qK9,2024-10-23T00:29:35,Nottingham,Fox/badger tick,Ixodes canisuga,52.94938893979025,-1.1573309353974601
v77UE07ae5Fh6pRpAbuw,2023-06-02T19:20:00,Liverpool,Passerine tick,Dermacentor frontalis,53.39659671973368,-3.004712611144121
yCnT5AExmdUzu51zrqcS,2021-01-13T18:53:35,Glasgow,Tree-hole tick,Ixodes arboricola,55.851013874144684,-4.280618708376593
6uL0leRbGkixrE6S44ZA,2017-07-02T11:14:51,Manchester,Fox/badger tick,Ixodes canisuga,53.528411400187835,-2.19821417337987
P4RcgvT0aGIrY5wcoHlZ,2019-05-14T12:08:58,Glasgow,Marsh tick,Ixodes apronophorus,55.83797181619818,-4.233604455967785
ugzxj8porcW6Y20NuCIe,2013-02-27T15:57:07,Nottingham,Southern rodent tick,Ixodes acuminatus,52.996882446991194,-1.185142263359384
Hy2738cPFago6Z2JOjfN,2013-09-10T17:11:54,Cardiff,Tree-hole tick,Ixodes arboricola,51.45270313221878,-3.1883449790547536
5zGlbMy45diJFgDwGt0b,2020-03-24T17:15:33,Cardiff,Fox/badger tick,Ixodes canisuga,51.50411566799433,-3.143258348125991
JNZVfqZeneYioQad0xWN,2018-08-08T09:53:10,Bristol,Marsh tick,Ixodes apronophorus,51.44480464128937,-2.5772065574739367
p02kHlSDJdauo5dAPlC2,2016-12-19T09:01:48,Sheffield,Fox/badger tick,Ixodes canisuga,53.42212061205234,-1.4517595259861389
8B0MI5mWSOphj8HYnScj,2022-08-21T19:30:46,Newcastle,Marsh tick,Ixodes apronophorus,54.929924885388964,-1.5589393555325384
fND8oqrdassrPfr7WTCR,2024-08-20T22:52:13,Glasgow,Passerine tick,Dermacentor frontalis,55.81482138908292,-4.2236948721944305
9vFF9tEofSP8UG0wlxRw,2015-04-30T13:08:43,Leeds,Tree-hole tick,Ixodes arboricola,53.78327018130141,-1.5361117419118984
FBzoHkuYh5Y8aVFrGab8,2020-01-19T00:15:32,Sheffield,Tree-hole tick,Ixodes arboricola,53.40327798745958,-1.4406192562297764
n56yIWxZNeQ4g9IOriXX,2022-11-12T02:48:43,Southampton,Marsh tick,Ixodes apronophorus,50.930228845088834,-1.375461541109799
lGMFSErS6WoC1aJWjvCj,2020-11-29T03:08:49,London,Tree-hole tick,Ixodes arboricola,51.556257398033566,-0.1424426164571429
hBdKD2gPCKJ1eqHdir08,2016-11-23T22:03:59,Leicester,Southern rodent tick,Ixodes acuminatus,52.590410722583776,-1.1378487428403183
rlb1M2hK6389R6gyNTy6,2014-11-17T01:22:59,Cardiff,Southern rodent tick,Ixodes acuminatus,51.45073702948109,-3.2078485447150795
gMjI1QGSQ0fddeAYTFJc,2023-12-19T06:20:56,Bristol,Tree-hole tick,Ixodes arboricola,51.48190083994495,-2.568843110930589
rGUhbOR39ZE9fdVf3lws,2016-03-14T15:34:09,London,Fox/badger tick,Ixodes canisuga,51.48571449971226,-0.06968148266639833
GznDMUpuuOJAZOa0EJT5,2019-03-07T12:41:31,Sheffield,Southern rodent tick,Ixodes acuminatus,53.34520003366218,-1.4514048340988777
nzAt9IY31jSDg3z2rHca,2015-07-10T00:15:17,Glasgow,Marsh tick,Ixodes apronophorus,55.86960389404469,-4.237470088301243
gMjI1QGSQ0fddeAYTFJc,2023-12-19T06:20:56,Bristol,Tree-hole tick,Ixodes arboricola,51.44556117135057,-2.5798004095697147
HuZ8omEvqmsv7DtA7uYR,2023-07-21T10:39:28,Leicester,Marsh tick,Ixodes apronophorus,52.6157279661065,-1.1234740861819066
4XlbZB98NFfaIaZS1sdR,2020-08-19T12:07:08,Leicester,Southern rodent tick,Ixodes acuminatus,52.65531809278747,-1.1232998049223226
4whMANj754FhlLX4Od9N,2013-10-12T00:33:44,Sheffield,Fox/badger tick,Ixodes canisuga,53.41750327543214,-1.4538361375246094
IkOrsHDYQiH1g0UrUXJe,2023-03-15T08:20:56,Sheffield,Tree-hole tick,Ixodes arboricola,53.3985631375072,-1.4749264561510298
wcLqXNJP3avv7Kg5H953,2017-08-13T23:22:58,Birmingham,Tree-hole tick,Ixodes arboricola,52.44705916614977,-1.8912586351765228
lh356ewKR3sjDka3ur8g,2024-08-22T09:32:29,Edinburgh,Fox/badger tick,Ixodes canisuga,55.96035688050983,-3.17384231389922
FaOs9NVpdUjcdr9ZoofK,2018-02-27T23:52:42,London,Tree-hole tick,Ixodes arboricola,51.525640741051724,-0.07171919817504316
bocX9wijAxDqtLnTJwQe,2023-11-07T08:21:48,Liverpool,Passerine tick,Dermacentor frontalis,53.42146069114556,-2.950712921166087
ibK1G4b6OytOC8q2EK6u,2012-03-16T15:39:34,Edinburgh,Southern rodent tick,Ixodes acuminatus,55.996163969653615,-3.1533975414898987
XzQuNC7pzZFFl3hZGI5b,2016-07-09T10:54:45,Liverpool,Tree-hole tick,Ixodes arboricola,53.36339855835341,-2.965969028477064
hs3ylDFRy19nwtMimmSx,2021-09-22T11:50:16,Nottingham,Tree-hole tick,Ixodes arboricola,52.963275612336815,-1.1851812996005529
nrLSTjahy0VmHlUIlxMA,2015-06-01T00:12:09,Birmingham,Tree-hole tick,Ixodes arboricola,52.48886421441093,-1.864898163193465
8SXVSF0bqI0Nwl9V8t75,2024-04-30T12:54:30,Glasgow,Passerine tick,Dermacentor frontalis,55.836518800095966,-4.240032140152661
SP2ErFEQniZMZ4ixW9K9,2023-04-08T02:41:39,Leeds,Passerine tick,Dermacentor frontalis,53.76910194449286,-1.5320549551436553
srhcxv1CgtCUYLcBY0fC,2020-01-18T10:49:41,Glasgow,Marsh tick,Ixodes apronophorus,55.90039092618031,-4.259938767636556
mJZpaHehPvBpDzc696Tg,2018-07-06T15:09:17,Sheffield,Marsh tick,Ixodes apronophorus,53.37679729014666,-1.4671428324912383
Yxkf3q0MjVrqSUsZzbwl,2015-07-02T03:16:58,London,Tree-hole tick,Ixodes arboricola,51.498416771644344,-0.0766529112016574
9v7TGhrB7HraQqUm6JmK,2024-10-20T07:20:12,Cardiff,Tree-hole tick,Ixodes arboricola,51.4634489944042,-3.142290344602597
zRZvDbjM8XZGlBzux6Ln,2014-07-29T01:40:06,Edinburgh,Passerine tick,Dermacentor frontalis,55.99865587649138,-3.2146893320553125
rAKQCU9kGbzl21VPN67J,2018-11-06T04:18:32,London,Passerine tick,Dermacentor frontalis,51.47078806686424,-0.14989015632982164
yCnT5AExmdUzu51zrqcS,2021-01-13T18:53:35,Glasgow,Tree-hole tick,Ixodes arboricola,55.85705866445923,-4.2154665763773504
RRwts66Q9jVNc84666nC,2016-04-21T16:43:38,London,Passerine tick,Dermacentor frontalis,51.47036118629423,-0.0972873735103198
Owo79mOrSMA1FEdvOPad,2021-02-09T07:29:40,London,Passerine tick,Dermacentor frontalis,51.48124961272133,-0.08912742531909988
nxfAJBPXXhRCeC1kZTHF,2015-05-14T10:53:44,Leeds,Fox/badger tick,Ixodes canisuga,53.850248345147364,-1.5821704852626914
z9gJdab10hNcAVk7eoqk,2018-09-14T02:12:34,Edinburgh,Marsh tick,Ixodes apronophorus,55.924167266083,-3.216893681572044
UefEW8QH90qhBnyXsmqS,2015-06-13T02:11:15,Edinburgh,Marsh tick,Ixodes apronophorus,55.90897364543325,-3.1801192771643674
R2gB79b7qDQQLPKcDRSO,2017-06-17T03:07:55,Sheffield,Fox/badger tick,Ixodes canisuga,53.39507840951497,-1.4884666336762966
EHShvlC8XYkcToUQds4q,2018-04-08T09:27:40,Sheffield,Passerine tick,Dermacentor frontalis,53.39239136275382,-1.472771673065984
7KItgZxrEcugpfE5oCm4,2021-06-25T18:41:41,Sheffield,Southern rodent tick,Ixodes acuminatus,53.422731708994476,-1.4749285245081887
gGXXfRChVwUu5HXV6n1s,2012-02-11T03:28:53,Leicester,Fox/badger tick,Ixodes canisuga,52.65713829817517,-1.104152088388682
Hdf6iTlt04QfjcE4TLsp,2020-09-21T22:42:54,Newcastle,Marsh tick,Ixodes apronophorus,54.964336376777695,-1.579658630201843
vyIU4iN7vlN5ccIDp1pM,2022-07-24T19:41:58,Manchester,Passerine tick,Dermacentor frontalis,53.504384132379215,-2.2233755365914427
HlwX1As41KVOnWAkXheg,2022-02-20T17:49:07,Cardiff,Southern rodent tick,Ixodes acuminatus,51.474807882956654,-3.161843625259521
eCdH9oLtvPcyRwHgdVeq,2024-08-05T18:26:09,Southampton,Passerine tick,Dermacentor frontalis,50.904463876790906,-1.4358311308185163
NzRAh9Bys6aIoK6R0DGT,2022-08-10T18:28:37,Nottingham,Southern rodent tick,Ixodes acuminatus,52.91267351561996,-1.1260767247440884
ayoIraRlZW4gtkUyV8UN,2016-06-24T10:02:06,Leeds,Southern rodent tick,Ixodes acuminatus,53.79552693886779,-1.5092838659425492
dCWdEjQ6RrcsnSP8G7nZ,2015-12-18T08:09:03,Cardiff,Marsh tick,Ixodes apronophorus,51.52539923713633,-3.2285946700016916
9bCXNxlovKkRxtdPxMyO,2019-10-03T20:40:24,Glasgow,Tree-hole tick,Ixodes arboricola,55.85692095037929,-4.218912080926019
kq5ZxEnwxch0UY0XiPyr,2013-08-15T02:19:32,Edinburgh,Fox/badger tick,Ixodes canisuga,55.96300297756839,-3.1581271564521742
RlSvGNTyqlddtiVQ2CF2,2023-06-02T11:46:47,Nottingham,Southern rodent tick,Ixodes acuminatus,52.94097067120051,-1.1070732088665025
qgj52BWIsYnTKNSOLgO9,2021-06-03T18:52:30,Nottingham,Passerine tick,Dermacentor frontalis,52.9587630223962,-1.1796475570651266
Z3AAEMzF4uEqEjYfwGRf,2013-03-06T00:06:13,Leicester,Marsh tick,Ixodes apronophorus,52.6250932390902,-1.1086166051423845
duhLE5oUxFSDMmGQwobm,2019-06-22T02:20:51,Manchester,Passerine tick,Dermacentor frontalis,53.452310579860125,-2.197038901013694
dV9s3G8Wqp2WmFq5EONw,2021-11-16T18:28:35,Nottingham,Fox/badger tick,Ixodes canisuga,52.91649287865609,-1.1393572380229102
N8VXpwQ2X1Y2tXR02xXd,2022-08-11T04:38:19,Southampton,Fox/badger tick,Ixodes canisuga,50.92603871472579,-1.3560326390774666
I59fa8epR5AZeUvgFVg4,2018-09-29T09:59:39,Leicester,Southern rodent tick,Ixodes acuminatus,52.654298724774634,-1.0851236289572657
1WTkNtTMvlPMMgyMcrMb,2024-12-08T20:09:18,Bristol,Marsh tick,Ixodes apronophorus,51.41170789893672,-2.549132923145518
qgj52BWIsYnTKNSOLgO9,2021-06-03T18:52:30,Nottingham,Passerine tick,Dermacentor frontalis,52.97107449502219,-1.1390424843990732
L24cKfajwi1B6as4rZLA,2021-01-13T21:44:12,Nottingham,Southern rodent tick,Ixodes acuminatus,52.921438482326856,-1.1875638363999597
x0IMTPasY0DZcX601gnV,2013-07-17T00:29:56,Manchester,Fox/badger tick,Ixodes canisuga,53.517535847748945,-2.2523173077539913
3KeoYblTvAKYVRpsPuE0,2021-07-04T10:55:49,Leeds,Passerine tick,Dermacentor frontalis,53.812164533700816,-1.5468755480635177
FPxMHXF1dkiFtJ5jn18T,2017-04-06T18:00:43,Glasgow,Southern rodent tick,Ixodes acuminatus,55.857420354209765,-4.214850949194476
NiX9S6v7vKzEkjGwmjpn,2013-06-20T23:44:17,Manchester,Fox/badger tick,Ixodes canisuga,53.43832589021098,-2.2073130683005213
kKKcVeNAs0nK359VfwRa,2012-09-29T21:32:55,Nottingham,Fox/badger tick,Ixodes canisuga,52.904919321110555,-1.169877864487085
kFJh5Kkma9MwGrshRyqt,2024-09-12T20:23:36,Leicester,Fox/badger tick,Ixodes canisuga,52.60661202417164,-1.1587593214575558
tKqhQt3E1L973YmduiHh,2021-12-23T03:26:51,London,Fox/badger tick,Ixodes canisuga,51.48636601156362,-0.07576387540868802
iOZqOURSV09NGZcdZg5L,2021-09-12T03:15:02,Nottingham,Tree-hole tick,Ixodes arboricola,52.94564317959724,-1.15388814461472
dV9s3G8Wqp2WmFq5EONw,2021-11-16T18:28:35,Nottingham,Fox/badger tick,Ixodes canisuga,52.951734733750975,-1.1933772039747907
vEC0YeOLtsPXdBH1yTVf,2012-07-26T06:51:23,Cardiff,Fox/badger tick,Ixodes canisuga,51.47076120310915,-3.2110075857280447
neK1GEjuS2gr6eRqV0r7,2018-10-08T15:25:30,London,Southern rodent tick,Ixodes acuminatus,51.502774559442344,-0.1577240208748548
y7b7MTpleBPhP1Ojjo9u,2015-11-14T13:22:37,Birmingham,Passerine tick,Dermacentor frontalis,52.479294047778254,-1.8612828340698366
o8sR0qTgLkDo3YisGYVD,2013-03-01T15:58:41,Edinburgh,Passerine tick,Dermacentor frontalis,55.912534799425494,-3.1608285918497665
uiW7clRJNBo3PPOOl1xT,2022-11-12T08:17:01,Birmingham,Fox/badger tick,Ixodes canisuga,52.5163603588794,-1.8721044734707915
p65mctXAysJ3VpL0OfMf,2021-08-27T09:33:10,Southampton,Passerine tick,Dermacentor frontalis,50.907984162674325,-1.4178938738246873
yNHgvuu76nmuhZzOh5Vb,2023-09-27T18:18:01,Newcastle,Tree-hole tick,Ixodes arboricola,54.99678266552046,-1.5612362572525313
8YAtzndoIpF2ZurbVyK8,2016-09-29T19:36:57,Newcastle,Marsh tick,Ixodes apronophorus,54.9733167585517,-1.6434569845020373
hBDk2SV5VKr6XaKLHMrD,2016-07-21T12:34:22,Nottingham,Tree-hole tick,Ixodes arboricola,52.90145038671582,-1.1692986133416425
9HEBCijRp1mMClmGYeyv,2018-02-06T19:57:00,Birmingham,Fox/badger tick,Ixodes canisuga,52.45841930785848,-1.8657991723740055
uSZRyS4q7Eb1J0p8InzT,2018-02-09T22:03:51,Cardiff,Marsh tick,Ixodes apronophorus,51.493905964101124,-3.15184974133565
iht6SCzQQ3q3rwHjWT8u,2018-01-04T08:17:22,Leicester,Tree-hole tick,Ixodes arboricola,52.61867895655721,-1.1010626129730114
3Qj53M61V3tLVwBNNPEY,2020-11-09T10:03:31,Glasgow,Marsh tick,Ixodes apronophorus,55.84783483102356,-4.299009896479593
E5k9w2Y2c7UeHb3Mr6Ft,2013-03-22T21:08:51,Bristol,Marsh tick,Ixodes apronophorus,51.4429340736119,-2.5580038877095754
sJ19ePbILqrRK0d7L5eZ,2016-11-05T06:50:53,Bristol,Passerine tick,Dermacentor frontalis,51.44592181930712,-2.605935854398472
D4fol4qy9RB2CSvmnWnQ,2023-04-12T02:50:18,London,Fox/badger tick,Ixodes canisuga,51.482679258965604,-0.09321648170916594
s1Nr2wF0iX8UsCsJqFTX,2021-02-20T04:30:28,Liverpool,Fox/badger tick,Ixodes canisuga,53.42329617504896,-3.017776383604717
BWRfADffJiQVd2hWbyHO,2020-12-26T10:01:22,Manchester,Passerine tick,Dermacentor frontalis,53.45279422912641,-2.260474410935959
FH1Bx0W5hozIWG7aepsf,2016-03-12T18:04:59,Sheffield,Tree-hole tick,Ixodes arboricola,53.415192216899875,-1.475933541421072
FJyDvrlopNYlutxeZQED,2016-12-26T10:36:16,Manchester,Tree-hole tick,Ixodes arboricola,53.49115455832175,-2.2185234608848377
ZqZWzvsvbpezAscUTU1T,2021-12-01T12:20:08,Birmingham,Passerine tick,Dermacentor frontalis,52.46518107828911,-1.8584621001390065
NMvi6cL8q3imjBSewQRk,2015-05-10T20:50:06,Leicester,Tree-hole tick,Ixodes arboricola,52.63335163774484,-1.0882165251378804
9gkZh8PpOMnklKoHaq7F,2018-07-25T00:41:17,Sheffield,Southern rodent tick,Ixodes acuminatus,53.43043337013324,-1.4482733219474635
uNFVHtlNrneqXUOMATZw,2024-10-19T07:34:02,Southampton,Southern rodent tick,Ixodes acuminatus,50.95820780957608,-1.4227962050317116
8evFSghoF3EDNCbe5mzm,2021-01-10T05:53:11,Nottingham,Passerine tick,Dermacentor frontalis,52.91086815984511,-1.1673055890406272
bHRuSRQQzl4Cg0yYcEiC,2024-02-06T05:06:28,Liverpool,Passerine tick,Dermacentor frontalis,53.41387817004189,-3.005009583255058
CwuBNUjl6T81u5Msa4Mi,2020-12-12T18:24:01,Birmingham,Tree-hole tick,Ixodes arboricola,52.46130336297781,-1.866762134510109
cOuA7aseSH9CqugI6JYq,2018-11-25T20:36:21,Bristol,Southern rodent tick,Ixodes acuminatus,51.50317250539022,-2.575797884520843
0c0k4ArSwnqmBJOF8zTH,2022-09-02T01:21:13,Nottingham,Passerine tick,Dermacentor frontalis,52.997784023364396,-1.191225406079777
2ad68NvzFdRp5BIBN0e1,2022-03-28T06:06:58,Birmingham,Passerine tick,Dermacentor frontalis,52.5087024408361,-1.8902947756349489
yNHgvuu76nmuhZzOh5Vb,2023-09-27T18:18:01,Newcastle,Tree-hole tick,Ixodes arboricola,54.976904500480764,-1.6124631151412483
B0pcUrBM6WnNlWhVMaQz,2014-03-31T01:30:21,Leicester,Tree-hole tick,Ixodes arboricola,52.67567796824606,-1.13188011480492
p02kHlSDJdauo5dAPlC2,2016-12-19T09:01:48,Sheffield,Fox/badger tick,Ixodes canisuga,53.4134802933022,-1.4697114148883774
M9L85z9Xhdb1G17k0vvR,2017-03-05T22:04:12,Edinburgh,Marsh tick,Ixodes apronophorus,55.93193826226007,-3.232993761417946
HlwX1As41KVOnWAkXheg,2022-02-20T17:49:07,Cardiff,Southern rodent tick,Ixodes acuminatus,51.50921647054259,-3.2265497122470856
UpFq4j9SEeQ4qhNW9C0m,2013-12-23T04:25:43,Newcastle,Southern rodent tick,Ixodes acuminatus,54.919677124250576,-1.6392055698966024
yl9lTO5wvQSIlr27fwQd,2013-02-01T22:28:37,Newcastle,Passerine tick,Dermacentor frontalis,54.98365037316948,-1.6081985138674104
Yy6TK974FssktnQYgeah,2017-06-01T23:27:58,Bristol,Fox/badger tick,Ixodes canisuga,51.49275160961262,-2.6378207860812326
NUOOTyC6iq50ShVwudRq,2017-11-08T21:13:39,Edinburgh,Marsh tick,Ixodes apronophorus,55.98314587621445,-3.2076413053895285
SEGSVWw1s0YzqsAjCbyj,2021-09-23T21:41:48,Edinburgh,Marsh tick,Ixodes apronophorus,55.99639566380454,-3.189994837460657
0t6DXz0QgOMjSKqCST8J,2021-12-26T06:52:07,Birmingham,Passerine tick,Dermacentor frontalis,52.5073668162164,-1.9260530963086862
fjJyZs4YlOpRlGAFgDlf,2019-04-13T02:03:21,London,Fox/badger tick,Ixodes canisuga,51.53343102103377,-0.0814039960807118
2jznlhICSCIrnPJ8rgQ7,2017-12-27T05:46:35,Newcastle,Southern rodent tick,Ixodes acuminatus,54.91799240190302,-1.55031760925873
LZ3R7Hj7621w6GnhXskY,2021-09-22T13:13:20,Glasgow,Marsh tick,Ixodes apronophorus,55.908672105698656,-4.246010736298907
DWRYd0bMEuLXh5Nu3cjJ,2023-07-28T12:50:34,Leicester,Southern rodent tick,Ixodes acuminatus,52.6780344968042,-1.1080101851070885
D3Te0ZPO18dCtoNNk5aT,2023-08-31T14:01:58,Manchester,Passerine tick,Dermacentor frontalis,53.44261271166437,-2.2870083644001253
H5uaK2OExzE81VWZQcoE,2020-06-09T17:22:11,London,Marsh tick,Ixodes apronophorus,51.48699712491862,-0.12577282605050077
9tWNppfl3kOOuNnNiNOk,2021-12-08T04:07:36,Southampton,Fox/badger tick,Ixodes canisuga,50.86128576591176,-1.4300093014952286
b9qimwpCQXNHSxOOdhbl,2024-02-22T04:12:55,Edinburgh,Marsh tick,Ixodes apronophorus,55.97043792501123,-3.230530929781372
iht6SCzQQ3q3rwHjWT8u,2018-01-04T08:17:22,Leicester,Tree-hole tick,Ixodes arboricola,52.60998306031921,-1.151189451040561
PKTNTwQChc3ftjBnDHZu,2016-07-27T04:43:31,Liverpool,Marsh tick,Ixodes apronophorus,53.381490209244696,-2.959842509877592
ogHDKVozgy4MVP1wTFuu,2024-01-10T08:55:42,Birmingham,Southern rodent tick,Ixodes acuminatus,52.50133264528844,-1.8606213483360678
5tYPKiWr6bMuMC7lc2Eq,2019-04-22T07:22:11,Edinburgh,Marsh tick,Ixodes apronophorus,55.959649524575525,-3.2125304015345204
j856qPODHjv9tUuvi8TS,2024-06-14T12:48:17,Southampton,Fox/badger tick,Ixodes canisuga,50.948703517479736,-1.4124249242613929
cBPjSJ4DmnfeAPnPeV5k,2022-12-18T04:25:10,Liverpool,Passerine tick,Dermacentor frontalis,53.43738346513811,-3.0219729032577223
ugzxj8porcW6Y20NuCIe,2013-02-27T15:57:07,Nottingham,Southern rodent tick,Ixodes acuminatus,52.97649718184276,-1.1055040766670972
SP7kgRoPTmloWj8zEak5,2013-01-08T15:44:12,Birmingham,Southern rodent tick,Ixodes acuminatus,52.45814386649875,-1.8984183012379046
JIpX177KvaSfIj0TY7iR,2024-09-28T07:08:08,London,Fox/badger tick,Ixodes canisuga,51.51489905317324,-0.1647400669189716
NUOOTyC6iq50ShVwudRq,2017-11-08T21:13:39,Edinburgh,Marsh tick,Ixodes apronophorus,55.916614859725705,-3.2250198608650242
05349NmKTyfUhYKZNNH0,2015-03-17T09:10:25,Glasgow,Passerine tick,Dermacentor frontalis,55.90929315827643,-4.231094606742872
RlSvGNTyqlddtiVQ2CF2,2023-06-02T11:46:47,Nottingham,Southern rodent tick,Ixodes acuminatus,52.926817579279415,-1.1335847644186803
Xhzc0Qm7yHr0KW7hGEBv,2020-01-12T12:44:15,Glasgow,Marsh tick,Ixodes apronophorus,55.86885552328911,-4.211229073489888
VUUvfoUTHmJei6sDcyu9,2019-06-15T21:54:47,Bristol,Passerine tick,Dermacentor frontalis,51.46427045934559,-2.627853132820871
T9DVmtxedNDwma6D8H5U,2023-05-05T03:50:06,Sheffield,Passerine tick,Dermacentor frontalis,53.36390351540482,-1.4539231051553334
zNavUVihkUrkR4UChiDe,2015-04-02T12:44:36,Liverpool,Fox/badger tick,Ixodes canisuga,53.3728027795984,-2.960056510247066
svrsl3BKnqOd7u52c7fk,2021-02-19T15:33:12,Leicester,Southern rodent tick,Ixodes acuminatus,52.59798432444351,-1.1219681766519727
EHShvlC8XYkcToUQds4q,2018-04-08T09:27:40,Sheffield,Passerine tick,Dermacentor frontalis,53.3982436737193,-1.4930068525679594
FNRJmAyWPntyivP6zrsb,2018-02-28T14:49:55,Manchester,Passerine tick,Dermacentor frontalis,53.506621231596746,-2.2682952251459323
3vPvL7YSxqalOZ0PRNAF,2018-02-25T00:06:31,London,Southern rodent tick,Ixodes acuminatus,51.5108506678805,-0.09044134546077937
CAhFkgnSiR1mtNS1ndrC,2017-05-19T15:04:17,Liverpool,Tree-hole tick,Ixodes arboricola,53.42576484699231,-2.9992557850053476
q8MblYhjgm3e0jPI3VGF,2018-07-20T17:09:02,Manchester,Marsh tick,Ixodes apronophorus,53.50530804596856,-2.274858711069774
Ez30oqT6mFRyiCrzdK1J,2015-07-08T20:25:50,Birmingham,Marsh tick,Ixodes apronophorus,52.47045669216871,-1.914980505989225
l0sELH3wvhMbGLiF97XS,2022-06-21T14:26:05,Cardiff,Tree-hole tick,Ixodes arboricola,51.52612735567294,-3.16713618038327
I7xcoZs5lTXU0Hqwsn19,2015-03-31T06:38:19,Liverpool,Passerine tick,Dermacentor frontalis,53.3757797312815,-3.00633410137309
E9MP5NirTrF3XwlLFakG,2017-06-27T13:11:23,Birmingham,Southern rodent tick,Ixodes acuminatus,52.48859025770867,-1.8763508522643664
HyBa6bEINZPGSX6yttZA,2017-01-27T18:36:40,Birmingham,Fox/badger tick,Ixodes canisuga,52.46963000099108,-1.90138259152572
33sx6D9Z0WN3qO6pCLwE,2013-09-03T19:03:43,Cardiff,Marsh tick,Ixodes apronophorus,51.465700746373045,-3.1777321584103406
gdpb38lLZJYolXMYDojp,2019-03-25T11:22:26,Leeds,Tree-hole tick,Ixodes arboricola,53.82733645391291,-1.5924422777008886
Z4CMdXs4IpqgLhIvgtNo,2022-09-03T17:07:32,Bristol,Tree-hole tick,Ixodes arboricola,51.434526129820235,-2.6104647074572975
mMWRdEKwKCVA4EI7OeCZ,2012-01-15T21:00:06,Nottingham,Southern rodent tick,Ixodes acuminatus,52.984882092075814,-1.1616039389576536
s1Nr2wF0iX8UsCsJqFTX,2021-02-20T04:30:28,Liverpool,Fox/badger tick,Ixodes canisuga,53.41622624324099,-2.9932991986477067
HoSGSFvHYcghGXXf2vNJ,2021-12-27T13:26:20,Liverpool,Southern rodent tick,Ixodes acuminatus,53.42868304408305,-2.975036604493447
xqfVFD2FeHCzASptHru6,2012-05-26T08:08:26,Leeds,Southern rodent tick,Ixodes acuminatus,53.79152862629171,-1.5461883760171686
hs3ylDFRy19nwtMimmSx,2021-09-22T11:50:16,Nottingham,Tree-hole tick,Ixodes arboricola,52.997349159293414,-1.1262457820415694
zxqhVeaA7vB7jaQCuiJa,2012-05-28T23:18:10,Edinburgh,Passerine tick,Dermacentor frontalis,55.979543479413884,-3.2326918369086295
cRExsbZmfjZ4rNEEejf5,2024-06-04T09:15:23,Cardiff,Marsh tick,Ixodes apronophorus,51.44504580686711,-3.1814128622792515
QkYujbeBRckFiPFB03YG,2024-03-13T01:18:27,Southampton,Southern rodent tick,Ixodes acuminatus,50.90741844116155,-1.390909444827744
M28JMO91pz8UXy3lI9kg,2014-08-16T15:51:50,Glasgow,Marsh tick,Ixodes apronophorus,55.85140189500903,-4.23102969893736
8Ao9g5WrBiTrH35ruYVq,2015-12-04T18:43:16,Liverpool,Southern rodent tick,Ixodes acuminatus,53.40573882892845,-2.954759828562294
RsimxKYXbujbRgp4ZvRY,2019-08-08T00:13:01,London,Marsh tick,Ixodes apronophorus,51.55149678109759,-0.08862066626784229
p65mctXAysJ3VpL0OfMf,2021-08-27T09:33:10,Southampton,Passerine tick,Dermacentor frontalis,50.88910016616992,-1.4426325718711661
3jfzge9TUhip9lLYUEUF,2022-05-10T10:29:10,Edinburgh,Southern rodent tick,Ixodes acuminatus,55.917736206044964,-3.220558953736674
Jl2BoDhGUezLen3GkwUw,2023-06-21T06:42:08,Glasgow,Fox/badger tick,Ixodes canisuga,55.83454036349138,-4.226961034703869
at8DyTOxkvxoYPsAgp1x,2016-11-29T02:29:21,Manchester,Fox/badger tick,Ixodes canisuga,53.48356946522614,-2.1965104895849814
MSV75FEZyQ19R0TKvV1j,2016-04-17T19:11:02,Manchester,Marsh tick,Ixodes apronophorus,53.5065196065519,-2.218286248778779
WTchOPSD8sGZ8hJiwBBR,2014-01-30T09:52:48,Sheffield,Marsh tick,Ixodes apronophorus,53.355536992555805,-1.5054137639483274
v77UE07ae5Fh6pRpAbuw,2023-06-02T19:20:00,Liverpool,Passerine tick,Dermacentor frontalis,53.36100291099399,-2.9564686690067337
mJZpaHehPvBpDzc696Tg,2018-07-06T15:09:17,Sheffield,Marsh tick,Ixodes apronophorus,53.41381940597286,-1.454719210378215
uKV79fATq5nigkdW40RK,2014-10-09T09:50:31,Cardiff,Fox/badger tick,Ixodes canisuga,51.50200978784841,-3.1660227039294377
rrfUy4PQVZgxbVNg1ugI,2013-10-13T15:24:23,Manchester,Fox/badger tick,Ixodes canisuga,53.506177529148374,-2.2716627701722705
VV8ZX1Rk0FXyBcDM55h5,2012-05-25T02:32:13,Sheffield,Tree-hole tick,Ixodes arboricola,53.3884654932191,-1.4679410968764444
9HEBCijRp1mMClmGYeyv,2018-02-06T19:57:00,Birmingham,Fox/badger tick,Ixodes canisuga,52.453152193692496,-1.8566384750926679
yl9lTO5wvQSIlr27fwQd,2013-02-01T22:28:37,Newcastle,Passerine tick,Dermacentor frontalis,54.98199498864676,-1.585584014601602
1UAk7dOWT61bT8o8Ur6s,2012-05-02T03:22:57,London,Tree-hole tick,Ixodes arboricola,51.552846634289814,-0.15752418913906255
e1matcjBvRlB76t5Fd5E,2013-03-24T23:22:52,Newcastle,Tree-hole tick,Ixodes arboricola,55.008306956439924,-1.5883387760809746
yCnT5AExmdUzu51zrqcS,2021-01-13T18:53:35,Glasgow,Tree-hole tick,Ixodes arboricola,55.90306755566372,-4.279112941854454
HgEoQ2wLJKmQUiSsbcWF,2013-02-20T23:08:11,Bristol,Fox/badger tick,Ixodes canisuga,51.49508720941764,-2.576809966671075
3WDoZ4kGpYvjEyYaGYGw,2015-04-19T11:48:28,London,Marsh tick,Ixodes apronophorus,51.479458609518,-0.13127209816704535
tBDEs7jcKlK3ImBdjXeF,2013-10-19T15:57:16,Birmingham,Marsh tick,Ixodes apronophorus,52.50982041734153,-1.9423592010195483
SW8tHE8CAgwBRm0SL6Y8,2018-04-17T15:32:37,Cardiff,Passerine tick,Dermacentor frontalis,51.486331117757565,-3.1366546856332276
lGMFSErS6WoC1aJWjvCj,2020-11-29T03:08:49,London,Tree-hole tick,Ixodes arboricola,51.514736790057434,-0.12541613075741503
ak5XMKqmLa2S47N2AtwK,2019-02-24T18:57:39,Leeds,Marsh tick,Ixodes apronophorus,53.831666409692815,-1.50077248916725
EaGAC5nkR2I3jfaB0vXD,2012-08-02T12:08:37,Newcastle,Southern rodent tick,Ixodes acuminatus,54.96627226823452,-1.5829320117081753
P4QqgezEv7lvQHRgNi4s,2018-01-24T09:11:48,Nottingham,Southern rodent tick,Ixodes acuminatus,52.917326946380115,-1.1711506746774532
tSoyCSAaz3yxZQSp0OFj,2023-02-06T03:44:16,Leicester,Passerine tick,Dermacentor frontalis,52.67638241571026,-1.1202282200769982
p65mctXAysJ3VpL0OfMf,2021-08-27T09:33:10,Southampton,Passerine tick,Dermacentor frontalis,50.89995915404905,-1.4012945601782074
MqyC1jxKSyTl3eF0Izbg,2013-12-23T23:51:01,Edinburgh,Southern rodent tick,Ixodes acuminatus,55.97087430478402,-3.14378349990819
wl8KioHl4ALDTsb6Qbp6,2020-10-23T17:48:56,Edinburgh,Fox/badger tick,Ixodes canisuga,55.947743561901646,-3.214693379148605
48gLN6vogVwvd36ZJjVL,2023-12-06T14:02:08,Edinburgh,Marsh tick,Ixodes apronophorus,55.91001186420349,-3.172343052917374
kKKcVeNAs0nK359VfwRa,2012-09-29T21:32:55,Nottingham,Fox/badger tick,Ixodes canisuga,52.90280829922484,-1.1869569273905858
HsBoKTi0FiHniGgQVJZS,2016-01-05T13:17:11,Sheffield,Fox/badger tick,Ixodes canisuga,53.367264029713674,-1.464357929410341
sfKPPFDk5hi8nUTku5Ha,2016-09-01T13:07:49,Leicester,Tree-hole tick,Ixodes arboricola,52.5962379506197,-1.164671183379863
H5uaK2OExzE81VWZQcoE,2020-06-09T17:22:11,London,Marsh tick,Ixodes apronophorus,51.54911723125574,-0.08616012221073296
Wr4bV3Re1zGCLmZTUiwb,2021-07-01T06:03:24,Sheffield,Marsh tick,Ixodes apronophorus,53.393118149638,-1.5159294903766785
9WB23vVRf7JDX7dPijds,2024-08-12T15:18:06,Manchester,Fox/badger tick,Ixodes canisuga,53.438210735446354,-2.251422370413084
a2lGJfsBzUgV0CLClmqo,2020-01-20T04:21:46,Southampton,Marsh tick,Ixodes apronophorus,50.90470499609079,-1.3645366166722814
AiYCxGryVjZftdUsw7yl,2023-03-14T20:26:58,London,Passerine tick,Dermacentor frontalis,51.532964791575814,-0.0902652143145722
mJZpaHehPvBpDzc696Tg,2018-07-06T15:09:17,Sheffield,Marsh tick,Ixodes apronophorus,53.41417441427964,-1.494748704538334
ItEPQy0TIL2oAfW90Xd5,2018-12-10T05:09:25,Nottingham,Tree-hole tick,Ixodes arboricola,52.91248147864127,-1.1135091635646495
wWhAgpr67cSlqeSeYfMV,2018-12-05T05:19:13,Manchester,Marsh tick,Ixodes apronophorus,53.43502587186464,-2.2373708271630885
LtqWS9zdnisxeLymLVou,2012-10-23T09:13:20,Bristol,Marsh tick,Ixodes apronophorus,51.4376178257357,-2.6115721348316443
0L5BVSzmm898d1JCBaVB,2023-07-20T21:30:11,Nottingham,Passerine tick,Dermacentor frontalis,52.973251103787156,-1.1841063761140083
KYpmerycUmIxrfQEfB0z,2021-03-13T01:03:21,Cardiff,Marsh tick,Ixodes apronophorus,51.444791962503196,-3.206948087254616
FaOs9NVpdUjcdr9ZoofK,2018-02-27T23:52:42,London,Tree-hole tick,Ixodes arboricola,51.51897005212115,-0.14793565874476522
9RInLb9D9Vr6Dl0gq8rw,2012-02-04T22:47:40,Newcastle,Passerine tick,Dermacentor frontalis,54.99827470032485,-1.6489471933929898
6Av6Cyy21rSAEnnTfEiE,2016-09-27T03:27:56,Leicester,Fox/badger tick,Ixodes canisuga,52.652395803489505,-1.1489302054426105
c8vn1RaiDVB46lgg5vbG,2023-06-25T07:20:06,Newcastle,Passerine tick,Dermacentor frontalis,55.002844558313335,-1.575370454002337
2OCxVnctUCuzA4nS3aIX,2023-03-20T22:00:35,Bristol,Southern rodent tick,Ixodes acuminatus,51.43049426327149,-2.584449523317883
7KItgZxrEcugpfE5oCm4,2021-06-25T18:41:41,Sheffield,Southern rodent tick,Ixodes acuminatus,53.403253377329825,-1.5053864191037958
TgZKtI0CG6Clr7yyrcFl,2015-11-29T00:00:28,Liverpool,Southern rodent tick,Ixodes acuminatus,53.37787075006932,-2.9479808935585754
afdoemCDFY25zVCJMv72,2013-09-04T13:17:57,Cardiff,Tree-hole tick,Ixodes arboricola,51.50258634335602,-3.1384402418495077
JSxSd0lnzlGazsLwK2FZ,2023-04-02T10:43:00,Birmingham,Passerine tick,Dermacentor frontalis,52.493795947203864,-1.9038393569084446
p9ZvVRFJKo8cyCfAnqKY,2020-06-20T21:26:08,Bristol,Fox/badger tick,Ixodes canisuga,51.42269536575803,-2.6226602591775743
qA4XEl1EmJ1HKNbycbsd,2017-10-01T16:03:01,Nottingham,Fox/badger tick,Ixodes canisuga,52.94093122272971,-1.1567139675276175
zrUxZiyxhJqo0EzS2k6M,2023-01-30T12:03:56,Leicester,Fox/badger tick,Ixodes canisuga,52.63917455171419,-1.1442712472644805
JS69mIQYTB6mdu0vMt4p,2022-12-17T04:56:17,Nottingham,Marsh tick,Ixodes apronophorus,52.912755276139706,-1.1049749772910409
hLfJFsnPxeBOsrbQUVtL,2023-11-24T21:28:09,Leeds,Passerine tick,Dermacentor frontalis,53.7838386818786,-1.568011123305404
EyCsXBBNAjzSGGTRVpjt,2013-12-23T19:30:23,Newcastle,Tree-hole tick,Ixodes arboricola,54.9389861341354,-1.6134020227121837
zxqhVeaA7vB7jaQCuiJa,2012-05-28T23:18:10,Edinburgh,Passerine tick,Dermacentor frontalis,55.97200624185646,-3.144933213291054
nPvkj6pbQuRBEyTkwHfd,2017-02-23T18:02:08,Leeds,Southern rodent tick,Ixodes acuminatus,53.834478676904254,-1.5041623920421594
pvWFz8wxaDkLcixvCTU5,2018-06-26T03:39:29,Cardiff,Southern rodent tick,Ixodes acuminatus,51.518086233990076,-3.154935201051842
lHrC1htc7YQ1VQpEh43f,2022-10-04T10:01:30,Bristol,Fox/badger tick,Ixodes canisuga,51.4153549199338,-2.617625555593148
Q2GQId7YuGQcsiDckc9x,2015-10-31T21:44:04,Birmingham,Fox/badger tick,Ixodes canisuga,52.4472823965775,-1.8868804094571672
8dLyAYTdpx2jKF0nCeNC,2024-04-10T07:50:37,Manchester,Tree-hole tick,Ixodes arboricola,53.49361959408125,-2.211821267798511
BZNs6ftKoPO1d2q4LYYh,2022-11-01T00:47:34,Manchester,Southern rodent tick,Ixodes acuminatus,53.45514750260341,-2.2111747733685165
8oE7yfH8FmN2lzDuN9XN,2014-12-16T18:24:05,Newcastle,Southern rodent tick,Ixodes acuminatus,54.98000202284653,-1.5503120844590863
b062APnJGuqXoQRg9yf1,2021-12-23T22:19:54,Nottingham,Southern rodent tick,Ixodes acuminatus,52.92684751498594,-1.1955911460200306
VEJdN3oB1MqWeQ3J32Yg,2015-12-09T19:27:55,Glasgow,Fox/badger tick,Ixodes canisuga,55.8817483916614,-4.2480035053157685
K8R27D3M88flP3QkE8C8,2022-06-29T10:37:20,Liverpool,Passerine tick,Dermacentor frontalis,53.41247356535375,-2.9424956374604347
Z1UTXtiivybt9Ox5vBka,2015-08-03T00:40:10,Sheffield,Fox/badger tick,Ixodes canisuga,53.43036358695304,-1.5089721618124448
p5nJlgUQjNEN2YMkEYJz,2018-03-16T15:46:41,Leicester,Passerine tick,Dermacentor frontalis,52.60329923615306,-1.1071098470296934
I8JGAn5uQridq419CPHT,2013-05-04T21:24:56,Sheffield,Tree-hole tick,Ixodes arboricola,53.369518438040274,-1.4865306882760378
ZeFKViV8tskTtoGYEe60,2012-08-28T11:25:59,Southampton,Fox/badger tick,Ixodes canisuga,50.890965039804165,-1.391107885257741
9WcQRkW35tCOyRbwvaz8,2021-05-21T02:08:15,Leicester,Passerine tick,Dermacentor frontalis,52.59045838318248,-1.1085755266478154
REWT5KqcfASeZFsst5Ml,2013-12-23T00:50:28,Glasgow,Southern rodent tick,Ixodes acuminatus,55.909695625875955,-4.2128097194383525
ziniFOq3yOlOQFNcItlz,2017-11-02T00:45:28,London,Fox/badger tick,Ixodes canisuga,51.463762698349015,-0.14268750005040454
MSV75FEZyQ19R0TKvV1j,2016-04-17T19:11:02,Manchester,Marsh tick,Ixodes apronophorus,53.47866074964419,-2.1968128500663853
iLk7GhtTSEaZz80L269k,2023-01-02T08:29:53,London,Southern rodent tick,Ixodes acuminatus,51.483304273247555,-0.13317077287542417
l6rBiiSNeN66kjlp7TXC,2016-05-05T13:59:54,Glasgow,Southern rodent tick,Ixodes acuminatus,55.84626348338841,-4.212945854331535
E1SoitjUxiTfAlad8Olp,2014-06-05T15:41:31,Cardiff,Passerine tick,Dermacentor frontalis,51.497946065444296,-3.212797413378144
ZSUnj6IBOVKudEPjhIpY,2018-01-10T15:17:16,Nottingham,Fox/badger tick,Ixodes canisuga,52.93865998939743,-1.18714266195033
oDyRHtTMQgW6gZRvuDbA,2018-01-27T23:44:24,Edinburgh,Southern rodent tick,Ixodes acuminatus,55.95595341984232,-3.1880159740498017
mqfnRVwajySN0tmwk47o,2012-04-04T04:51:45,Newcastle,Fox/badger tick,Ixodes canisuga,54.971696496982794,-1.6377438616146953
dFaensEuXRAelfCSBxO2,2024-07-18T18:15:32,London,Tree-hole tick,Ixodes arboricola,51.52759441264312,-0.11696140045465403
02WNholuSg6ndCk4c1dA,2022-08-01T06:40:31,Manchester,Marsh tick,Ixodes apronophorus,53.457059333222674,-2.271263621045439
mOMdnLwXSFYV3Hhx1lpj,2019-09-28T10:00:48,Glasgow,Passerine tick,Dermacentor frontalis,55.89132110359378,-4.291734049890644
amJcbzHtGSbXwRYTiRIe,2014-06-18T23:03:12,London,Tree-hole tick,Ixodes arboricola,51.462124338673924,-0.1557726392685295
vEC0YeOLtsPXdBH1yTVf,2012-07-26T06:51:23,Cardiff,Fox/badger tick,Ixodes canisuga,51.47933056117333,-3.1932466115261775
HsBoKTi0FiHniGgQVJZS,2016-01-05T13:17:11,Sheffield,Fox/badger tick,Ixodes canisuga,53.42025940752045,-1.4828389215007673
ejnyhBc0tUnoeo2FUPi9,2013-08-07T04:01:04,Bristol,Fox/badger tick,Ixodes canisuga,51.4188588145891,-2.631590152272868
mrqqb08ODLOyzuXxjKZF,2022-11-22T04:49:05,London,Tree-hole tick,Ixodes arboricola,51.52186453037955,-0.11785190953854763
dhnSu6bGaRyqAR1Efynt,2023-02-19T10:57:13,Leicester,Marsh tick,Ixodes apronophorus,52.66537834274217,-1.1523878836615489
aa2mcnLQjrrrMPMiQVA0,2017-08-01T07:23:19,Birmingham,Southern rodent tick,Ixodes acuminatus,52.44156205823013,-1.918382044654127
JaqAzUFVgyQ5NEGgyM2j,2012-01-06T18:04:03,Birmingham,Passerine tick,Dermacentor frontalis,52.52286485981109,-1.9217783615330275
sIuCSIyXNoSkY617lhZ6,2012-04-20T05:33:21,Birmingham,Southern rodent tick,Ixodes acuminatus,52.496058398069266,-1.8785593978395554
pOUOMhtIAK0a2h0FQXO4,2020-11-30T19:37:40,Birmingham,Southern rodent tick,Ixodes acuminatus,52.50141612048423,-1.916021125165011
XEgICCnrwqF4wdiDqfuL,2023-05-28T02:42:56,Glasgow,Marsh tick,Ixodes apronophorus,55.86669410305867,-4.219904796507422
mcg4t3RTWIUPEH68KDXo,2023-06-14T15:51:56,Manchester,Southern rodent tick,Ixodes acuminatus,53.52947095750079,-2.2768185258087508
fHlDml3EJip0xDUfVRY6,2017-06-24T05:07:19,Sheffield,Marsh tick,Ixodes apronophorus,53.33346405879458,-1.5149179119266503
ejfVmgF5fsGQBK4ovfOX,2015-04-07T14:18:14,Bristol,Marsh tick,Ixodes apronophorus,51.45730253774807,-2.6261213257586777
3EhiuZeS21dXpMZTNJEq,2019-10-15T04:19:36,Glasgow,Passerine tick,Dermacentor frontalis,55.834067248025455,-4.2511961687628625
3d48gn6fHVyjvezJNAXQ,2012-01-26T14:15:56,Manchester,Southern rodent tick,Ixodes acuminatus,53.514805730063046,-2.2161072350645483
SzwbBFGbaImV0T4LW2rG,2024-07-05T06:44:51,Southampton,Marsh tick,Ixodes apronophorus,50.879085986898865,-1.436177733372326
QjJe5m6cQIP7ElAHaOuv,2023-05-12T03:08:47,Birmingham,Marsh tick,Ixodes apronophorus,52.503867772671576,-1.8641154681832728
UefEW8QH90qhBnyXsmqS,2015-06-13T02:11:15,Edinburgh,Marsh tick,Ixodes apronophorus,55.913900190281005,-3.1463365381902157
KMd8Kuhhc8OGaOB0cwy7,2024-04-11T23:47:24,Glasgow,Marsh tick,Ixodes apronophorus,55.82445052341097,-4.245500248602813
o8sR0qTgLkDo3YisGYVD,2013-03-01T15:58:41,Edinburgh,Passerine tick,Dermacentor frontalis,55.905267134656825,-3.1503601361358946
oDyRHtTMQgW6gZRvuDbA,2018-01-27T23:44:24,Edinburgh,Southern rodent tick,Ixodes acuminatus,55.94570506842236,-3.1447327744353637
Z3AAEMzF4uEqEjYfwGRf,2013-03-06T00:06:13,Leicester,Marsh tick,Ixodes apronophorus,52.620422516945766,-1.1789691978391295
JhSabbDkZ94WC50n3c6n,2016-07-02T19:43:39,Sheffield,Tree-hole tick,Ixodes arboricola,53.40194017170254,-1.459727453225384
NMvi6cL8q3imjBSewQRk,2015-05-10T20:50:06,Leicester,Tree-hole tick,Ixodes arboricola,52.5999930226599,-1.1685613227340053
CePZOLqnifb7xxYbQVyF,2015-08-30T12:50:16,Bristol,Tree-hole tick,Ixodes arboricola,51.49792261595152,-2.571257178579245
8tPfltDuCe9bHXUP1szQ,2013-01-18T18:04:17,Liverpool,Marsh tick,Ixodes apronophorus,53.43121267697545,-2.9643005450822013
Sanrw1L3Ezqnomr7BhXW,2021-12-23T06:22:50,Birmingham,Tree-hole tick,Ixodes arboricola,52.538323671389826,-1.8527201105057995
0cFvJcqQDZ2KXHlLebv4,2020-07-03T13:35:07,Edinburgh,Marsh tick,Ixodes apronophorus,55.94113440847541,-3.212944976063357
ziniFOq3yOlOQFNcItlz,2017-11-02T00:45:28,London,Fox/badger tick,Ixodes canisuga,51.47101778501573,-0.1405858005972127
8SXVSF0bqI0Nwl9V8t75,2024-04-30T12:54:30,Glasgow,Passerine tick,Dermacentor frontalis,55.85914193574447,-4.285681088825823
0ravs6s6kOWxvwTQVDAe,2016-09-16T13:43:34,Newcastle,Southern rodent tick,Ixodes acuminatus,55.004920443798206,-1.6321008384766635
GwrOAmoayat6xREa6tS1,2023-02-06T08:58:44,London,Southern rodent tick,Ixodes acuminatus,51.461848320401224,-0.08623107262412076
Pf7hGU9Blam4UuIaLx0U,2016-08-01T08:34:55,Leicester,Passerine tick,Dermacentor frontalis,52.66009855868171,-1.0925306280874636
dV9s3G8Wqp2WmFq5EONw,2021-11-16T18:28:35,Nottingham,Fox/badger tick,Ixodes canisuga,52.97462710248981,-1.1405920261163123
VhuU7Xh900Wofv1OTbzw,2012-12-11T11:18:35,Nottingham,Fox/badger tick,Ixodes canisuga,52.964869372130366,-1.1212543725088688
O5v4y1JUJ8TonagDIJiV,2019-04-01T01:14:11,Southampton,Tree-hole tick,Ixodes arboricola,50.89428503279777,-1.378771150015297
xlNn2P8j4ICFrvnilfAr,2015-07-25T13:25:49,Southampton,Passerine tick,Dermacentor frontalis,50.87634129274346,-1.3981682136911706
xtOXJPkACNaghDJ13hNM,2017-11-14T05:58:35,Birmingham,Southern rodent tick,Ixodes acuminatus,52.47191640547844,-1.9352301145482658
6uL0leRbGkixrE6S44ZA,2017-07-02T11:14:51,Manchester,Fox/badger tick,Ixodes canisuga,53.52254407686521,-2.195440945323569
PChgl98oKgBl2ufOMVnx,2020-12-06T23:39:05,Cardiff,Passerine tick,Dermacentor frontalis,51.48673379762587,-3.224687904981475
H3UTS3Wl92ALNszyexfS,2021-05-04T11:00:10,Leicester,Fox/badger tick,Ixodes canisuga,52.62402989006432,-1.1027932106577376
HDzq1TQLJuUCARD2J3gG,2017-06-28T02:20:14,Newcastle,Marsh tick,Ixodes apronophorus,54.990074440126385,-1.5736074190827523
KUVmFKOfx42CJt31m7bA,2019-04-01T01:04:58,Sheffield,Passerine tick,Dermacentor frontalis,53.34089048391352,-1.4305195182518307
zqi4h2YYgl1YFz0YsLOQ,2016-11-25T08:29:25,Leicester,Fox/badger tick,Ixodes canisuga,52.67807117771919,-1.1113865690759444
BDRM729I8SWLrQ8yQL9P,2016-06-12T21:02:49,Bristol,Fox/badger tick,Ixodes canisuga,51.42206961300557,-2.6117058096047554
2jznlhICSCIrnPJ8rgQ7,2017-12-27T05:46:35,Newcastle,Southern rodent tick,Ixodes acuminatus,54.9428604126937,-1.5703309916859234
JcDYwjrPM34bdGsOxVlK,2017-08-09T06:25:37,Glasgow,Tree-hole tick,Ixodes arboricola,55.816896880308136,-4.2221951244444496
mMWRdEKwKCVA4EI7OeCZ,2012-01-15T21:00:06,Nottingham,Southern rodent tick,Ixodes acuminatus,52.98302158758521,-1.1568216604940587
szOO4Me73AonK5KAGyvv,2013-06-27T08:24:19,Liverpool,Marsh tick,Ixodes apronophorus,53.381036771808226,-3.018401023451776
9b14enFIrnyjMb5Vswk9,2014-04-20T06:15:14,Nottingham,Fox/badger tick,Ixodes canisuga,52.90613362932768,-1.1661688995862511
Am0gFpS5FFgjvZwLNB1W,2015-02-07T23:51:30,Leeds,Passerine tick,Dermacentor frontalis,53.75222593407707,-1.4986910793772774
Amf3180TYlpUoUakEsfk,2019-03-18T16:26:30,Sheffield,Southern rodent tick,Ixodes acuminatus,53.40508036667099,-1.465134850721449
95d6UcbocqaEIO52w10W,2017-07-27T03:16:45,Newcastle,Southern rodent tick,Ixodes acuminatus,54.9712023397907,-1.5702069926478062
xHuPaFkWYKEcdKxdyzPC,2015-03-03T15:48:22,Sheffield,Fox/badger tick,Ixodes canisuga,53.362843653478485,-1.4184246157133686
AiSNMSlxbrNWPX116Jve,2018-12-07T11:52:18,Bristol,Tree-hole tick,Ixodes arboricola,51.4114915014126,-2.630947006568844
sfKPPFDk5hi8nUTku5Ha,2016-09-01T13:07:49,Leicester,Tree-hole tick,Ixodes arboricola,52.60555684448731,-1.1527195049228824
iht6SCzQQ3q3rwHjWT8u,2018-01-04T08:17:22,Leicester,Tree-hole tick,Ixodes arboricola,52.64970390397749,-1.146783867215336
VhuU7Xh900Wofv1OTbzw,2012-12-11T11:18:35,Nottingham,Fox/badger tick,Ixodes canisuga,52.96241459131674,-1.1103915245933167
l2d82e2A2EX6o2Zm6TwD,2020-08-25T04:06:35,Leicester,Marsh tick,Ixodes apronophorus,52.60273634928876,-1.1330835797478283
8B0MI5mWSOphj8HYnScj,2022-08-21T19:30:46,Newcastle,Marsh tick,Ixodes apronophorus,54.96301569254011,-1.6045356919145892
WFXHYAiEyCHmKUUrnuo7,2017-02-07T14:45:48,Glasgow,Marsh tick,Ixodes apronophorus,55.81237584731502,-4.232931682291712
b062APnJGuqXoQRg9yf1,2021-12-23T22:19:54,Nottingham,Southern rodent tick,Ixodes acuminatus,52.992161164982285,-1.161954625031592
tmuXaUR7ipVGwCNs7Ypc,2019-07-29T10:43:48,Edinburgh,Marsh tick,Ixodes apronophorus,55.92244364131943,-3.170006095010704
8dLyAYTdpx2jKF0nCeNC,2024-04-10T07:50:37,Manchester,Tree-hole tick,Ixodes arboricola,53.491682059542214,-2.2412070191452953
MxIrqtI0UbSe2cnYqlII,2020-05-28T02:35:12,Birmingham,Passerine tick,Dermacentor frontalis,52.450227579706954,-1.9258809033731805
1tS6iH0z12OKj8kt7QRu,2013-09-20T23:15:56,Newcastle,Southern rodent tick,Ixodes acuminatus,54.996427683399105,-1.6379372126762122
MSV75FEZyQ19R0TKvV1j,2016-04-17T19:11:02,Manchester,Marsh tick,Ixodes apronophorus,53.51179050847895,-2.229115476096635
Ff1JYByXmaS8VRxvw7bP,2022-01-07T11:45:56,Leicester,Marsh tick,Ixodes apronophorus,52.59390873889689,-1.1006084561553868
J7IOFyqy0fUzE1e8ZqGM,2012-10-02T20:45:27,Cardiff,Passerine tick,Dermacentor frontalis,51.445410066964236,-3.151890473841664
N8VXpwQ2X1Y2tXR02xXd,2022-08-11T04:38:19,Southampton,Fox/badger tick,Ixodes canisuga,50.94202014004979,-1.3990459409601719
oETRSmT4e61kyKkiuhQs,2021-10-25T20:06:40,Birmingham,Tree-hole tick,Ixodes arboricola,52.452482299641936,-1.874007855220115
Wr4bV3Re1zGCLmZTUiwb,2021-07-01T06:03:24,Sheffield,Marsh tick,Ixodes apronophorus,53.36793796973379,-1.435875807401888
2574jc4mgnVIP5yGDgmQ,2015-09-19T18:50:13,Southampton,Passerine tick,Dermacentor frontalis,50.90233577791815,-1.436352010861066
HlwX1As41KVOnWAkXheg,2022-02-20T17:49:07,Cardiff,Southern rodent tick,Ixodes acuminatus,51.531232278230746,-3.1684129468520297
02WNholuSg6ndCk4c1dA,2022-08-01T06:40:31,Manchester,Marsh tick,Ixodes apronophorus,53.451509480921395,-2.276053448649577
2ad68NvzFdRp5BIBN0e1,2022-03-28T06:06:58,Birmingham,Passerine tick,Dermacentor frontalis,52.53702061568408,-1.849368267185305
33sx6D9Z0WN3qO6pCLwE,2013-09-03T19:03:43,Cardiff,Marsh tick,Ixodes apronophorus,51.48100018664037,-3.1829889489018086
mhe3dhsNGA3rIE6UatS2,2023-11-25T14:35:04,Cardiff,Tree-hole tick,Ixodes arboricola,51.45801444499568,-3.209237819032165
lx2sgBk7u3C6Y3SJ7nP8,2021-02-28T01:36:06,Birmingham,Tree-hole tick,Ixodes arboricola,52.52165527253344,-1.876812571228817
6aMgu1nQOYG4NlhNtL2V,2023-07-30T06:01:12,London,Tree-hole tick,Ixodes arboricola,51.55830723487829,-0.11779877721413388
yRa7tagc5ddhKL9mOrdq,2017-11-08T05:14:51,Sheffield,Marsh tick,Ixodes apronophorus,53.35079874408091,-1.4837446582274036
QhckiNu8et1OsMqobu8A,2019-06-15T02:42:10,Leeds,Fox/badger tick,Ixodes canisuga,53.7925882553496,-1.5662833927505257
tSoyCSAaz3yxZQSp0OFj,2023-02-06T03:44:16,Leicester,Passerine tick,Dermacentor frontalis,52.63162376250356,-1.1313290687743893
hPeGy6h2gz3emC6UycfC,2015-12-19T23:19:00,Nottingham,Southern rodent tick,Ixodes acuminatus,52.91100482955152,-1.1150048580213905
6eSLU6MGCz3wSh5UKFN5,2018-10-02T04:13:24,Newcastle,Passerine tick,Dermacentor frontalis,54.92292689803848,-1.5650331109246576
0c0k4ArSwnqmBJOF8zTH,2022-09-02T01:21:13,Nottingham,Passerine tick,Dermacentor frontalis,52.97103877934505,-1.106508385290406
Rxxb163HwD4KgxBRb7CJ,2023-02-18T09:17:17,Leeds,Passerine tick,Dermacentor frontalis,53.788347117697434,-1.5939157951923333
AoYEPQnOL8XSrFWnTvYP,2024-12-28T06:01:52,Birmingham,Southern rodent tick,Ixodes acuminatus,52.49900106985579,-1.920116604138847
2ad68NvzFdRp5BIBN0e1,2022-03-28T06:06:58,Birmingham,Passerine tick,Dermacentor frontalis,52.489874189023475,-1.8509580978259152
shXjdSmlA8tYmqLAlp4j,2022-10-11T01:07:23,Nottingham,Tree-hole tick,Ixodes arboricola,52.919551819024974,-1.178624048681186
KN1tzAlN0sw5XWqq7Bmb,2018-10-11T14:16:48,Edinburgh,Passerine tick,Dermacentor frontalis,55.984933571500015,-3.152186151723008
DgHIEsdCLxR16wSy3zZO,2015-02-27T23:23:08,Glasgow,Marsh tick,Ixodes apronophorus,55.87102611103631,-4.286313015443929
m5XHTLufW4T1mjdY8cvB,2016-09-06T19:07:27,London,Tree-hole tick,Ixodes arboricola,51.46736751600184,-0.1530925762261795
fZo64TPqu9vcw47T28Nm,2013-08-23T02:52:43,Newcastle,Marsh tick,Ixodes apronophorus,54.991614167863155,-1.620492741665883
rrfUy4PQVZgxbVNg1ugI,2013-10-13T15:24:23,Manchester,Fox/badger tick,Ixodes canisuga,53.4689430983292,-2.2466207497279087
drelGkBlZdCbBt2yGJ7U,2020-03-04T23:01:37,Cardiff,Fox/badger tick,Ixodes canisuga,51.522724659579545,-3.1981809925841462
WoAAUYMvcyusSmjfYRYM,2021-11-03T14:51:15,Sheffield,Passerine tick,Dermacentor frontalis,53.401629950248235,-1.4612976278621825
mujBv9VNzG7vqQERyMg8,2012-02-09T13:57:58,Manchester,Tree-hole tick,Ixodes arboricola,53.50969889574611,-2.2548102540166997
QjJe5m6cQIP7ElAHaOuv,2023-05-12T03:08:47,Birmingham,Marsh tick,Ixodes apronophorus,52.52942756586852,-1.9421010273388737
yRa7tagc5ddhKL9mOrdq,2017-11-08T05:14:51,Sheffield,Marsh tick,Ixodes apronophorus,53.37752881415453,-1.5030753383018574
JEdr5UCUnujGMVr5K97V,2019-11-12T12:13:36,Nottingham,Tree-hole tick,Ixodes arboricola,52.95331640478453,-1.1667920291395146
bn2QczQeQ5spzADJnepj,2018-08-17T05:38:11,Glasgow,Tree-hole tick,Ixodes arboricola,55.838893063354746,-4.282752905198135
KciNxloIgscOuLLggnT5,2017-01-11T03:55:08,Newcastle,Tree-hole tick,Ixodes arboricola,54.9354383323398,-1.5515640417517338
gD0wzpv4wb99ShG4lajP,2017-12-02T17:54:08,Glasgow,Fox/badger tick,Ixodes canisuga,55.8678699036799,-4.226293026336286
UYbrMHMdmM92p9yoMu4w,2020-09-01T04:17:38,London,Fox/badger tick,Ixodes canisuga,51.519209121370025,-0.16665129300229176
RnSpVb0K9iJEosUDfah1,2018-09-12T13:05:24,Southampton,Southern rodent tick,Ixodes acuminatus,50.945161384759686,-1.3862893501962175
4yzqbYbSPWIW6smAVQzQ,2019-09-22T09:11:24,London,Passerine tick,Dermacentor frontalis,51.54235171208037,-0.1673518582775116
bY1I3QNBY15iTH6X5JSy,2021-10-12T16:53:08,Bristol,Fox/badger tick,Ixodes canisuga,51.45109570948645,-2.5425128466689753
rlsolmQ3J0LQAnGBxQDK,2024-10-03T03:27:57,Leicester,Marsh tick,Ixodes apronophorus,52.66293951012497,-1.1176693332877259
jCV1IAMgSFAV3tY8ZRzx,2012-11-19T07:32:49,Manchester,Southern rodent tick,Ixodes acuminatus,53.530212868298676,-2.23473220964401
v77UE07ae5Fh6pRpAbuw,2023-06-02T19:20:00,Liverpool,Passerine tick,Dermacentor frontalis,53.42766602822235,-2.9947925047544923
ZcCCJVpIlgfPX1KPkX9i,2016-03-01T09:28:37,Leicester,Marsh tick,Ixodes apronophorus,52.58565575827396,-1.1648037632235784
gYGfMhEeS6Nv4Oscjyfh,2012-05-01T01:47:15,Edinburgh,Passerine tick,Dermacentor frontalis,55.983349376526405,-3.1691983912096995
KN1tzAlN0sw5XWqq7Bmb,2018-10-11T14:16:48,Edinburgh,Passerine tick,Dermacentor frontalis,55.94883767604347,-3.1662758643539526
tfsEWZQGwOE5HTfVPRS0,2014-02-13T20:33:49,Bristol,Southern rodent tick,Ixodes acuminatus,51.47414140487836,-2.552791688540481
0t6DXz0QgOMjSKqCST8J,2021-12-26T06:52:07,Birmingham,Passerine tick,Dermacentor frontalis,52.49244946988191,-1.8785394097645223
MIM9FaIEybhkWiVMEaTV,2015-03-30T17:49:54,Nottingham,Fox/badger tick,Ixodes canisuga,52.917889664657146,-1.1564066580842378
zhlW7w9ondK5R84n9Cyy,2014-11-13T19:06:48,Bristol,Passerine tick,Dermacentor frontalis,51.498616883289515,-2.620071498505605
xYQWwkwXCwm3vRn3xU3T,2016-10-29T17:56:02,Cardiff,Tree-hole tick,Ixodes arboricola,51.44097577740039,-3.144683476047832
3EhiuZeS21dXpMZTNJEq,2019-10-15T04:19:36,Glasgow,Passerine tick,Dermacentor frontalis,55.8895265238523,-4.252432457450677
ZSUnj6IBOVKudEPjhIpY,2018-01-10T15:17:16,Nottingham,Fox/badger tick,Ixodes canisuga,52.90362589998928,-1.158105478950438
6aMgu1nQOYG4NlhNtL2V,2023-07-30T06:01:12,London,Tree-hole tick,Ixodes arboricola,51.522342561699915,-0.0882846122883054
shJ4n1xW7ozxVkvwEEkq,2021-11-02T21:50:01,Liverpool,Southern rodent tick,Ixodes acuminatus,53.41629337213027,-2.967806696873994
H6AqFaCfSNlayUmy9q1P,2023-02-20T02:25:54,Edinburgh,Passerine tick,Dermacentor frontalis,55.99129759391786,-3.182499601378264
NIIjGEngmmmxjQVuI12A,2015-05-02T01:53:53,Southampton,Marsh tick,Ixodes apronophorus,50.86189346406724,-1.4198896037698823
SW8tHE8CAgwBRm0SL6Y8,2018-04-17T15:32:37,Cardiff,Passerine tick,Dermacentor frontalis,51.483387309725416,-3.175826029857133
dhnSu6bGaRyqAR1Efynt,2023-02-19T10:57:13,Leicester,Marsh tick,Ixodes apronophorus,52.62797990616076,-1.1476382695483094
1FbUZqbO3bggzhPn83f6,2016-03-19T06:22:59,Manchester,Marsh tick,Ixodes apronophorus,53.51168812236847,-2.253371923163914
dVTCmfGlJhgSEsPgJHRN,2024-08-22T06:11:08,Southampton,Fox/badger tick,Ixodes canisuga,50.923318848332265,-1.4155792701317875
FgKVi70vRyCuyER9kZWT,2016-10-07T22:28:07,Southampton,Tree-hole tick,Ixodes arboricola,50.88589516088472,-1.3813409242578305
6nIBiritQYfQ32VokYSm,2013-07-18T23:47:12,Edinburgh,Passerine tick,Dermacentor frontalis,55.97178832192891,-3.1919656206430536
oOGITwX7NdhwQpvM9zdh,2017-05-21T22:11:04,Birmingham,Passerine tick,Dermacentor frontalis,52.47653355048603,-1.881209075258492
Ez30oqT6mFRyiCrzdK1J,2015-07-08T20:25:50,Birmingham,Marsh tick,Ixodes apronophorus,52.4508723279722,-1.8531368993772637
s6GCIUO78kW03rnwhPwo,2024-10-07T04:08:24,Manchester,Passerine tick,Dermacentor frontalis,53.478636711601325,-2.2852639885279404
02rFwLCaAwZSVxdTDicK,2014-09-12T23:33:03,London,Southern rodent tick,Ixodes acuminatus,51.519872277307414,-0.08562914621744415
0uCFMyqZJDRBYAmEFpSL,2015-09-20T13:43:51,Manchester,Marsh tick,Ixodes apronophorus,53.4765265920912,-2.202962435362155
3lRwmKJZzgD7nn4rt0rh,2022-06-13T12:48:38,Liverpool,Passerine tick,Dermacentor frontalis,53.43674687998263,-3.02520947027801
tokLHXxPfNoK00he3JUy,2018-10-28T10:31:48,Manchester,Southern rodent tick,Ixodes acuminatus,53.49588427640124,-2.2930400787256047
wl8KioHl4ALDTsb6Qbp6,2020-10-23T17:48:56,Edinburgh,Fox/badger tick,Ixodes canisuga,55.972128056752545,-3.1831294498049276
zrUxZiyxhJqo0EzS2k6M,2023-01-30T12:03:56,Leicester,Fox/badger tick,Ixodes canisuga,52.61415917389489,-1.140162312561017
Amf3180TYlpUoUakEsfk,2019-03-18T16:26:30,Sheffield,Southern rodent tick,Ixodes acuminatus,53.34745643701966,-1.4707313066838024
0t6DXz0QgOMjSKqCST8J,2021-12-26T06:52:07,Birmingham,Passerine tick,Dermacentor frontalis,52.44149369191757,-1.9325907629196308
G9FARnHZhyjM8f8OyAko,2015-11-05T06:15:02,Bristol,Marsh tick,Ixodes apronophorus,51.45209963037092,-2.5907962353658913
FgKVi70vRyCuyER9kZWT,2016-10-07T22:28:07,Southampton,Tree-hole tick,Ixodes arboricola,50.906394756857985,-1.4291620577840076
7VXMlHYUA3z07lov9SQl,2017-11-26T20:55:51,Edinburgh,Southern rodent tick,Ixodes acuminatus,55.99827881771585,-3.215261410462981
FEWLK58rdfFYOqjygvvL,2015-12-18T05:46:08,Birmingham,Southern rodent tick,Ixodes acuminatus,52.532072240315046,-1.9153025313748522
Mcrlh030OZw5VWdI8UdZ,2020-12-19T20:37:20,Edinburgh,Fox/badger tick,Ixodes canisuga,55.990493245252374,-3.186664028922266
BZ4iQ6FJzEilaS6PMPu1,2012-02-25T05:50:29,Bristol,Passerine tick,Dermacentor frontalis,51.43428871064706,-2.585593136314719
ZwgC8qSB2hppBh4cnKt6,2017-07-20T18:59:41,Cardiff,Marsh tick,Ixodes apronophorus,51.48956445808254,-3.2056552637308933
O5v4y1JUJ8TonagDIJiV,2019-04-01T01:14:11,Southampton,Tree-hole tick,Ixodes arboricola,50.94167038426079,-1.376210732618354
409BBD9tVjUcsiNgJEFm,2014-04-17T00:24:28,Manchester,Fox/badger tick,Ixodes canisuga,53.50643818369456,-2.282240545666586
ah65fLip1gtpeO3NM6Pl,2020-07-31T11:39:19,Newcastle,Southern rodent tick,Ixodes acuminatus,54.91958163095506,-1.6302737183890588
ESJAL8XBdzN8pKVk3swM,2021-12-01T06:12:14,London,Marsh tick,Ixodes apronophorus,51.546031709092,-0.16359036922076212
wcLqXNJP3avv7Kg5H953,2017-08-13T23:22:58,Birmingham,Tree-hole tick,Ixodes arboricola,52.45491280416448,-1.8747535337541577
JNZVfqZeneYioQad0xWN,2018-08-08T09:53:10,Bristol,Marsh tick,Ixodes apronophorus,51.41569964673278,-2.600922833280494
VhuU7Xh900Wofv1OTbzw,2012-12-11T11:18:35,Nottingham,Fox/badger tick,Ixodes canisuga,52.97026515984445,-1.1634216216168294
WoAAUYMvcyusSmjfYRYM,2021-11-03T14:51:15,Sheffield,Passerine tick,Dermacentor frontalis,53.34967471241432,-1.4644297681098448
WFXHYAiEyCHmKUUrnuo7,2017-02-07T14:45:48,Glasgow,Marsh tick,Ixodes apronophorus,55.89736737309764,-4.263973548028504
1uSBJEH1JCknFpgNLKtZ,2017-01-25T18:18:51,Manchester,Southern rodent tick,Ixodes acuminatus,53.52068727472072,-2.261096511693953
KYpmerycUmIxrfQEfB0z,2021-03-13T01:03:21,Cardiff,Marsh tick,Ixodes apronophorus,51.47792581645769,-3.1438564691293633
zq0pM9LealYh6SGfquQ0,2018-04-11T15:20:12,London,Fox/badger tick,Ixodes canisuga,51.461969781612815,-0.1374196039200892
vu8YJaxGIPg4rpvNmhNl,2012-07-13T21:10:32,Leicester,Fox/badger tick,Ixodes canisuga,52.61638454945285,-1.087632619885783
ZqZWzvsvbpezAscUTU1T,2021-12-01T12:20:08,Birmingham,Passerine tick,Dermacentor frontalis,52.46853784444033,-1.9446114926569242
3L6TsvB67MTMP8CS18O2,2014-09-17T00:03:23,Cardiff,Tree-hole tick,Ixodes arboricola,51.49130149091781,-3.169274476970949
H5137RgcNux1AWA4Va6O,2020-07-31T15:22:50,Nottingham,Fox/badger tick,Ixodes canisuga,52.90513225688464,-1.175798251520494
lNLhXoP7dGEUMlQqPLAd,2021-01-20T02:28:09,Glasgow,Southern rodent tick,Ixodes acuminatus,55.888534514918796,-4.236160596474526
ibK1G4b6OytOC8q2EK6u,2012-03-16T15:39:34,Edinburgh,Southern rodent tick,Ixodes acuminatus,55.9717776812718,-3.1619093899782857
pOUOMhtIAK0a2h0FQXO4,2020-11-30T19:37:40,Birmingham,Southern rodent tick,Ixodes acuminatus,52.5086769674818,-1.9430843793342831
KxkGFf6K9ZPWR7zHZCS7,2015-01-28T06:57:30,Liverpool,Fox/badger tick,Ixodes canisuga,53.39190336665392,-2.959547408780064
ibK1G4b6OytOC8q2EK6u,2012-03-16T15:39:34,Edinburgh,Southern rodent tick,Ixodes acuminatus,55.999061397157,-3.2228122762325304
nrR9gNsr4WiALDHHinIA,2023-03-26T10:31:53,Cardiff,Fox/badger tick,Ixodes canisuga,51.460567258590274,-3.1385079322400946
NEzia0bWh8BzZeBhYiUd,2023-07-13T22:45:31,Southampton,Tree-hole tick,Ixodes arboricola,50.86789293944235,-1.3754304762661458
kfC5SGYUvq7wue1Q9xai,2014-04-30T14:20:17,Nottingham,Fox/badger tick,Ixodes canisuga,52.935238685992395,-1.1925233040974499
Yxkf3q0MjVrqSUsZzbwl,2015-07-02T03:16:58,London,Tree-hole tick,Ixodes arboricola,51.47877455501566,-0.15570839124310942
tdK72DrpyzfXULKSqOpf,2019-11-23T08:58:10,Bristol,Southern rodent tick,Ixodes acuminatus,51.41338868473152,-2.5470115404428633
R9HFV3dddlm6f9BtdAIo,2018-07-19T10:55:53,Manchester,Tree-hole tick,Ixodes arboricola,53.450871265801325,-2.242606348011176
klMtwuJjnqjwY49eLsHc,2014-01-07T21:48:51,Cardiff,Southern rodent tick,Ixodes acuminatus,51.49718183930538,-3.1668043497901253
xMOyvUx9wwAWaGTsEyGz,2012-02-04T19:59:04,Liverpool,Southern rodent tick,Ixodes acuminatus,53.40065623364521,-2.9775867870793005
xCn6dLnxzD5v5PiYPorL,2013-02-12T08:47:25,Sheffield,Tree-hole tick,Ixodes arboricola,53.34262417870886,-1.4425607145728596
kLY588unNh5Nj4DWz5c7,2022-10-16T06:08:16,Birmingham,Fox/badger tick,Ixodes canisuga,52.4604587558814,-1.9221714246841506
kSEdfGkbs6wAfcamRzDi,2020-01-22T03:40:16,Edinburgh,Marsh tick,Ixodes apronophorus,55.9090560660451,-3.175405351898071
CwuBNUjl6T81u5Msa4Mi,2020-12-12T18:24:01,Birmingham,Tree-hole tick,Ixodes arboricola,52.51360393461838,-1.9413845408554442
ByutGbTfQB8vxedFPWbH,2022-03-22T19:55:27,London,Fox/badger tick,Ixodes canisuga,51.46959349197084,-0.13348700983152328
FTBzIQ0udjgVPH0a7vZG,2012-06-04T04:49:40,Nottingham,Passerine tick,Dermacentor frontalis,52.95251173286067,-1.1567520682187993
ZqZWzvsvbpezAscUTU1T,2021-12-01T12:20:08,Birmingham,Passerine tick,Dermacentor frontalis,52.53219815186372,-1.8910963467962583
JbAXebsbCrAhgtPpVHEB,2022-05-01T12:31:27,Edinburgh,Tree-hole tick,Ixodes arboricola,55.915129721723595,-3.179828862692635
Lj7Rmp75DwQdgIOqRhli,2021-03-08T20:49:52,Sheffield,Fox/badger tick,Ixodes canisuga,53.39069600727793,-1.4573809244127127
KUVmFKOfx42CJt31m7bA,2019-04-01T01:04:58,Sheffield,Passerine tick,Dermacentor frontalis,53.42481986843027,-1.4735089135445583
1jg81lcxSkVHqe7MXBF7,2013-04-17T19:43:42,Southampton,Fox/badger tick,Ixodes canisuga,50.92128178928694,-1.448316589658519
tFVRiSzMnCJgVDqkJnAS,2021-09-02T12:23:36,Glasgow,Southern rodent tick,Ixodes acuminatus,55.897866156691144,-4.271061749125183
VXDs139na67TnBL52fUm,2024-03-06T21:52:36,Nottingham,Southern rodent tick,Ixodes acuminatus,52.93043128218253,-1.1635618272894312
ZLExmdsaMwnv9l36XmH5,2018-09-21T17:28:01,Southampton,Southern rodent tick,Ixodes acuminatus,50.88954570427677,-1.416254838370133
3a7xGlfGDsu796YSmXLM,2018-07-29T09:32:00,Edinburgh,Southern rodent tick,Ixodes acuminatus,55.93983047481937,-3.1620339208629797
kdMgkFL47paAunA3cfYA,2014-07-27T12:38:07,Cardiff,Southern rodent tick,Ixodes acuminatus,51.463057567138584,-3.1560716241511244
1VhTOVT9kr5E1V3J2rQ1,2018-10-21T04:07:16,Nottingham,Southern rodent tick,Ixodes acuminatus,52.910794233438,-1.1173343126948003
mujBv9VNzG7vqQERyMg8,2012-02-09T13:57:58,Manchester,Tree-hole tick,Ixodes arboricola,53.468923424019295,-2.203318832965195
xtOXJPkACNaghDJ13hNM,2017-11-14T05:58:35,Birmingham,Southern rodent tick,Ixodes acuminatus,52.47774102942724,-1.9050099865836658
KBWZc8RXQUA5BlehiOKk,2018-05-03T13:24:54,Bristol,Passerine tick,Dermacentor frontalis,51.45352706984349,-2.625465489929112
hrHBFSk8V0zfhWB1p49G,2023-11-16T03:25:56,Liverpool,Fox/badger tick,Ixodes canisuga,53.44842886909646,-2.9365960391737818
86qHZzj19gGxRmeG4Jth,2017-06-30T15:03:50,Manchester,Passerine tick,Dermacentor frontalis,53.51433578004084,-2.2156611870846303
RKKviq68whgZqyzu1DWf,2018-02-13T00:20:23,Manchester,Southern rodent tick,Ixodes acuminatus,53.48012634961493,-2.2585237092398374
jvNRAmvwl6r2bxwuiCD2,2023-09-09T03:03:47,Cardiff,Tree-hole tick,Ixodes arboricola,51.450618123694525,-3.159955041484661
Pf7hGU9Blam4UuIaLx0U,2016-08-01T08:34:55,Leicester,Passerine tick,Dermacentor frontalis,52.61740270445508,-1.1195979414737158
ViVrgZ2PxFSokGkZlS5D,2021-07-31T19:24:24,London,Marsh tick,Ixodes apronophorus,51.52494346414514,-0.13645917310601327
kJ0oz3H4L8X7RGuAFKzz,2018-08-21T05:46:53,Leicester,Passerine tick,Dermacentor frontalis,52.683276507425134,-1.16882423677458
UBHmG7Eso2fDNgkPN7Gs,2016-02-07T13:52:25,Edinburgh,Southern rodent tick,Ixodes acuminatus,55.92790357702436,-3.1962177202775712
s6GCIUO78kW03rnwhPwo,2024-10-07T04:08:24,Manchester,Passerine tick,Dermacentor frontalis,53.50816814551317,-2.2396577078023965
Y6FgBIJdg0lr9gjnvj5z,2022-08-13T07:01:32,Birmingham,Marsh tick,Ixodes apronophorus,52.47556854117553,-1.9478626151695615
RY3kdsWCT4a7HHZSFdn1,2022-09-06T22:41:29,Edinburgh,Fox/badger tick,Ixodes canisuga,55.97430520734674,-3.1412345943359186
1cwi6SlTNeS2WCXeWJWx,2012-03-10T00:08:03,Cardiff,Tree-hole tick,Ixodes arboricola,51.50520670437604,-3.2055597518832046
2IGPQFRPwwHyK13GUjSN,2018-02-05T02:07:04,Nottingham,Marsh tick,Ixodes apronophorus,52.917285840435504,-1.15303954738447
S3f8sdNWFLtTgAXlDC4u,2024-09-18T15:17:24,Bristol,Fox/badger tick,Ixodes canisuga,51.45975304615507,-2.62333844200894
3XY7jBZDKFZGsTjy72Hw,2019-10-23T20:15:01,Nottingham,Tree-hole tick,Ixodes arboricola,52.933878294689826,-1.1993467847680486
BZNs6ftKoPO1d2q4LYYh,2022-11-01T00:47:34,Manchester,Southern rodent tick,Ixodes acuminatus,53.45010665131714,-2.2127021558340143
brndliVZbSLLJIxwJunf,2013-07-04T12:01:16,Nottingham,Marsh tick,Ixodes apronophorus,52.99294058385948,-1.1070354321049334
1ZSMadQvZPRkCbqZXAYH,2015-08-22T05:17:19,Leicester,Southern rodent tick,Ixodes acuminatus,52.64578622789636,-1.1307235978046999
1UAk7dOWT61bT8o8Ur6s,2012-05-02T03:22:57,London,Tree-hole tick,Ixodes arboricola,51.477232988219384,-0.14726078745404966
CAhFkgnSiR1mtNS1ndrC,2017-05-19T15:04:17,Liverpool,Tree-hole tick,Ixodes arboricola,53.440620208846916,-3.005040893649001
8nhE5TSJcL1oOld3OpVW,2023-06-17T13:08:18,Birmingham,Southern rodent tick,Ixodes acuminatus,52.45780905808873,-1.930487786819492
vDgGt5UjNxhDVBFon9AS,2024-08-30T17:56:19,Liverpool,Marsh tick,Ixodes apronophorus,53.39847608570098,-2.9672469971891955
UefEW8QH90qhBnyXsmqS,2015-06-13T02:11:15,Edinburgh,Marsh tick,Ixodes apronophorus,55.93098298787643,-3.2301973246846325
8fVd4SzqURqJgSVHOn7i,2012-11-09T20:55:01,Bristol,Tree-hole tick,Ixodes arboricola,51.41042007118223,-2.583287187120921
lZ1TkYSb4zE1tFGfESgf,2019-11-17T19:28:44,Newcastle,Southern rodent tick,Ixodes acuminatus,54.979456400685294,-1.6288437532556879
9Qvi7NJLHTbEip46s9Nv,2019-02-07T07:52:22,Manchester,Southern rodent tick,Ixodes acuminatus,53.437760500859625,-2.2238416248912403
GwrOAmoayat6xREa6tS1,2023-02-06T08:58:44,London,Southern rodent tick,Ixodes acuminatus,51.473313656356446,-0.12017055644310148
hqD7YiGFNi09rc5OAtdD,2020-08-05T13:40:01,Leeds,Marsh tick,Ixodes apronophorus,53.80730696065679,-1.5019192421348202
NrqYwnoPeDmPTQfunl9Z,2023-03-03T00:37:19,Southampton,Marsh tick,Ixodes apronophorus,50.903049602101746,-1.4412151027126816
yoPLO3ZYNiLKVh7Cfo1f,2018-06-30T17:00:29,Birmingham,Marsh tick,Ixodes apronophorus,52.51028687902588,-1.869819904066741
tBDEs7jcKlK3ImBdjXeF,2013-10-19T15:57:16,Birmingham,Marsh tick,Ixodes apronophorus,52.498523292572024,-1.8538771568444334
PcybtjIc0yK4JwE1RHcc,2014-12-06T23:27:34,Sheffield,Passerine tick,Dermacentor frontalis,53.34454749483362,-1.4264277305516377
mlaoEgkf4u4ekmG2HtmA,2016-12-21T05:59:55,Bristol,Fox/badger tick,Ixodes canisuga,51.409395237754424,-2.6261492830309483
0PjHl5xUUWf9Taf2fHxN,2024-06-12T20:03:52,Sheffield,Marsh tick,Ixodes apronophorus,53.35476129375576,-1.4775110189792398
dVTCmfGlJhgSEsPgJHRN,2024-08-22T06:11:08,Southampton,Fox/badger tick,Ixodes canisuga,50.95517142322841,-1.3843897654056416
409BBD9tVjUcsiNgJEFm,2014-04-17T00:24:28,Manchester,Fox/badger tick,Ixodes canisuga,53.4779334161236,-2.2249007725359595
FTBzIQ0udjgVPH0a7vZG,2012-06-04T04:49:40,Nottingham,Passerine tick,Dermacentor frontalis,52.929320970069696,-1.1570362005148294
oQRcAQt3uQXKAijMA1CT,2019-04-18T09:11:41,Bristol,Tree-hole tick,Ixodes arboricola,51.49630024302217,-2.551220291311651
8nhE5TSJcL1oOld3OpVW,2023-06-17T13:08:18,Birmingham,Southern rodent tick,Ixodes acuminatus,52.462901017973515,-1.903231057445645
E1SoitjUxiTfAlad8Olp,2014-06-05T15:41:31,Cardiff,Passerine tick,Dermacentor frontalis,51.47522347845644,-3.2167417854967892
E9MP5NirTrF3XwlLFakG,2017-06-27T13:11:23,Birmingham,Southern rodent tick,Ixodes acuminatus,52.478110677967514,-1.891780670618145
9vFF9tEofSP8UG0wlxRw,2015-04-30T13:08:43,Leeds,Tree-hole tick,Ixodes arboricola,53.77312059394651,-1.5359422821411273
s6GCIUO78kW03rnwhPwo,2024-10-07T04:08:24,Manchester,Passerine tick,Dermacentor frontalis,53.497205399009026,-2.286583230411997
9WcQRkW35tCOyRbwvaz8,2021-05-21T02:08:15,Leicester,Passerine tick,Dermacentor frontalis,52.63971691482163,-1.090519894266168
w2zf0126GQ0RHARAl8FG,2021-08-15T01:29:47,Leeds,Fox/badger tick,Ixodes canisuga,53.78923459698327,-1.5716053463150201
mwLgvijNjTVH6HVlxq6h,2023-12-05T07:19:08,Leeds,Passerine tick,Dermacentor frontalis,53.80877669830024,-1.54024339773577
yoPLO3ZYNiLKVh7Cfo1f,2018-06-30T17:00:29,Birmingham,Marsh tick,Ixodes apronophorus,52.45681649300574,-1.8732551818955512
xdS3lGqhM2W20vb5sVNp,2023-01-24T07:49:02,Leeds,Tree-hole tick,Ixodes arboricola,53.839644674345564,-1.5041462219854043
B6CaPF49BQNLXAjsAQYg,2012-12-23T21:17:45,Leeds,Southern rodent tick,Ixodes acuminatus,53.762441109598456,-1.533328012441673
EoCsJjgHPjApkg4O2x2n,2016-01-04T15:50:39,Manchester,Marsh tick,Ixodes apronophorus,53.43906606049381,-2.245895387135617
ZgQv0RPsLFTgZ3BSWjtl,2024-05-02T06:27:49,Glasgow,Passerine tick,Dermacentor frontalis,55.880964403654026,-4.254292715566029
yrAgc54LPgifH3KuL65U,2019-11-18T15:16:38,Edinburgh,Fox/badger tick,Ixodes canisuga,55.97566416946887,-3.190165005933857
sItHisGbG7Wr2VRijce5,2020-04-19T11:18:10,Glasgow,Passerine tick,Dermacentor frontalis,55.88006448811381,-4.259747833323062
xYQWwkwXCwm3vRn3xU3T,2016-10-29T17:56:02,Cardiff,Tree-hole tick,Ixodes arboricola,51.509616024941764,-3.195688411063388
PYbn1uI7kY8DUIZhPhwU,2023-11-04T13:31:18,Bristol,Passerine tick,Dermacentor frontalis,51.425621518652434,-2.636110414367482
afdoemCDFY25zVCJMv72,2013-09-04T13:17:57,Cardiff,Tree-hole tick,Ixodes arboricola,51.445945655917086,-3.167127780625542
e34AdXaZ8balEINviMnX,2012-02-09T22:06:30,Birmingham,Fox/badger tick,Ixodes canisuga,52.53784896908322,-1.8651040847410276
3Qj53M61V3tLVwBNNPEY,2020-11-09T10:03:31,Glasgow,Marsh tick,Ixodes apronophorus,55.824710676254874,-4.298238000498855
xdS3lGqhM2W20vb5sVNp,2023-01-24T07:49:02,Leeds,Tree-hole tick,Ixodes arboricola,53.75409784036633,-1.5326406179713281
1cwi6SlTNeS2WCXeWJWx,2012-03-10T00:08:03,Cardiff,Tree-hole tick,Ixodes arboricola,51.48535055452894,-3.1808103332320727
KN1GRXUhweD3uMzYWz9c,2021-02-26T22:40:06,Sheffield,Passerine tick,Dermacentor frontalis,53.40890103776172,-1.4260268140701278
684sh2EI7jB0PotoPDcy,2023-03-23T22:05:04,Sheffield,Tree-hole tick,Ixodes arboricola,53.42601460704306,-1.4830873383300778
vHLNBrXjRoaIzZOhmbr4,2021-09-09T17:00:29,Bristol,Marsh tick,Ixodes apronophorus,51.49820171047374,-2.538875515244981
jeYWlOq7ndYtpjCuEToC,2020-12-14T13:25:18,Leeds,Fox/badger tick,Ixodes canisuga,53.84999491352328,-1.5282314256442717
mlAxlO8cxwodnaOX4rHQ,2023-10-14T14:44:07,Southampton,Southern rodent tick,Ixodes acuminatus,50.95567174261668,-1.4258598221675394
oOGITwX7NdhwQpvM9zdh,2017-05-21T22:11:04,Birmingham,Passerine tick,Dermacentor frontalis,52.447273319366694,-1.8811228747442315
yrAgc54LPgifH3KuL65U,2019-11-18T15:16:38,Edinburgh,Fox/badger tick,Ixodes canisuga,55.9751217510011,-3.2023575382712197
jCV1IAMgSFAV3tY8ZRzx,2012-11-19T07:32:49,Manchester,Southern rodent tick,Ixodes acuminatus,53.444174651044456,-2.243728431065571
BInTrmnfjB0M87GY82MJ,2013-11-21T10:42:25,Bristol,Marsh tick,Ixodes apronophorus,51.49860618636046,-2.550646214774502
DawlnIjY3mjPVDwMfoOa,2016-05-01T23:34:37,Cardiff,Passerine tick,Dermacentor frontalis,51.47093371130616,-3.1506096910741253
8SiJAWFQ04yYi7ThreGF,2022-11-17T21:26:27,Liverpool,Southern rodent tick,Ixodes acuminatus,53.404435030639185,-3.023094167283682
iLk7GhtTSEaZz80L269k,2023-01-02T08:29:53,London,Southern rodent tick,Ixodes acuminatus,51.50594880063747,-0.13437034043395243
BWRfADffJiQVd2hWbyHO,2020-12-26T10:01:22,Manchester,Passerine tick,Dermacentor frontalis,53.44587388503117,-2.266603796694409
AVB48apRwFQaBP2pbWnS,2012-04-22T15:10:25,Cardiff,Southern rodent tick,Ixodes acuminatus,51.514021303715246,-3.1438782293555025
QUH9aKMRXOkJMvTS1set,2014-01-28T00:35:34,Liverpool,Fox/badger tick,Ixodes canisuga,53.43766054517188,-2.966075269997273
yNHgvuu76nmuhZzOh5Vb,2023-09-27T18:18:01,Newcastle,Tree-hole tick,Ixodes arboricola,54.98581455943023,-1.6027058845073896
GWZ5ZJxUnLgHh97qeE6m,2019-12-24T00:48:47,Leeds,Fox/badger tick,Ixodes canisuga,53.7847020010527,-1.5718387707108499
Yf7iIzb9LzvmIiZYUpBP,2015-12-01T18:04:38,Liverpool,Southern rodent tick,Ixodes acuminatus,53.39399735314871,-2.9585266793845575
D16roCvyIFzWS9r9oK2Q,2014-02-22T10:42:48,Leeds,Passerine tick,Dermacentor frontalis,53.784093309159225,-1.5175212836198346
Pt8q33VTOMMs5vwZksSP,2018-07-23T18:04:49,Manchester,Southern rodent tick,Ixodes acuminatus,53.46689146145073,-2.268314153684148
rRk5Z5nPMHZIPDj2UYtF,2022-02-10T11:09:02,Birmingham,Southern rodent tick,Ixodes acuminatus,52.45041405112179,-1.8584440369427673
dKLXu0wZpgi692l9m5Zc,2012-12-28T11:15:01,Birmingham,Passerine tick,Dermacentor frontalis,52.44364722516887,-1.8561526446635266
rlsolmQ3J0LQAnGBxQDK,2024-10-03T03:27:57,Leicester,Marsh tick,Ixodes apronophorus,52.657781427114095,-1.1288054841255235
FEWLK58rdfFYOqjygvvL,2015-12-18T05:46:08,Birmingham,Southern rodent tick,Ixodes acuminatus,52.45913768445708,-1.9040824495242592
I59fa8epR5AZeUvgFVg4,2018-09-29T09:59:39,Leicester,Southern rodent tick,Ixodes acuminatus,52.645877298063006,-1.1005211158023223
DawlnIjY3mjPVDwMfoOa,2016-05-01T23:34:37,Cardiff,Passerine tick,Dermacentor frontalis,51.47361632405788,-3.178968353209353
9WB23vVRf7JDX7dPijds,2024-08-12T15:18:06,Manchester,Fox/badger tick,Ixodes canisuga,53.532842449501366,-2.2268599672972953
jKTS9eHmmpXHrenEEHPH,2019-06-13T22:12:27,Manchester,Tree-hole tick,Ixodes arboricola,53.468701348442636,-2.261570665970832
D3Te0ZPO18dCtoNNk5aT,2023-08-31T14:01:58,Manchester,Passerine tick,Dermacentor frontalis,53.44213775534694,-2.201494869829523
twxeVXohYeXphja6jfMV,2014-07-20T09:29:30,Birmingham,Passerine tick,Dermacentor frontalis,52.51430015147596,-1.9171356314773695
rZzqu80posNQDNzumJSK,2016-08-03T18:58:42,Glasgow,Passerine tick,Dermacentor frontalis,55.855418122142254,-4.259660359383393
9nQaYeeaGAR6r7MQwNNr,2016-09-10T11:44:44,Leicester,Marsh tick,Ixodes apronophorus,52.65266120424024,-1.1687357595161272
igJ8dE6bZgOSvJWyGoVj,2024-03-16T04:05:09,Leeds,Fox/badger tick,Ixodes canisuga,53.84411317271005,-1.5719556125816523
FaOs9NVpdUjcdr9ZoofK,2018-02-27T23:52:42,London,Tree-hole tick,Ixodes arboricola,51.48470128812221,-0.1562034432531982
dFChDx2mevpRdaNVwiEG,2018-04-08T18:02:41,Cardiff,Passerine tick,Dermacentor frontalis,51.51484367294018,-3.2157629048644916
ejnyhBc0tUnoeo2FUPi9,2013-08-07T04:01:04,Bristol,Fox/badger tick,Ixodes canisuga,51.48182287534877,-2.619120511424027
Nbkno212sADyiXDO9C2Z,2020-12-16T01:41:02,Newcastle,Fox/badger tick,Ixodes canisuga,54.99557052446366,-1.6376694641705836
rlb1M2hK6389R6gyNTy6,2014-11-17T01:22:59,Cardiff,Southern rodent tick,Ixodes acuminatus,51.46242661024749,-3.2218358022408826
7VXMlHYUA3z07lov9SQl,2017-11-26T20:55:51,Edinburgh,Southern rodent tick,Ixodes acuminatus,55.9637301580671,-3.2137149032938455
5KPMyE7RLO5QMoQDAeUG,2022-04-27T20:01:13,Birmingham,Fox/badger tick,Ixodes canisuga,52.44068124106335,-1.909517352390744
VUUvfoUTHmJei6sDcyu9,2019-06-15T21:54:47,Bristol,Passerine tick,Dermacentor frontalis,51.439870154069546,-2.5977731046039096
ASeCrHxOBrh3XPTH4oMW,2014-12-22T01:09:21,Leicester,Passerine tick,Dermacentor frontalis,52.59194567087766,-1.1201208420657494
hqD7YiGFNi09rc5OAtdD,2020-08-05T13:40:01,Leeds,Marsh tick,Ixodes apronophorus,53.776166820235375,-1.5788450484410892
1ZSMadQvZPRkCbqZXAYH,2015-08-22T05:17:19,Leicester,Southern rodent tick,Ixodes acuminatus,52.60470085612658,-1.1337854468850472
b9qimwpCQXNHSxOOdhbl,2024-02-22T04:12:55,Edinburgh,Marsh tick,Ixodes apronophorus,55.97549737988105,-3.2084379388924895
wWhAgpr67cSlqeSeYfMV,2018-12-05T05:19:13,Manchester,Marsh tick,Ixodes apronophorus,53.50826527930444,-2.1957400666497806
gLawkwnqChU4VLprfJBK,2022-10-20T12:28:41,Birmingham,Passerine tick,Dermacentor frontalis,52.46047572381882,-1.849064650912493
K8R27D3M88flP3QkE8C8,2022-06-29T10:37:20,Liverpool,Passerine tick,Dermacentor frontalis,53.43696505117157,-3.001843531933701
YYy6EIM7XhqeWI6OiRuH,2024-02-29T02:51:15,Leeds,Passerine tick,Dermacentor frontalis,53.82976879013575,-1.512076591909973
CwuBNUjl6T81u5Msa4Mi,2020-12-12T18:24:01,Birmingham,Tree-hole tick,Ixodes arboricola,52.48729227941211,-1.9282585742209981
8QjHL9AYfAD2BNUS0J8p,2015-06-16T21:03:18,Liverpool,Southern rodent tick,Ixodes acuminatus,53.436431858161626,-2.9992352149705317
dKLXu0wZpgi692l9m5Zc,2012-12-28T11:15:01,Birmingham,Passerine tick,Dermacentor frontalis,52.5051290965505,-1.9359896243493475
H3UTS3Wl92ALNszyexfS,2021-05-04T11:00:10,Leicester,Fox/badger tick,Ixodes canisuga,52.600088369979794,-1.093923027604428
MjR9kUJjCb2Hxe61X3Av,2013-09-15T22:59:01,Leeds,Southern rodent tick,Ixodes acuminatus,53.81682531052878,-1.5305388512965485
RKKviq68whgZqyzu1DWf,2018-02-13T00:20:23,Manchester,Southern rodent tick,Ixodes acuminatus,53.48121032566078,-2.2551118021929684
dCWdEjQ6RrcsnSP8G7nZ,2015-12-18T08:09:03,Cardiff,Marsh tick,Ixodes apronophorus,51.507854074771,-3.171106817502906
UaHeQlAIuqp7u4mo3xBd,2023-02-23T22:13:32,Cardiff,Southern rodent tick,Ixodes acuminatus,51.470694974233425,-3.2008149442144913
BXh9Zef5jLWMNJ0l7Yu3,2020-09-21T07:53:52,Cardiff,Tree-hole tick,Ixodes arboricola,51.453669292020585,-3.1780394670646244
cR4KGuqHfhVX2nIqB5AC,2015-01-29T01:46:15,Cardiff,Tree-hole tick,Ixodes arboricola,51.50727226710901,-3.2093846032439775
K40qS0HJxOtoC9Sd9lry,2015-11-12T21:00:06,Nottingham,Southern rodent tick,Ixodes acuminatus,52.99441539523977,-1.1616946635886938
VK2jIKfaIOuvStej7j1g,2015-11-16T12:15:16,London,Marsh tick,Ixodes apronophorus,51.55432198980232,-0.08231059925159234
cIVwSzPKINvTbcm2XV98,2020-05-03T12:56:44,Birmingham,Passerine tick,Dermacentor frontalis,52.452118171323534,-1.9370614688952008
lHrC1htc7YQ1VQpEh43f,2022-10-04T10:01:30,Bristol,Fox/badger tick,Ixodes canisuga,51.49690463790549,-2.5865566200501333
jCV1IAMgSFAV3tY8ZRzx,2012-11-19T07:32:49,Manchester,Southern rodent tick,Ixodes acuminatus,53.48837297269599,-2.27723705231311
okXN6rgciNCfndicZntB,2012-09-01T00:11:36,London,Passerine tick,Dermacentor frontalis,51.527337353428855,-0.1385587319880076
1dc3Sq3ckh8fQ4qm0cSz,2014-05-23T13:45:01,Manchester,Passerine tick,Dermacentor frontalis,53.46841189346745,-2.2693735596742464
KyehuPQ9lKI3yBat64Ey,2018-09-13T03:31:43,Leeds,Tree-hole tick,Ixodes arboricola,53.77887577435403,-1.5405471361830088
s1Nr2wF0iX8UsCsJqFTX,2021-02-20T04:30:28,Liverpool,Fox/badger tick,Ixodes canisuga,53.36854692434438,-2.9731108322572615
jCV1IAMgSFAV3tY8ZRzx,2012-11-19T07:32:49,Manchester,Southern rodent tick,Ixodes acuminatus,53.437901373739656,-2.2614969037555612
RKKviq68whgZqyzu1DWf,2018-02-13T00:20:23,Manchester,Southern rodent tick,Ixodes acuminatus,53.467836289280086,-2.2732497734062167
g8ACvfJ9Zv4CnfvNWG9F,2019-05-12T00:30:51,London,Passerine tick,Dermacentor frontalis,51.52118712782818,-0.11988066514298265
3HmoQzKtH9LTa8POQ5pn,2016-04-21T06:42:09,Edinburgh,Marsh tick,Ixodes apronophorus,55.986793961654186,-3.209532081444503
Ryi8D1cvb12gDVGD86Z0,2019-08-06T05:28:17,Leeds,Passerine tick,Dermacentor frontalis,53.78860215504804,-1.5475036619821583
lawjTuM08liQBHkm9dCI,2019-03-05T18:51:10,Liverpool,Tree-hole tick,Ixodes arboricola,53.399995886737194,-2.938766533744586
okXN6rgciNCfndicZntB,2012-09-01T00:11:36,London,Passerine tick,Dermacentor frontalis,51.533669682238305,-0.16133474940173656
rK46AJDNoDva6oPJMK5p,2015-05-25T09:14:20,Sheffield,Fox/badger tick,Ixodes canisuga,53.358419668571884,-1.4515117371436257
kbXdi2DpqILV0wajMzKZ,2018-09-12T12:29:43,Liverpool,Passerine tick,Dermacentor frontalis,53.3555591171376,-3.027793438978453
0cFvJcqQDZ2KXHlLebv4,2020-07-03T13:35:07,Edinburgh,Marsh tick,Ixodes apronophorus,55.966961722272195,-3.1795685322668086
NiX9S6v7vKzEkjGwmjpn,2013-06-20T23:44:17,Manchester,Fox/badger tick,Ixodes canisuga,53.5039727471101,-2.278439510739182
H1l31zA31Jt0uGhYgyhZ,2021-01-20T17:27:55,Newcastle,Southern rodent tick,Ixodes acuminatus,54.923352603756726,-1.604211211125768
ED46zemgTCc38RfjggT5,2015-02-22T15:18:35,Glasgow,Passerine tick,Dermacentor frontalis,55.82431290170418,-4.2124081971956615
Ff1JYByXmaS8VRxvw7bP,2022-01-07T11:45:56,Leicester,Marsh tick,Ixodes apronophorus,52.61459153580719,-1.1065701614846946
bQErgW9gwJlW9eXbT45x,2013-08-30T07:36:43,Leicester,Tree-hole tick,Ixodes arboricola,52.61911198969539,-1.1220899577506231
QDZ3j2i5qxuv9qZNuXrn,2021-09-24T12:43:55,Liverpool,Tree-hole tick,Ixodes arboricola,53.391362957800254,-2.991868382673696
SbkrKYCKt67JtyoaXO50,2024-05-17T01:38:19,Edinburgh,Passerine tick,Dermacentor frontalis,55.963607846520574,-3.1771890070775255
NmJMyfl2AhO9fHteFTBC,2015-03-05T17:58:29,Nottingham,Passerine tick,Dermacentor frontalis,52.94488955761316,-1.167214249431094
zhlW7w9ondK5R84n9Cyy,2014-11-13T19:06:48,Bristol,Passerine tick,Dermacentor frontalis,51.47339330683535,-2.580965282624744
ZcCCJVpIlgfPX1KPkX9i,2016-03-01T09:28:37,Leicester,Marsh tick,Ixodes apronophorus,52.65038851606379,-1.1476175291232489
aiJdkuW11kqcI3whhUBX,2012-08-09T08:28:49,Manchester,Passerine tick,Dermacentor frontalis,53.444018064498906,-2.222922960008773
G9FARnHZhyjM8f8OyAko,2015-11-05T06:15:02,Bristol,Marsh tick,Ixodes apronophorus,51.44257367226757,-2.5694733373521217
3a7xGlfGDsu796YSmXLM,2018-07-29T09:32:00,Edinburgh,Southern rodent tick,Ixodes acuminatus,55.98743577389863,-3.156381386897717
BWRfADffJiQVd2hWbyHO,2020-12-26T10:01:22,Manchester,Passerine tick,Dermacentor frontalis,53.51412413283437,-2.2877698317645825
szOO4Me73AonK5KAGyvv,2013-06-27T08:24:19,Liverpool,Marsh tick,Ixodes apronophorus,53.401174692897584,-3.0010465313727246
l6rBiiSNeN66kjlp7TXC,2016-05-05T13:59:54,Glasgow,Southern rodent tick,Ixodes acuminatus,55.89777072664509,-4.222911463416129
RYhoeFOcfCjg1pURvkhp,2012-03-13T03:31:39,Leeds,Marsh tick,Ixodes apronophorus,53.757521899504425,-1.5853407364234633
n5sekJCGzfrCrRUJAUdV,2014-11-23T13:28:07,Leicester,Tree-hole tick,Ixodes arboricola,52.62101828049523,-1.1662960364027988
MykmZLD5EGFe6ojRSSdT,2017-05-07T11:05:46,Leicester,Marsh tick,Ixodes apronophorus,52.58568200086155,-1.181072648240432
vn85mg1CAzPFeGOoDndh,2012-01-06T09:34:59,Glasgow,Southern rodent tick,Ixodes acuminatus,55.88219026103077,-4.280793743669343
WFXHYAiEyCHmKUUrnuo7,2017-02-07T14:45:48,Glasgow,Marsh tick,Ixodes apronophorus,55.86214042714736,-4.261610685161078
ZxIgHlFn4WhZFPBS3CBy,2012-08-12T10:39:44,Glasgow,Passerine tick,Dermacentor frontalis,55.84572422794887,-4.27645970681104
lG6OXJLPH8ZhWZyZAdYK,2019-03-12T15:14:55,Newcastle,Southern rodent tick,Ixodes acuminatus,54.919295551103374,-1.6359384628435454
Jw6921YckWOYdE7UfGcL,2022-08-19T01:26:28,London,Fox/badger tick,Ixodes canisuga,51.48973247536525,-0.14138159387927485
E5k9w2Y2c7UeHb3Mr6Ft,2013-03-22T21:08:51,Bristol,Marsh tick,Ixodes apronophorus,51.48913988789919,-2.556647465147089
3Qj53M61V3tLVwBNNPEY,2020-11-09T10:03:31,Glasgow,Marsh tick,Ixodes apronophorus,55.86320396413826,-4.283156127262088
l8fMYrtE62bflvPfFELr,2024-05-12T10:47:07,Liverpool,Passerine tick,Dermacentor frontalis,53.35369838905057,-3.0173853453475323
nPxD6vkpmUBrFC6aM4AX,2015-06-02T04:19:29,London,Southern rodent tick,Ixodes acuminatus,51.552395263114086,-0.1612364748545475
E1SoitjUxiTfAlad8Olp,2014-06-05T15:41:31,Cardiff,Passerine tick,Dermacentor frontalis,51.473281076146435,-3.1847044041958825
3KIhIxMpAXjXZLbljrBP,2016-04-03T14:00:37,Glasgow,Southern rodent tick,Ixodes acuminatus,55.88702141344778,-4.223332995430326
v7OCS0Jaqh0IjsHjG3st,2019-03-06T00:31:21,Edinburgh,Southern rodent tick,Ixodes acuminatus,55.9285274519634,-3.1886423602435636
KYpmerycUmIxrfQEfB0z,2021-03-13T01:03:21,Cardiff,Marsh tick,Ixodes apronophorus,51.462381449885655,-3.2261342486531723
7VXMlHYUA3z07lov9SQl,2017-11-26T20:55:51,Edinburgh,Southern rodent tick,Ixodes acuminatus,55.96820594827093,-3.2221977151881855
f64PnB4dtR23Nxp67VR2,2019-09-25T13:59:52,Nottingham,Passerine tick,Dermacentor frontalis,52.979918005895925,-1.158408029509341
doxC3AvGsbkcuqEK5Zxu,2015-12-18T10:04:13,Glasgow,Passerine tick,Dermacentor frontalis,55.81250923901832,-4.291923741436732
sKm3fj8jM5nFCUZkjsqQ,2020-04-03T14:12:03,Nottingham,Fox/badger tick,Ixodes canisuga,52.933573210675405,-1.1447712164842556
um2fLoYXh9ozjGlmErdB,2013-09-22T05:19:05,Liverpool,Marsh tick,Ixodes apronophorus,53.39434308133734,-2.950266435738449
YdApzi4p6xcN4uW88k8p,2018-04-13T13:56:31,Leeds,Tree-hole tick,Ixodes arboricola,53.84606382691296,-1.5401244908626457
QkYujbeBRckFiPFB03YG,2024-03-13T01:18:27,Southampton,Southern rodent tick,Ixodes acuminatus,50.93982059303215,-1.4511494614544636
JNZVfqZeneYioQad0xWN,2018-08-08T09:53:10,Bristol,Marsh tick,Ixodes apronophorus,51.41165303467567,-2.6157332695934596
mlaoEgkf4u4ekmG2HtmA,2016-12-21T05:59:55,Bristol,Fox/badger tick,Ixodes canisuga,51.41736309503651,-2.5873373836685474
z9gJdab10hNcAVk7eoqk,2018-09-14T02:12:34,Edinburgh,Marsh tick,Ixodes apronophorus,55.98138767220715,-3.183183891162723
DbMOiyyChIzzTcPmP21V,2022-12-19T00:07:22,Manchester,Fox/badger tick,Ixodes canisuga,53.508760671895956,-2.2786554947788944
ViVrgZ2PxFSokGkZlS5D,2021-07-31T19:24:24,London,Marsh tick,Ixodes apronophorus,51.501179993027215,-0.11619693998369185
wcLqXNJP3avv7Kg5H953,2017-08-13T23:22:58,Birmingham,Tree-hole tick,Ixodes arboricola,52.512136998546886,-1.9445660962595137
6aMgu1nQOYG4NlhNtL2V,2023-07-30T06:01:12,London,Tree-hole tick,Ixodes arboricola,51.480105156852616,-0.07677395585285339
fCWyinzxGKBaRsRJC654,2013-10-03T05:52:55,Southampton,Southern rodent tick,Ixodes acuminatus,50.90814047758802,-1.3709165686653741
7XWDtRF2fHFDUU0mePcz,2024-08-22T15:25:39,Newcastle,Fox/badger tick,Ixodes canisuga,54.92339393124156,-1.59396609200044
K4Fs8p4nH7x9EUjm7sOe,2014-07-27T17:40:18,Liverpool,Southern rodent tick,Ixodes acuminatus,53.434316567022094,-2.945858159063815
b062APnJGuqXoQRg9yf1,2021-12-23T22:19:54,Nottingham,Southern rodent tick,Ixodes acuminatus,52.937128622699866,-1.1298953043118447
nrR9gNsr4WiALDHHinIA,2023-03-26T10:31:53,Cardiff,Fox/badger tick,Ixodes canisuga,51.48611863905078,-3.1895106639951196
QDZ3j2i5qxuv9qZNuXrn,2021-09-24T12:43:55,Liverpool,Tree-hole tick,Ixodes arboricola,53.39358096442967,-2.969705701773963
zNavUVihkUrkR4UChiDe,2015-04-02T12:44:36,Liverpool,Fox/badger tick,Ixodes canisuga,53.43449075845509,-3.00157715839503
Z7i4Ap3pjDmhxZk94QLu,2014-07-15T17:24:34,Cardiff,Tree-hole tick,Ixodes arboricola,51.49968004307956,-3.157260636962872
DkqliAxY4jB2nTDcfgjt,2012-11-22T07:16:08,Manchester,Fox/badger tick,Ixodes canisuga,53.4420056094791,-2.2945031171621983
mkP5Moftu80FLb0JgTIa,2012-09-26T22:46:23,Sheffield,Marsh tick,Ixodes apronophorus,53.36719231541879,-1.4861524196963094
Nrq6yWse6FWJYaDH2DeC,2014-05-22T10:35:45,London,Passerine tick,Dermacentor frontalis,51.53544653097465,-0.10104682723400328
KOxKafBIMhXVDu4F9ILx,2022-03-12T05:37:51,Cardiff,Southern rodent tick,Ixodes acuminatus,51.48499747818083,-3.159472075909458
1VhTOVT9kr5E1V3J2rQ1,2018-10-21T04:07:16,Nottingham,Southern rodent tick,Ixodes acuminatus,52.940497998737925,-1.173106690986617
xdS3lGqhM2W20vb5sVNp,2023-01-24T07:49:02,Leeds,Tree-hole tick,Ixodes arboricola,53.82888676691348,-1.5034676286956743
Ysk9YlCgjdTwagDYcLLr,2013-06-19T02:56:17,Leeds,Marsh tick,Ixodes apronophorus,53.830145736094806,-1.5307318900185876
QhckiNu8et1OsMqobu8A,2019-06-15T02:42:10,Leeds,Fox/badger tick,Ixodes canisuga,53.777622783615996,-1.5893061301884954
K4Fs8p4nH7x9EUjm7sOe,2014-07-27T17:40:18,Liverpool,Southern rodent tick,Ixodes acuminatus,53.354951591855766,-2.9738229951613944
FH1Bx0W5hozIWG7aepsf,2016-03-12T18:04:59,Sheffield,Tree-hole tick,Ixodes arboricola,53.426440990911736,-1.4994759790149386
hrHBFSk8V0zfhWB1p49G,2023-11-16T03:25:56,Liverpool,Fox/badger tick,Ixodes canisuga,53.44972795479721,-2.9920717734056903
6UVP1rzrW23gvOm2oxT3,2020-01-13T03:59:56,Sheffield,Southern rodent tick,Ixodes acuminatus,53.422790406839454,-1.4987166075971523
sKm3fj8jM5nFCUZkjsqQ,2020-04-03T14:12:03,Nottingham,Fox/badger tick,Ixodes canisuga,52.992083108799015,-1.1069670950815687
aABOUyyyfNKf9ba8s9un,2024-03-28T10:11:17,Edinburgh,Passerine tick,Dermacentor frontalis,55.9791517684079,-3.17451635065195
AfFBFPpfAcRmUhiilk8E,2018-12-02T08:59:56,Bristol,Tree-hole tick,Ixodes arboricola,51.47988122286118,-2.605598773813367
1gtMVjRmTki0Zd9Y3Itd,2014-08-13T10:51:17,Edinburgh,Tree-hole tick,Ixodes arboricola,55.977973400598245,-3.167739403765497
tokLHXxPfNoK00he3JUy,2018-10-28T10:31:48,Manchester,Southern rodent tick,Ixodes acuminatus,53.53349782643263,-2.2640098734229834
sjYEQ904DcgJglIh12p8,2021-09-08T10:34:25,Newcastle,Marsh tick,Ixodes apronophorus,54.95497615725927,-1.5632577084419115
dgbhO0QPLGKBN22W6cpU,2021-03-20T03:56:21,Liverpool,Fox/badger tick,Ixodes canisuga,53.3881375663605,-3.0143261418760803
IG3l1a8oRJtvyPKF3rgO,2021-10-20T01:23:04,London,Marsh tick,Ixodes apronophorus,51.4748655687167,-0.1608813910249305
3KeoYblTvAKYVRpsPuE0,2021-07-04T10:55:49,Leeds,Passerine tick,Dermacentor frontalis,53.85022785915384,-1.5056198761151076
o8sR0qTgLkDo3YisGYVD,2013-03-01T15:58:41,Edinburgh,Passerine tick,Dermacentor frontalis,55.97790638171478,-3.1472487727377576
umDl7UzIWiBB3qb2vM5H,2014-07-08T16:37:15,Manchester,Passerine tick,Dermacentor frontalis,53.491003150709254,-2.21619265926491
vJ5hAN6KuhjDgF5Jx92r,2014-07-30T23:59:26,Newcastle,Passerine tick,Dermacentor frontalis,54.98742957636543,-1.631389363378353
w84T6NqwXmKYivpEG69J,2023-07-08T10:06:26,Manchester,Tree-hole tick,Ixodes arboricola,53.497194427149395,-2.2701278333088437
H5137RgcNux1AWA4Va6O,2020-07-31T15:22:50,Nottingham,Fox/badger tick,Ixodes canisuga,52.93394866802751,-1.1899472006479022
9Qvi7NJLHTbEip46s9Nv,2019-02-07T07:52:22,Manchester,Southern rodent tick,Ixodes acuminatus,53.45937099012159,-2.263993037425146
fJgivXeKY7D82ijGc1zy,2022-10-01T05:04:14,Leeds,Passerine tick,Dermacentor frontalis,53.778897312734564,-1.5526137942465466
iGzZukRFlnPhK0xWVnaz,2023-01-08T08:08:21,Liverpool,Fox/badger tick,Ixodes canisuga,53.416144054617455,-3.028318953239625
0c0k4ArSwnqmBJOF8zTH,2022-09-02T01:21:13,Nottingham,Passerine tick,Dermacentor frontalis,52.9379893838129,-1.1158559406403448
pZeAF7lridLL0Yqr1iEP,2013-04-17T04:22:47,Leeds,Passerine tick,Dermacentor frontalis,53.812047182843614,-1.543838104822251
1FbUZqbO3bggzhPn83f6,2016-03-19T06:22:59,Manchester,Marsh tick,Ixodes apronophorus,53.530508315649094,-2.2046723560155184
6pU9CjVB3BlQFa2PMBlm,2021-03-29T04:38:34,Leeds,Passerine tick,Dermacentor frontalis,53.81067379242091,-1.5554721729131988
l2d82e2A2EX6o2Zm6TwD,2020-08-25T04:06:35,Leicester,Marsh tick,Ixodes apronophorus,52.66039446645174,-1.1523113793863193
ZSUnj6IBOVKudEPjhIpY,2018-01-10T15:17:16,Nottingham,Fox/badger tick,Ixodes canisuga,52.90017154365257,-1.198993038287561
vu9k3oRyy2BQskX6rBO9,2012-01-03T20:40:43,Edinburgh,Marsh tick,Ixodes apronophorus,55.90796873466179,-3.177459147022828
svrsl3BKnqOd7u52c7fk,2021-02-19T15:33:12,Leicester,Southern rodent tick,Ixodes acuminatus,52.67384188472665,-1.1237765916810178
6uL0leRbGkixrE6S44ZA,2017-07-02T11:14:51,Manchester,Fox/badger tick,Ixodes canisuga,53.51608669994094,-2.292753941595638
A8rTatyF5W8IQkgvFNMG,2014-07-31T09:14:28,Nottingham,Tree-hole tick,Ixodes arboricola,52.95903724461618,-1.1977375764547706
BmZJHIdgDJnJgTXCJkVw,2018-05-31T12:31:39,Leicester,Fox/badger tick,Ixodes canisuga,52.61901970524153,-1.172952142573011
gGXXfRChVwUu5HXV6n1s,2012-02-11T03:28:53,Leicester,Fox/badger tick,Ixodes canisuga,52.66884962511125,-1.138811788515938
sIuCSIyXNoSkY617lhZ6,2012-04-20T05:33:21,Birmingham,Southern rodent tick,Ixodes acuminatus,52.503709111395885,-1.869234907837327
cR4KGuqHfhVX2nIqB5AC,2015-01-29T01:46:15,Cardiff,Tree-hole tick,Ixodes arboricola,51.504404912816106,-3.1962676795814153
9vFF9tEofSP8UG0wlxRw,2015-04-30T13:08:43,Leeds,Tree-hole tick,Ixodes arboricola,53.776481388767074,-1.555805550693267
JhSabbDkZ94WC50n3c6n,2016-07-02T19:43:39,Sheffield,Tree-hole tick,Ixodes arboricola,53.350322901941844,-1.472218455748657
oNybNvMJNb9qglO7URUO,2018-08-19T15:55:00,Bristol,Tree-hole tick,Ixodes arboricola,51.47590006584004,-2.548884786412025
LipDngLgzjL2kGgUTMYQ,2015-08-15T22:10:48,Southampton,Fox/badger tick,Ixodes canisuga,50.91910073834414,-1.434325596425199
FEWLK58rdfFYOqjygvvL,2015-12-18T05:46:08,Birmingham,Southern rodent tick,Ixodes acuminatus,52.499300743236546,-1.855098790171266
tCWY1NBNFjL56v0YIUCL,2013-09-03T03:59:45,Nottingham,Marsh tick,Ixodes apronophorus,52.921254972503284,-1.177160419159494
szOO4Me73AonK5KAGyvv,2013-06-27T08:24:19,Liverpool,Marsh tick,Ixodes apronophorus,53.375403096489705,-2.991727949978511
y2Xt43Ty8FNK9jikVHZT,2016-07-21T02:52:00,Glasgow,Fox/badger tick,Ixodes canisuga,55.86267906492355,-4.2865042234054656
QUH9aKMRXOkJMvTS1set,2014-01-28T00:35:34,Liverpool,Fox/badger tick,Ixodes canisuga,53.42807695362554,-2.985915383008459
0YAF6rRZ8QL8n47OGxcJ,2019-01-30T07:47:29,Liverpool,Southern rodent tick,Ixodes acuminatus,53.432923048992464,-2.9486449503193346
v8kmhKkvYXS9RjiRPtx0,2021-01-29T21:26:32,Birmingham,Southern rodent tick,Ixodes acuminatus,52.477028299786674,-1.8573000121400103
aiJdkuW11kqcI3whhUBX,2012-08-09T08:28:49,Manchester,Passerine tick,Dermacentor frontalis,53.5317935240137,-2.1987535905924718
SIQ8Ou0QGQoOhxDgsNX7,2020-10-25T04:45:34,Southampton,Passerine tick,Dermacentor frontalis,50.88585384449113,-1.4049468498396982
oA4D9dQUBh4xImV86bRI,2016-03-08T03:57:06,Birmingham,Passerine tick,Dermacentor frontalis,52.48247036522599,-1.8761767979146695
1VhTOVT9kr5E1V3J2rQ1,2018-10-21T04:07:16,Nottingham,Southern rodent tick,Ixodes acuminatus,52.98595181117986,-1.1731404820814746
02rFwLCaAwZSVxdTDicK,2014-09-12T23:33:03,London,Southern rodent tick,Ixodes acuminatus,51.479685076800834,-0.12756529701570374
N8VXpwQ2X1Y2tXR02xXd,2022-08-11T04:38:19,Southampton,Fox/badger tick,Ixodes canisuga,50.86577979164056,-1.3889957060896427
JIpX177KvaSfIj0TY7iR,2024-09-28T07:08:08,London,Fox/badger tick,Ixodes canisuga,51.51492757119852,-0.15458786882132733
3d48gn6fHVyjvezJNAXQ,2012-01-26T14:15:56,Manchester,Southern rodent tick,Ixodes acuminatus,53.468160417053234,-2.290481309846157
LIYCcqZ4sMDMWLCapOYW,2016-12-25T20:50:17,Cardiff,Tree-hole tick,Ixodes arboricola,51.46783731478689,-3.1806736857043405
hrHBFSk8V0zfhWB1p49G,2023-11-16T03:25:56,Liverpool,Fox/badger tick,Ixodes canisuga,53.383149402490886,-3.0300060298894125
D4fol4qy9RB2CSvmnWnQ,2023-04-12T02:50:18,London,Fox/badger tick,Ixodes canisuga,51.55324949297946,-0.10485358971933174
JbAXebsbCrAhgtPpVHEB,2022-05-01T12:31:27,Edinburgh,Tree-hole tick,Ixodes arboricola,55.907703887812794,-3.2271393859439983
3EhiuZeS21dXpMZTNJEq,2019-10-15T04:19:36,Glasgow,Passerine tick,Dermacentor frontalis,55.883386773645135,-4.241945912772981
yHKpQIbUfqdl7h4CYKyf,2012-01-24T00:24:09,Birmingham,Southern rodent tick,Ixodes acuminatus,52.50983931572156,-1.8769126472940163
eAZjRDHT5hlrRAQfLUvy,2015-03-27T07:14:36,Newcastle,Tree-hole tick,Ixodes arboricola,54.959867474930086,-1.5927748922309817
AiYCxGryVjZftdUsw7yl,2023-03-14T20:26:58,London,Passerine tick,Dermacentor frontalis,51.535721507244276,-0.12230084429287857
SbIuGoEWGy7G35098F4E,2012-02-16T21:40:11,Leeds,Marsh tick,Ixodes apronophorus,53.78051658215401,-1.5933579241084297
ha5el3ef6pfPSq1iZh6f,2022-07-03T00:46:12,Newcastle,Fox/badger tick,Ixodes canisuga,55.009479703656865,-1.5781479841120076
vWi8A5v1RBFD9PWLmSQP,2022-07-20T11:47:01,Bristol,Marsh tick,Ixodes apronophorus,51.48098952037242,-2.5659476118563065
Mcrlh030OZw5VWdI8UdZ,2020-12-19T20:37:20,Edinburgh,Fox/badger tick,Ixodes canisuga,55.963192193176845,-3.161195150514815
kbXdi2DpqILV0wajMzKZ,2018-09-12T12:29:43,Liverpool,Passerine tick,Dermacentor frontalis,53.369877875421786,-2.9427233719579595
czhlbDCviOsNpjbbKzXd,2012-10-04T18:17:06,Leeds,Fox/badger tick,Ixodes canisuga,53.82234195317855,-1.5348344833881655
GkTWmmCaVIfOeENqTywe,2016-10-15T21:37:37,Cardiff,Passerine tick,Dermacentor frontalis,51.44671405599424,-3.212217900246443
K4Fs8p4nH7x9EUjm7sOe,2014-07-27T17:40:18,Liverpool,Southern rodent tick,Ixodes acuminatus,53.435335183442575,-2.95281513486061
1X5DO4d2kst8TDz5yeUg,2020-07-20T09:44:59,Cardiff,Passerine tick,Dermacentor frontalis,51.501871011708054,-3.225621624281555
P4QqgezEv7lvQHRgNi4s,2018-01-24T09:11:48,Nottingham,Southern rodent tick,Ixodes acuminatus,52.94687148345097,-1.1182870509440865
sIuCSIyXNoSkY617lhZ6,2012-04-20T05:33:21,Birmingham,Southern rodent tick,Ixodes acuminatus,52.499838146560954,-1.8560715065510476
YEBzydoyDCYkq8CVy8xz,2020-05-01T03:17:01,Leeds,Passerine tick,Dermacentor frontalis,53.794604457092504,-1.5374238057923617
okXN6rgciNCfndicZntB,2012-09-01T00:11:36,London,Passerine tick,Dermacentor frontalis,51.55856442763769,-0.16626315898366725
YwFCOeRmycVLgsoupxXs,2015-03-18T15:07:21,Sheffield,Tree-hole tick,Ixodes arboricola,53.357078470313226,-1.431164525322781
iZJxFS5bFWlqBvdz1HmR,2018-11-10T00:10:39,Newcastle,Marsh tick,Ixodes apronophorus,54.99585297038382,-1.6232050408559253
kwcevuBg4tAhTOvhGbpi,2019-10-07T16:53:47,Glasgow,Marsh tick,Ixodes apronophorus,55.89912612472977,-4.3001575017022855
QhckiNu8et1OsMqobu8A,2019-06-15T02:42:10,Leeds,Fox/badger tick,Ixodes canisuga,53.78900288083103,-1.5317495495637266
R2gB79b7qDQQLPKcDRSO,2017-06-17T03:07:55,Sheffield,Fox/badger tick,Ixodes canisuga,53.36166312517277,-1.4623043799166668
0JDKkIqLbrytQyWTq08t,2019-02-20T13:56:04,Birmingham,Passerine tick,Dermacentor frontalis,52.47936843570455,-1.880900963499149
MHe5XZ23ZwLYMekf3QuR,2019-06-12T19:32:05,Newcastle,Fox/badger tick,Ixodes canisuga,54.97035444325565,-1.6340027117196183
3Nogikm5ECn9BOzGemXt,2024-09-12T05:39:11,Southampton,Fox/badger tick,Ixodes canisuga,50.958270743342695,-1.44247240990019
AiYCxGryVjZftdUsw7yl,2023-03-14T20:26:58,London,Passerine tick,Dermacentor frontalis,51.52166828970915,-0.12084254739929508
5hBTxnp6BB1WT30MYK1P,2016-06-09T03:33:16,Bristol,Passerine tick,Dermacentor frontalis,51.43630730048712,-2.623349928302843
76V3xoOsWyo2hrWgm1kx,2019-03-28T16:14:20,Birmingham,Tree-hole tick,Ixodes arboricola,52.44056068555864,-1.914039884490941
g741PfqbJ5ovgBDapSLz,2016-05-03T10:34:25,Edinburgh,Fox/badger tick,Ixodes canisuga,55.959447528952175,-3.1832502880091185
KE4H6XqCWD1XZMTgPMbb,2012-03-12T19:44:51,Glasgow,Passerine tick,Dermacentor frontalis,55.88327945817269,-4.209312801964421
UEJAz95MqmT0T6mGmLAv,2019-01-12T20:24:18,Sheffield,Southern rodent tick,Ixodes acuminatus,53.38953753237905,-1.4905063631797664
svrsl3BKnqOd7u52c7fk,2021-02-19T15:33:12,Leicester,Southern rodent tick,Ixodes acuminatus,52.5881380552527,-1.1555170587851005
kq5ZxEnwxch0UY0XiPyr,2013-08-15T02:19:32,Edinburgh,Fox/badger tick,Ixodes canisuga,55.99836886742524,-3.2062333537881385
AfFBFPpfAcRmUhiilk8E,2018-12-02T08:59:56,Bristol,Tree-hole tick,Ixodes arboricola,51.46386953441384,-2.5917638760629513
tdK72DrpyzfXULKSqOpf,2019-11-23T08:58:10,Bristol,Southern rodent tick,Ixodes acuminatus,51.42300785406243,-2.588754724570695
iZJxFS5bFWlqBvdz1HmR,2018-11-10T00:10:39,Newcastle,Marsh tick,Ixodes apronophorus,54.92727612165808,-1.550651429578377
q1d3CncbWT9Rj5nrX4bx,2021-12-25T01:27:13,Leicester,Passerine tick,Dermacentor frontalis,52.63098442958893,-1.1279757969405197
9rActoXLFeIqJOyaA0qA,2021-03-14T04:09:23,Liverpool,Marsh tick,Ixodes apronophorus,53.42985112996848,-3.0271117327884793
xCn6dLnxzD5v5PiYPorL,2013-02-12T08:47:25,Sheffield,Tree-hole tick,Ixodes arboricola,53.409584915469914,-1.4852780598720745
vEC0YeOLtsPXdBH1yTVf,2012-07-26T06:51:23,Cardiff,Fox/badger tick,Ixodes canisuga,51.48212627902239,-3.182127393328682
kfC5SGYUvq7wue1Q9xai,2014-04-30T14:20:17,Nottingham,Fox/badger tick,Ixodes canisuga,52.98763865195838,-1.149291170686399
DyFy26uzJvVdtdLcp1lE,2022-05-09T23:47:35,Newcastle,Marsh tick,Ixodes apronophorus,54.991928279495454,-1.6242244747277563
Sc0iHJgbZdEI5pVLq25I,2017-09-10T15:22:21,Liverpool,Tree-hole tick,Ixodes arboricola,53.3613993348772,-2.98388721909013
Ryi8D1cvb12gDVGD86Z0,2019-08-06T05:28:17,Leeds,Passerine tick,Dermacentor frontalis,53.80974188636026,-1.551730696214503
0PPxLMBVzgqsoA8ExrkR,2022-02-03T15:49:52,Sheffield,Fox/badger tick,Ixodes canisuga,53.41046599545599,-1.4810581716400606
0uCFMyqZJDRBYAmEFpSL,2015-09-20T13:43:51,Manchester,Marsh tick,Ixodes apronophorus,53.481347298431395,-2.254958661159945
FvJUDEcC7IsnzvzeNw7L,2016-10-28T07:25:41,Nottingham,Tree-hole tick,Ixodes arboricola,52.93271652465546,-1.1303653787739918
1SaWWwei5I8AFbxsl9UE,2020-09-05T15:39:10,Manchester,Tree-hole tick,Ixodes arboricola,53.483582629069524,-2.2765770999606545
2jznlhICSCIrnPJ8rgQ7,2017-12-27T05:46:35,Newcastle,Southern rodent tick,Ixodes acuminatus,54.930125413140715,-1.5814644032320544
g741PfqbJ5ovgBDapSLz,2016-05-03T10:34:25,Edinburgh,Fox/badger tick,Ixodes canisuga,55.96881874516333,-3.23535917939088
XnpF1cFW4xptVAieGp9l,2014-09-28T06:50:44,Newcastle,Tree-hole tick,Ixodes arboricola,54.95109154773987,-1.648626321231866
0c0k4ArSwnqmBJOF8zTH,2022-09-02T01:21:13,Nottingham,Passerine tick,Dermacentor frontalis,52.97125010707119,-1.1197092490249705
mcg4t3RTWIUPEH68KDXo,2023-06-14T15:51:56,Manchester,Southern rodent tick,Ixodes acuminatus,53.506316616009876,-2.226467937965225
ZeFKViV8tskTtoGYEe60,2012-08-28T11:25:59,Southampton,Fox/badger tick,Ixodes canisuga,50.87334673786095,-1.4290881269294637
Ff1JYByXmaS8VRxvw7bP,2022-01-07T11:45:56,Leicester,Marsh tick,Ixodes apronophorus,52.63335205731536,-1.1636601097162675
kTrBWIYmZOYCfwqaMgKI,2014-09-24T15:51:52,Southampton,Passerine tick,Dermacentor frontalis,50.88250476017147,-1.357911687867448
v8kmhKkvYXS9RjiRPtx0,2021-01-29T21:26:32,Birmingham,Southern rodent tick,Ixodes acuminatus,52.447636628507695,-1.9121796254620502
xtiEypezSxsfNJVkz3N0,2024-01-13T07:16:39,Bristol,Southern rodent tick,Ixodes acuminatus,51.48622771847227,-2.600071521245185
f6ldSaYc7P8AJbA8O7wJ,2015-10-10T12:46:29,Southampton,Southern rodent tick,Ixodes acuminatus,50.93820728079317,-1.3741684983192564
SbkrKYCKt67JtyoaXO50,2024-05-17T01:38:19,Edinburgh,Passerine tick,Dermacentor frontalis,55.961600982607195,-3.195048850951878
ItEPQy0TIL2oAfW90Xd5,2018-12-10T05:09:25,Nottingham,Tree-hole tick,Ixodes arboricola,52.97570730579992,-1.1783758060705452
0cFvJcqQDZ2KXHlLebv4,2020-07-03T13:35:07,Edinburgh,Marsh tick,Ixodes apronophorus,55.93854961501006,-3.1498258594478465
mMoHgHk0Ybt2uu8quxr5,2018-01-02T23:07:36,Manchester,Marsh tick,Ixodes apronophorus,53.44374643239255,-2.254965786833456
UPJcBmWvVMYjWyoj7PJ2,2015-10-11T06:43:43,Edinburgh,Tree-hole tick,Ixodes arboricola,55.966019279848446,-3.1481793942562235
pvWFz8wxaDkLcixvCTU5,2018-06-26T03:39:29,Cardiff,Southern rodent tick,Ixodes acuminatus,51.49551476234035,-3.1746044671308007
2IGPQFRPwwHyK13GUjSN,2018-02-05T02:07:04,Nottingham,Marsh tick,Ixodes apronophorus,52.92501328190717,-1.1727613534668704
gYGfMhEeS6Nv4Oscjyfh,2012-05-01T01:47:15,Edinburgh,Passerine tick,Dermacentor frontalis,55.92892703793975,-3.1521457497514707
7m41XvCHtxrkq7yhOz0u,2016-02-25T06:35:51,Sheffield,Fox/badger tick,Ixodes canisuga,53.41294693347924,-1.4582149598233267
PYbn1uI7kY8DUIZhPhwU,2023-11-04T13:31:18,Bristol,Passerine tick,Dermacentor frontalis,51.43281826696844,-2.632324639813706
dlZjhHqGj3gyUmAkdGBp,2015-12-07T06:16:10,Sheffield,Marsh tick,Ixodes apronophorus,53.37310571414763,-1.5051874562954686
mlaoEgkf4u4ekmG2HtmA,2016-12-21T05:59:55,Bristol,Fox/badger tick,Ixodes canisuga,51.50149289254627,-2.6141888554344743
y1fM2l3XJWsVJBs13k8A,2016-08-13T20:02:49,Liverpool,Tree-hole tick,Ixodes arboricola,53.44613057653146,-2.9734060360994516
efM3hIfRiOzVSZwrPS0m,2017-09-29T13:58:38,Newcastle,Passerine tick,Dermacentor frontalis,54.96678659224963,-1.5830892617525603
0YAF6rRZ8QL8n47OGxcJ,2019-01-30T07:47:29,Liverpool,Southern rodent tick,Ixodes acuminatus,53.44211923193072,-3.012337881539665
x0XPFJPBxVwVSivF0Wk5,2016-12-08T04:53:58,Birmingham,Fox/badger tick,Ixodes canisuga,52.46808481456872,-1.8987393099676415
46Bn6f8zq7YVl208EW1A,2024-04-20T21:01:07,Leeds,Southern rodent tick,Ixodes acuminatus,53.80961938902939,-1.4997119854783467
LVtxT3FgK2RmCuREo2q6,2015-02-24T05:32:55,Glasgow,Tree-hole tick,Ixodes arboricola,55.89004696742041,-4.247789974214164
SbIuGoEWGy7G35098F4E,2012-02-16T21:40:11,Leeds,Marsh tick,Ixodes apronophorus,53.77534033769576,-1.5360987706032674
XG9yTa7wEwaHkhfNTfVI,2017-08-04T12:32:38,Sheffield,Passerine tick,Dermacentor frontalis,53.36777228633942,-1.4693225128784109
RWIlYmTGxSS2GAFG45sL,2015-04-04T18:14:50,Leeds,Southern rodent tick,Ixodes acuminatus,53.80034079486766,-1.536605757330765
3WzSJP8VpilsnyxdIVK7,2013-06-08T10:20:21,Leicester,Marsh tick,Ixodes apronophorus,52.66076469486254,-1.0977106973270603
UefEW8QH90qhBnyXsmqS,2015-06-13T02:11:15,Edinburgh,Marsh tick,Ixodes apronophorus,55.94606983964922,-3.1676443884194154
4BpYXknaXLU6PapCN7Ie,2020-07-12T14:00:33,Liverpool,Tree-hole tick,Ixodes arboricola,53.40709198193148,-3.0063830564448106
0cFvJcqQDZ2KXHlLebv4,2020-07-03T13:35:07,Edinburgh,Marsh tick,Ixodes apronophorus,55.94346723630386,-3.1744634445284583
fBMQkI2wFCp5SRzKFQm1,2022-05-14T22:06:33,Nottingham,Passerine tick,Dermacentor frontalis,52.90126432555786,-1.1143394242753004
SdJUQEc97S9mB6QYd6DO,2019-07-14T11:32:39,Manchester,Tree-hole tick,Ixodes arboricola,53.501126035116116,-2.2421428970446096
G9FARnHZhyjM8f8OyAko,2015-11-05T06:15:02,Bristol,Marsh tick,Ixodes apronophorus,51.40628260765859,-2.634634129646916
q1VBdsWce5QWGzRCuNXL,2017-09-29T15:51:12,Bristol,Passerine tick,Dermacentor frontalis,51.42470744800664,-2.6004770062750984
4Ro2iFhtdF2SGit1gzOH,2020-06-25T00:44:33,Bristol,Southern rodent tick,Ixodes acuminatus,51.438647313192895,-2.5473105174512733
E1SoitjUxiTfAlad8Olp,2014-06-05T15:41:31,Cardiff,Passerine tick,Dermacentor frontalis,51.51566386710583,-3.1474522071564586
PYbn1uI7kY8DUIZhPhwU,2023-11-04T13:31:18,Bristol,Passerine tick,Dermacentor frontalis,51.440079706195654,-2.553890447941102
9ylWW5ksm6XXVW59L6Mq,2019-11-18T03:47:55,Bristol,Tree-hole tick,Ixodes arboricola,51.40667289193838,-2.5883475286554423
lawjTuM08liQBHkm9dCI,2019-03-05T18:51:10,Liverpool,Tree-hole tick,Ixodes arboricola,53.37544101606059,-2.988793871161516
5Qe4AAJsQpmQYlXmQoHn,2017-07-11T16:46:25,Southampton,Passerine tick,Dermacentor frontalis,50.901085211684865,-1.3543889709356727
NYY64XSpeCcxPjoaVhWV,2020-07-10T21:02:16,Newcastle,Fox/badger tick,Ixodes canisuga,55.00248933107115,-1.6490971611532623
6UVP1rzrW23gvOm2oxT3,2020-01-13T03:59:56,Sheffield,Southern rodent tick,Ixodes acuminatus,53.422019242903914,-1.4598435138497734
0wcc3HT0lnp2jkAy7q6Y,2024-04-17T20:31:08,Leicester,Tree-hole tick,Ixodes arboricola,52.64348374651394,-1.15567295045755
K40qS0HJxOtoC9Sd9lry,2015-11-12T21:00:06,Nottingham,Southern rodent tick,Ixodes acuminatus,52.971601953715876,-1.1411188196328588
BSNcTK5vwatLS1Na31tE,2023-01-09T11:43:17,Cardiff,Marsh tick,Ixodes apronophorus,51.43391953482583,-3.214703104663203
p65mctXAysJ3VpL0OfMf,2021-08-27T09:33:10,Southampton,Passerine tick,Dermacentor frontalis,50.948541544912146,-1.4396702674350328
kRyJHh8eSgX3w6zqwWfU,2014-12-29T08:16:15,Leeds,Marsh tick,Ixodes apronophorus,53.79293191073471,-1.5591642360139868
L24cKfajwi1B6as4rZLA,2021-01-13T21:44:12,Nottingham,Southern rodent tick,Ixodes acuminatus,52.96811486731161,-1.1349058148674145
ZlYElrJz99D9ReG9MZ74,2022-02-27T08:35:36,Manchester,Marsh tick,Ixodes apronophorus,53.52002847308113,-2.2763311461177853
KMd8Kuhhc8OGaOB0cwy7,2024-04-11T23:47:24,Glasgow,Marsh tick,Ixodes apronophorus,55.82039002492325,-4.280214538798005
UaHeQlAIuqp7u4mo3xBd,2023-02-23T22:13:32,Cardiff,Southern rodent tick,Ixodes acuminatus,51.48700947556644,-3.13272799691667
SP2ErFEQniZMZ4ixW9K9,2023-04-08T02:41:39,Leeds,Passerine tick,Dermacentor frontalis,53.827291508598265,-1.5321318235856831
lh356ewKR3sjDka3ur8g,2024-08-22T09:32:29,Edinburgh,Fox/badger tick,Ixodes canisuga,55.99425068200617,-3.1776743105014598
kq5ZxEnwxch0UY0XiPyr,2013-08-15T02:19:32,Edinburgh,Fox/badger tick,Ixodes canisuga,55.95516786098045,-3.2237219467519953
9EFXCFxCVXy6apCASOs1,2015-12-06T05:58:08,Newcastle,Marsh tick,Ixodes apronophorus,54.93119800383729,-1.6227075961433006
tFpfZYF4gRR0PiJvRmmP,2019-08-21T02:39:25,Edinburgh,Passerine tick,Dermacentor frontalis,55.98959227251779,-3.1860622637822695
iht6SCzQQ3q3rwHjWT8u,2018-01-04T08:17:22,Leicester,Tree-hole tick,Ixodes arboricola,52.628547124412435,-1.1244915829785576
9ArW7gk5hYYwnZruekQd,2018-11-17T12:14:14,Cardiff,Passerine tick,Dermacentor frontalis,51.44282602661057,-3.2183151113325943
rRk5Z5nPMHZIPDj2UYtF,2022-02-10T11:09:02,Birmingham,Southern rodent tick,Ixodes acuminatus,52.48724733565632,-1.8941129195362458
ejfVmgF5fsGQBK4ovfOX,2015-04-07T14:18:14,Bristol,Marsh tick,Ixodes apronophorus,51.448593884753194,-2.6053109278759314
xtiEypezSxsfNJVkz3N0,2024-01-13T07:16:39,Bristol,Southern rodent tick,Ixodes acuminatus,51.49620637018357,-2.5484159906373494
XXanBmXiHvZkJfQLTIY7,2012-09-24T12:06:55,Liverpool,Tree-hole tick,Ixodes arboricola,53.384731273070805,-2.962782888842851
ZIJJQmSGYu91ay30YbrF,2023-04-10T01:32:31,Birmingham,Passerine tick,Dermacentor frontalis,52.517303148742705,-1.8536386697006457
um2fLoYXh9ozjGlmErdB,2013-09-22T05:19:05,Liverpool,Marsh tick,Ixodes apronophorus,53.35269621333296,-2.999792726990145
zRZvDbjM8XZGlBzux6Ln,2014-07-29T01:40:06,Edinburgh,Passerine tick,Dermacentor frontalis,55.95861679655781,-3.2282106568137294
0Jac6jm48OtR2AMDmNZn,2017-11-30T11:50:02,Southampton,Tree-hole tick,Ixodes arboricola,50.889135388516365,-1.406784656504863
w6J5IXRhUNu1e9BdoyTM,2015-09-23T05:34:25,Liverpool,Fox/badger tick,Ixodes canisuga,53.40507044307152,-2.9562201457592283
v7OCS0Jaqh0IjsHjG3st,2019-03-06T00:31:21,Edinburgh,Southern rodent tick,Ixodes acuminatus,55.95783634630534,-3.1980989469564647
FUvyJ5g8Deb34YvBdGHc,2017-06-12T20:20:32,Nottingham,Fox/badger tick,Ixodes canisuga,52.92203714020966,-1.1030635751692974
tBDEs7jcKlK3ImBdjXeF,2013-10-19T15:57:16,Birmingham,Marsh tick,Ixodes apronophorus,52.445822335189995,-1.906137205932492
tq1qSry5xRiCsQAMslaD,2013-01-20T17:40:33,Nottingham,Passerine tick,Dermacentor frontalis,52.94472827044707,-1.1118669357772677
lDGKgtzpyXA5ZUvuyNQK,2012-04-17T21:09:23,Southampton,Tree-hole tick,Ixodes arboricola,50.87142840124139,-1.4252614314428615
3Qj53M61V3tLVwBNNPEY,2020-11-09T10:03:31,Glasgow,Marsh tick,Ixodes apronophorus,55.87811301755923,-4.2762963593731955
NsqKCu26xdMA5py4NdTm,2019-02-27T10:45:38,Edinburgh,Fox/badger tick,Ixodes canisuga,56.00089265010055,-3.156456828461484
0L5BVSzmm898d1JCBaVB,2023-07-20T21:30:11,Nottingham,Passerine tick,Dermacentor frontalis,52.97460524448576,-1.1115695523937734
baknOjdKDYF2oNmtfL6q,2022-07-17T04:22:02,Edinburgh,Southern rodent tick,Ixodes acuminatus,55.921008510671186,-3.1854850805041774
hNUiO5Nx4zewL7HBPsSW,2017-02-10T08:55:57,Edinburgh,Tree-hole tick,Ixodes arboricola,55.97274579191578,-3.206616398441643
IG3l1a8oRJtvyPKF3rgO,2021-10-20T01:23:04,London,Marsh tick,Ixodes apronophorus,51.46055512273456,-0.15574130085583573
FxupEiF9DCD3LDnkGBnz,2017-04-26T21:46:08,Sheffield,Fox/badger tick,Ixodes canisuga,53.3495489051693,-1.501734145062802
e6rsfodIkBtQQH4e2BiD,2013-02-14T06:01:21,Newcastle,Southern rodent tick,Ixodes acuminatus,54.9704574969206,-1.5840631721178715
6eSLU6MGCz3wSh5UKFN5,2018-10-02T04:13:24,Newcastle,Passerine tick,Dermacentor frontalis,54.99048391345918,-1.5623223494384535
9WcQRkW35tCOyRbwvaz8,2021-05-21T02:08:15,Leicester,Passerine tick,Dermacentor frontalis,52.64886546257532,-1.1088157253428628
BInTrmnfjB0M87GY82MJ,2013-11-21T10:42:25,Bristol,Marsh tick,Ixodes apronophorus,51.49045041611151,-2.592797638321285
Wr4bV3Re1zGCLmZTUiwb,2021-07-01T06:03:24,Sheffield,Marsh tick,Ixodes apronophorus,53.37803443403944,-1.512299539909744
vwAwtCa42vmKmcgy70Vn,2023-08-07T21:57:23,Leicester,Fox/badger tick,Ixodes canisuga,52.59378731811058,-1.149550902142147
Z4CMdXs4IpqgLhIvgtNo,2022-09-03T17:07:32,Bristol,Tree-hole tick,Ixodes arboricola,51.43725266255773,-2.5618889175330595
AWfSPr8mee4CQR8URsVD,2018-02-08T01:12:07,Manchester,Marsh tick,Ixodes apronophorus,53.495499989518166,-2.2103431578536026
tfsEWZQGwOE5HTfVPRS0,2014-02-13T20:33:49,Bristol,Southern rodent tick,Ixodes acuminatus,51.47113981934669,-2.5444207163782284
17KF4VZgcDZRyFfs2bXd,2019-07-19T16:17:59,Glasgow,Fox/badger tick,Ixodes canisuga,55.88257943563886,-4.277849467408269
dnNM8mu5MgXR8UFze0cA,2022-11-18T08:57:51,Liverpool,Fox/badger tick,Ixodes canisuga,53.37584545275587,-3.004157352092733
3KIhIxMpAXjXZLbljrBP,2016-04-03T14:00:37,Glasgow,Southern rodent tick,Ixodes acuminatus,55.83006983992987,-4.208367357056765
ZcCCJVpIlgfPX1KPkX9i,2016-03-01T09:28:37,Leicester,Marsh tick,Ixodes apronophorus,52.65942752530575,-1.1489033923562493
yNHgvuu76nmuhZzOh5Vb,2023-09-27T18:18:01,Newcastle,Tree-hole tick,Ixodes arboricola,54.973021826370164,-1.5641630574278782
tBDEs7jcKlK3ImBdjXeF,2013-10-19T15:57:16,Birmingham,Marsh tick,Ixodes apronophorus,52.448128541604845,-1.8577585180366487
FaOs9NVpdUjcdr9ZoofK,2018-02-27T23:52:42,London,Tree-hole tick,Ixodes arboricola,51.50022941445472,-0.13950534580215376
affWSPHbBB7UVczrpMAf,2024-12-23T06:39:02,Manchester,Southern rodent tick,Ixodes acuminatus,53.51583408464899,-2.29350689394533
vDgGt5UjNxhDVBFon9AS,2024-08-30T17:56:19,Liverpool,Marsh tick,Ixodes apronophorus,53.359660027375035,-2.9428245531330752
B0pcUrBM6WnNlWhVMaQz,2014-03-31T01:30:21,Leicester,Tree-hole tick,Ixodes arboricola,52.614165887083004,-1.1126032014573033
tFpfZYF4gRR0PiJvRmmP,2019-08-21T02:39:25,Edinburgh,Passerine tick,Dermacentor frontalis,55.95442812957748,-3.186979900064017
g741PfqbJ5ovgBDapSLz,2016-05-03T10:34:25,Edinburgh,Fox/badger tick,Ixodes canisuga,55.94018916547576,-3.1438901808589654
GzwgsqiMRGu8zTMVtn6U,2021-03-28T17:42:23,Leeds,Fox/badger tick,Ixodes canisuga,53.798980525877354,-1.566913481896714
4RLJWhFRd83xZY2Fu2Vk,2022-06-29T21:36:28,Liverpool,Tree-hole tick,Ixodes arboricola,53.35254454575042,-3.0205333237536145
mwLgvijNjTVH6HVlxq6h,2023-12-05T07:19:08,Leeds,Passerine tick,Dermacentor frontalis,53.849682236725265,-1.516706003904676
lIPrppLZJ182GqraMR9j,2020-01-15T10:18:38,Birmingham,Marsh tick,Ixodes apronophorus,52.47067627238218,-1.9092598644830112
yrAgc54LPgifH3KuL65U,2019-11-18T15:16:38,Edinburgh,Fox/badger tick,Ixodes canisuga,55.91421202585826,-3.1630731215157564
ZU44YVB5De45ZxJapwvi,2024-11-17T07:40:51,Newcastle,Marsh tick,Ixodes apronophorus,54.935403018557054,-1.574959175580801
o8sR0qTgLkDo3YisGYVD,2013-03-01T15:58:41,Edinburgh,Passerine tick,Dermacentor frontalis,55.91686608640096,-3.2334734408589463
WoAAUYMvcyusSmjfYRYM,2021-11-03T14:51:15,Sheffield,Passerine tick,Dermacentor frontalis,53.38241354246686,-1.4910028596318348
iOZqOURSV09NGZcdZg5L,2021-09-12T03:15:02,Nottingham,Tree-hole tick,Ixodes arboricola,52.94677891248507,-1.1176212400983598
7VXMlHYUA3z07lov9SQl,2017-11-26T20:55:51,Edinburgh,Southern rodent tick,Ixodes acuminatus,55.93994698451931,-3.1741110940276775
BWRfADffJiQVd2hWbyHO,2020-12-26T10:01:22,Manchester,Passerine tick,Dermacentor frontalis,53.48770563767294,-2.2055920780225544
neK1GEjuS2gr6eRqV0r7,2018-10-08T15:25:30,London,Southern rodent tick,Ixodes acuminatus,51.52640092961709,-0.15699859839667332
7Ypw4iCBaUGSP936c4Vh,2017-12-27T04:08:37,Bristol,Southern rodent tick,Ixodes acuminatus,51.43767414777996,-2.5478060810389116
MPQc6aqIlYFnUOE8LlpN,2013-05-15T05:01:12,Nottingham,Marsh tick,Ixodes apronophorus,52.90735011751565,-1.1366738893600348
yNHgvuu76nmuhZzOh5Vb,2023-09-27T18:18:01,Newcastle,Tree-hole tick,Ixodes arboricola,54.995158245456146,-1.6473770548364173
it2Bkt5kYL4L3k8vRBga,2024-10-14T04:16:50,Edinburgh,Fox/badger tick,Ixodes canisuga,55.931149386306394,-3.1913787901101442
q5ftGL2DA1JMkd78shyS,2018-04-28T01:25:12,Birmingham,Tree-hole tick,Ixodes arboricola,52.44285210941292,-1.8751203840746762
DdWFt7bzVfQ9jnS2BDV6,2024-12-17T08:45:04,Sheffield,Marsh tick,Ixodes apronophorus,53.34574822653314,-1.4698689618838083
hqD7YiGFNi09rc5OAtdD,2020-08-05T13:40:01,Leeds,Marsh tick,Ixodes apronophorus,53.820528864015195,-1.5936233559951345
NiX9S6v7vKzEkjGwmjpn,2013-06-20T23:44:17,Manchester,Fox/badger tick,Ixodes canisuga,53.47220259730379,-2.2777450440297695
5QiPc4W0jJqy2xV4pGx8,2012-05-11T15:10:47,Glasgow,Fox/badger tick,Ixodes canisuga,55.900991628464126,-4.2330664445588635
kMGKlLilj6IRqsWkDiKK,2017-10-20T04:38:05,Bristol,Tree-hole tick,Ixodes arboricola,51.48724280247755,-2.567478228001903
wKW9dpCM9k4IPZvirQHC,2012-12-06T21:32:36,Sheffield,Southern rodent tick,Ixodes acuminatus,53.355909698112505,-1.483152045957505
hQL5KLQZoLV9Dk69QLMA,2018-01-22T06:05:29,Cardiff,Southern rodent tick,Ixodes acuminatus,51.43907215306273,-3.1646519128032025
f6ldSaYc7P8AJbA8O7wJ,2015-10-10T12:46:29,Southampton,Southern rodent tick,Ixodes acuminatus,50.86485118630916,-1.4332997092523803
QUH9aKMRXOkJMvTS1set,2014-01-28T00:35:34,Liverpool,Fox/badger tick,Ixodes canisuga,53.41513022763497,-2.935181784349491
sojykRuhbh0mifCYogHu,2013-04-19T01:23:32,Sheffield,Fox/badger tick,Ixodes canisuga,53.36408117798978,-1.477898919047911
CAhFkgnSiR1mtNS1ndrC,2017-05-19T15:04:17,Liverpool,Tree-hole tick,Ixodes arboricola,53.41894828758692,-3.0184677362590637
hQL5KLQZoLV9Dk69QLMA,2018-01-22T06:05:29,Cardiff,Southern rodent tick,Ixodes acuminatus,51.5282543702648,-3.2215792975164512
pwIyJRMLVjGAGweOsVY7,2024-01-07T08:30:08,Sheffield,Tree-hole tick,Ixodes arboricola,53.34318794935138,-1.4616863642818254
YEBzydoyDCYkq8CVy8xz,2020-05-01T03:17:01,Leeds,Passerine tick,Dermacentor frontalis,53.807403750883545,-1.5534996026814032
sJ19ePbILqrRK0d7L5eZ,2016-11-05T06:50:53,Bristol,Passerine tick,Dermacentor frontalis,51.50409756813071,-2.5904718723533575
dV9s3G8Wqp2WmFq5EONw,2021-11-16T18:28:35,Nottingham,Fox/badger tick,Ixodes canisuga,52.98363753238917,-1.1469927638294237
txC2OFPJE6Ge5Ew4nTSR,2014-03-11T19:57:52,Birmingham,Fox/badger tick,Ixodes canisuga,52.44956664513385,-1.9295253238905758
Sanrw1L3Ezqnomr7BhXW,2021-12-23T06:22:50,Birmingham,Tree-hole tick,Ixodes arboricola,52.539213382508336,-1.90971332130184
xYQWwkwXCwm3vRn3xU3T,2016-10-29T17:56:02,Cardiff,Tree-hole tick,Ixodes arboricola,51.479934591348716,-3.181055994223236
YEBzydoyDCYkq8CVy8xz,2020-05-01T03:17:01,Leeds,Passerine tick,Dermacentor frontalis,53.78012504633313,-1.5055806563381908
DFosZYapObv5xw6zVp70,2024-10-08T09:02:11,Nottingham,Marsh tick,Ixodes apronophorus,52.996418905088596,-1.1219645344897269
JE4E9TpWLx3PjClnLltW,2016-03-24T10:03:49,Southampton,Marsh tick,Ixodes apronophorus,50.90626908705579,-1.3647944504924097
iGzZukRFlnPhK0xWVnaz,2023-01-08T08:08:21,Liverpool,Fox/badger tick,Ixodes canisuga,53.368287026566236,-3.0254198228576294
GzwgsqiMRGu8zTMVtn6U,2021-03-28T17:42:23,Leeds,Fox/badger tick,Ixodes canisuga,53.78571816150645,-1.5051750941434743
K8R27D3M88flP3QkE8C8,2022-06-29T10:37:20,Liverpool,Passerine tick,Dermacentor frontalis,53.3707135404012,-2.960676904839239
fJgivXeKY7D82ijGc1zy,2022-10-01T05:04:14,Leeds,Passerine tick,Dermacentor frontalis,53.82419880607825,-1.5445709113340973
yS8ITHjzu1gt3pUYg1sq,2013-10-24T04:00:37,Liverpool,Tree-hole tick,Ixodes arboricola,53.379567699826644,-2.939158954907432
f64PnB4dtR23Nxp67VR2,2019-09-25T13:59:52,Nottingham,Passerine tick,Dermacentor frontalis,52.92960958656057,-1.1178379448688125
DdWFt7bzVfQ9jnS2BDV6,2024-12-17T08:45:04,Sheffield,Marsh tick,Ixodes apronophorus,53.41959088129136,-1.4752971607919478
Qja61JLngwkuAxn62eXE,2015-12-05T06:49:20,Leeds,Passerine tick,Dermacentor frontalis,53.81775110745058,-1.5277434891990602
fhpi12COUkTyMLGA8e71,2023-12-11T16:35:06,Manchester,Tree-hole tick,Ixodes arboricola,53.45064872363607,-2.282452095380693
aXWdsw1UK7XvWoxWsEaZ,2013-04-12T00:54:30,Edinburgh,Fox/badger tick,Ixodes canisuga,56.00170846057829,-3.2036216949262255
ETxuaOa9OkUAyfM7brLn,2013-09-12T16:40:28,Bristol,Fox/badger tick,Ixodes canisuga,51.43259350347869,-2.6040433681262316
6pU9CjVB3BlQFa2PMBlm,2021-03-29T04:38:34,Leeds,Passerine tick,Dermacentor frontalis,53.7877070492398,-1.5054041070822821
rAKQCU9kGbzl21VPN67J,2018-11-06T04:18:32,London,Passerine tick,Dermacentor frontalis,51.54358562931253,-0.11033115360363843
bjgCNFIrXiTJVF1uj1Px,2019-07-06T06:58:42,Liverpool,Southern rodent tick,Ixodes acuminatus,53.43419746628829,-2.9568537393819323
p9ZvVRFJKo8cyCfAnqKY,2020-06-20T21:26:08,Bristol,Fox/badger tick,Ixodes canisuga,51.48993113905682,-2.58154031148386
ayoIraRlZW4gtkUyV8UN,2016-06-24T10:02:06,Leeds,Southern rodent tick,Ixodes acuminatus,53.84402364311018,-1.5853899193405094
FgKVi70vRyCuyER9kZWT,2016-10-07T22:28:07,Southampton,Tree-hole tick,Ixodes arboricola,50.89703395398123,-1.398205049307936
kLY588unNh5Nj4DWz5c7,2022-10-16T06:08:16,Birmingham,Fox/badger tick,Ixodes canisuga,52.5310541812415,-1.9240012909484265
Ez30oqT6mFRyiCrzdK1J,2015-07-08T20:25:50,Birmingham,Marsh tick,Ixodes apronophorus,52.5173596179873,-1.863016422738584
DFOXJECOHLIgurUbkGDe,2016-04-10T01:13:44,Glasgow,Southern rodent tick,Ixodes acuminatus,55.871158982982,-4.24078049500839
bQErgW9gwJlW9eXbT45x,2013-08-30T07:36:43,Leicester,Tree-hole tick,Ixodes arboricola,52.60863905948571,-1.1049097572289566
gGXXfRChVwUu5HXV6n1s,2012-02-11T03:28:53,Leicester,Fox/badger tick,Ixodes canisuga,52.64353543953427,-1.1439179850919312
3KIhIxMpAXjXZLbljrBP,2016-04-03T14:00:37,Glasgow,Southern rodent tick,Ixodes acuminatus,55.81966372749896,-4.213194546245644
ZwgC8qSB2hppBh4cnKt6,2017-07-20T18:59:41,Cardiff,Marsh tick,Ixodes apronophorus,51.52658150240059,-3.164898459679848
SIQ8Ou0QGQoOhxDgsNX7,2020-10-25T04:45:34,Southampton,Passerine tick,Dermacentor frontalis,50.92584597988722,-1.4003950067574227
ttomh5LiyE6AvMXkGyqv,2014-04-08T23:45:52,London,Fox/badger tick,Ixodes canisuga,51.53613393880122,-0.06830145127374117
jvNRAmvwl6r2bxwuiCD2,2023-09-09T03:03:47,Cardiff,Tree-hole tick,Ixodes arboricola,51.46461362167725,-3.1329080798738334
AVB48apRwFQaBP2pbWnS,2012-04-22T15:10:25,Cardiff,Southern rodent tick,Ixodes acuminatus,51.4474567289741,-3.1661819382840037
NWGsV7RVmEZp3wj1bIxl,2022-12-04T12:45:44,Southampton,Fox/badger tick,Ixodes canisuga,50.93698137609169,-1.3832656919156723
lGMFSErS6WoC1aJWjvCj,2020-11-29T03:08:49,London,Tree-hole tick,Ixodes arboricola,51.55480128448117,-0.09628632416026925
umDl7UzIWiBB3qb2vM5H,2014-07-08T16:37:15,Manchester,Passerine tick,Dermacentor frontalis,53.53155025886258,-2.2563163114836033
JNZVfqZeneYioQad0xWN,2018-08-08T09:53:10,Bristol,Marsh tick,Ixodes apronophorus,51.484015763995174,-2.5581216192128586
aGLWEbTuIjion51zmJtm,2024-05-14T07:06:31,Manchester,Marsh tick,Ixodes apronophorus,53.507356709610974,-2.2347723098995536
HlwX1As41KVOnWAkXheg,2022-02-20T17:49:07,Cardiff,Southern rodent tick,Ixodes acuminatus,51.44394190115447,-3.1397926698131897
NUOOTyC6iq50ShVwudRq,2017-11-08T21:13:39,Edinburgh,Marsh tick,Ixodes apronophorus,55.964436338097336,-3.1947967590011723
srhcxv1CgtCUYLcBY0fC,2020-01-18T10:49:41,Glasgow,Marsh tick,Ixodes apronophorus,55.86424964250614,-4.220168084846149
zioQC3eCsCL3gn94x7az,2019-06-22T21:29:54,Sheffield,Fox/badger tick,Ixodes canisuga,53.34384525981545,-1.5158687314555126
3KIhIxMpAXjXZLbljrBP,2016-04-03T14:00:37,Glasgow,Southern rodent tick,Ixodes acuminatus,55.90115675927423,-4.22746985456313
S1jE6Ibzu9QnHojSUDM1,2019-10-27T00:52:57,Cardiff,Tree-hole tick,Ixodes arboricola,51.527003062836364,-3.146585463173034
7m41XvCHtxrkq7yhOz0u,2016-02-25T06:35:51,Sheffield,Fox/badger tick,Ixodes canisuga,53.344405930215515,-1.4869464471731697
aXWdsw1UK7XvWoxWsEaZ,2013-04-12T00:54:30,Edinburgh,Fox/badger tick,Ixodes canisuga,55.94646857483617,-3.219381191578966
lDGKgtzpyXA5ZUvuyNQK,2012-04-17T21:09:23,Southampton,Tree-hole tick,Ixodes arboricola,50.875922362519674,-1.3978301357239915
GzwgsqiMRGu8zTMVtn6U,2021-03-28T17:42:23,Leeds,Fox/badger tick,Ixodes canisuga,53.765266455683026,-1.5346983516994954
eAZjRDHT5hlrRAQfLUvy,2015-03-27T07:14:36,Newcastle,Tree-hole tick,Ixodes arboricola,54.97929109105862,-1.604844209089567
WoAAUYMvcyusSmjfYRYM,2021-11-03T14:51:15,Sheffield,Passerine tick,Dermacentor frontalis,53.36596134005517,-1.457497769984015
fhpi12COUkTyMLGA8e71,2023-12-11T16:35:06,Manchester,Tree-hole tick,Ixodes arboricola,53.47718014917175,-2.2266096824667714
Yy6TK974FssktnQYgeah,2017-06-01T23:27:58,Bristol,Fox/badger tick,Ixodes canisuga,51.40731113410488,-2.5948203083878694
45giE11e9oGHGyOXa7Cn,2023-08-11T19:58:57,Edinburgh,Marsh tick,Ixodes apronophorus,55.92087980433051,-3.232853946787054
b9qnPji0CrdIvb21x7wd,2017-10-02T04:10:52,Sheffield,Tree-hole tick,Ixodes arboricola,53.339970658615485,-1.4432495292288279
1c59JwAnHry7SIbs2yfm,2015-06-11T01:55:27,Nottingham,Passerine tick,Dermacentor frontalis,52.909633687502684,-1.1649216152920565
Rxxb163HwD4KgxBRb7CJ,2023-02-18T09:17:17,Leeds,Passerine tick,Dermacentor frontalis,53.799305495334146,-1.572720782485386
xCn6dLnxzD5v5PiYPorL,2013-02-12T08:47:25,Sheffield,Tree-hole tick,Ixodes arboricola,53.3597531044881,-1.418170039506949
Sanrw1L3Ezqnomr7BhXW,2021-12-23T06:22:50,Birmingham,Tree-hole tick,Ixodes arboricola,52.47400457370952,-1.8989007414756176
l0sELH3wvhMbGLiF97XS,2022-06-21T14:26:05,Cardiff,Tree-hole tick,Ixodes arboricola,51.46366289284327,-3.1857504287986056
c1rQLWCGrk5BbpN8oSI5,2016-07-15T21:39:21,Birmingham,Tree-hole tick,Ixodes arboricola,52.48280275250833,-1.9030579705815092
3haE5ThpcoVM0rK52S0M,2013-08-08T00:19:41,Glasgow,Passerine tick,Dermacentor frontalis,55.839268258801255,-4.236032926055516
mkP5Moftu80FLb0JgTIa,2012-09-26T22:46:23,Sheffield,Marsh tick,Ixodes apronophorus,53.40695711780809,-1.4465656109571448
UpFq4j9SEeQ4qhNW9C0m,2013-12-23T04:25:43,Newcastle,Southern rodent tick,Ixodes acuminatus,54.92499469462771,-1.643563832671705
ZwgC8qSB2hppBh4cnKt6,2017-07-20T18:59:41,Cardiff,Marsh tick,Ixodes apronophorus,51.43417096549024,-3.1970706231753727
aIEBQ6Jj2ai6iVx4l3dl,2018-07-22T22:25:12,Nottingham,Marsh tick,Ixodes apronophorus,52.96830453509072,-1.1129954593665046
yNHgvuu76nmuhZzOh5Vb,2023-09-27T18:18:01,Newcastle,Tree-hole tick,Ixodes arboricola,54.99908230747089,-1.56733454934717
g8ACvfJ9Zv4CnfvNWG9F,2019-05-12T00:30:51,London,Passerine tick,Dermacentor frontalis,51.47447949431567,-0.13783132417105493
NmJMyfl2AhO9fHteFTBC,2015-03-05T17:58:29,Nottingham,Passerine tick,Dermacentor frontalis,52.976201193117106,-1.1418306468628066
K4Fs8p4nH7x9EUjm7sOe,2014-07-27T17:40:18,Liverpool,Southern rodent tick,Ixodes acuminatus,53.39243873911698,-2.9747005056309583
CV36uy2FyopM3k0UF20F,2014-06-30T23:26:17,Edinburgh,Fox/badger tick,Ixodes canisuga,55.9665235169414,-3.189922168609274
o5NUmQARj3P60J3Q7AUV,2020-11-22T16:01:36,Leicester,Passerine tick,Dermacentor frontalis,52.6614364369779,-1.125514595390409
kfC5SGYUvq7wue1Q9xai,2014-04-30T14:20:17,Nottingham,Fox/badger tick,Ixodes canisuga,52.98160135879522,-1.1677120397451997
Pf7hGU9Blam4UuIaLx0U,2016-08-01T08:34:55,Leicester,Passerine tick,Dermacentor frontalis,52.64026998914609,-1.0950686954221052
oZwDASwDKwiSzQqcPUg9,2014-07-08T04:48:34,Newcastle,Marsh tick,Ixodes apronophorus,54.94228479348542,-1.6282702806548908
Zt3sufhZaf1NIZk8FBun,2019-03-17T08:28:51,Bristol,Passerine tick,Dermacentor frontalis,51.45088832044747,-2.610466563366794
44F6xF2nAR63JLoudJTH,2018-03-11T00:59:26,Birmingham,Marsh tick,Ixodes apronophorus,52.53310822714287,-1.8613649345845242
b9qimwpCQXNHSxOOdhbl,2024-02-22T04:12:55,Edinburgh,Marsh tick,Ixodes apronophorus,55.96728047207128,-3.2136224989402824
M28JMO91pz8UXy3lI9kg,2014-08-16T15:51:50,Glasgow,Marsh tick,Ixodes apronophorus,55.84348226299879,-4.24396284717301
9v7TGhrB7HraQqUm6JmK,2024-10-20T07:20:12,Cardiff,Tree-hole tick,Ixodes arboricola,51.458674778916375,-3.144394335194542
v8kmhKkvYXS9RjiRPtx0,2021-01-29T21:26:32,Birmingham,Southern rodent tick,Ixodes acuminatus,52.51086021862506,-1.941098675848419
mBpKzd3Ld0fODlAarKJ3,2012-06-07T08:50:08,Bristol,Passerine tick,Dermacentor frontalis,51.41495952562292,-2.5833018216128996
czhlbDCviOsNpjbbKzXd,2012-10-04T18:17:06,Leeds,Fox/badger tick,Ixodes canisuga,53.79938034565603,-1.5741120866766949
Cwbsm7HBoaXS7sArujWB,2017-12-27T08:51:05,Sheffield,Passerine tick,Dermacentor frontalis,53.37710375361828,-1.4536970721699318
FQ6HktxRWqNcDv924ONW,2023-03-30T04:21:12,Leeds,Passerine tick,Dermacentor frontalis,53.75900718676594,-1.5412500181034117
O5v4y1JUJ8TonagDIJiV,2019-04-01T01:14:11,Southampton,Tree-hole tick,Ixodes arboricola,50.93270192282079,-1.4200533581526698
MY4lwoNR7cDBQm8SBbR5,2022-08-31T07:56:35,Glasgow,Fox/badger tick,Ixodes canisuga,55.871745144095854,-4.27752340298878
ejnyhBc0tUnoeo2FUPi9,2013-08-07T04:01:04,Bristol,Fox/badger tick,Ixodes canisuga,51.42097002397204,-2.5563565139255453
Rm6El8DBtbOzO3uyw8i4,2014-12-13T15:04:33,London,Southern rodent tick,Ixodes acuminatus,51.51267773432437,-0.13171714706800108
p5nJlgUQjNEN2YMkEYJz,2018-03-16T15:46:41,Leicester,Passerine tick,Dermacentor frontalis,52.62885040350407,-1.1177777612259048
Sanrw1L3Ezqnomr7BhXW,2021-12-23T06:22:50,Birmingham,Tree-hole tick,Ixodes arboricola,52.45815528034422,-1.8542754186954218
hBdKD2gPCKJ1eqHdir08,2016-11-23T22:03:59,Leicester,Southern rodent tick,Ixodes acuminatus,52.58349967461636,-1.1570987635909815
4Ro2iFhtdF2SGit1gzOH,2020-06-25T00:44:33,Bristol,Southern rodent tick,Ixodes acuminatus,51.46625579029988,-2.56292989434352
q3A3ELlkRrFi5vzIma8H,2021-08-14T10:20:22,Nottingham,Marsh tick,Ixodes apronophorus,52.903894442062644,-1.1108041333961765
6UVP1rzrW23gvOm2oxT3,2020-01-13T03:59:56,Sheffield,Southern rodent tick,Ixodes acuminatus,53.429367112966034,-1.4494176034983843
XnpF1cFW4xptVAieGp9l,2014-09-28T06:50:44,Newcastle,Tree-hole tick,Ixodes arboricola,54.958241166248776,-1.62706228534019
NVRIZodO1nDSiQ5Ls74m,2018-07-08T15:25:40,Birmingham,Marsh tick,Ixodes apronophorus,52.455114461625996,-1.8991503396997171
umuS63t3bRbH0RVLvrjm,2021-09-14T03:25:34,Cardiff,Marsh tick,Ixodes apronophorus,51.493159571039484,-3.150179797378426
Cwbsm7HBoaXS7sArujWB,2017-12-27T08:51:05,Sheffield,Passerine tick,Dermacentor frontalis,53.43088796000167,-1.46120974774754
mOMdnLwXSFYV3Hhx1lpj,2019-09-28T10:00:48,Glasgow,Passerine tick,Dermacentor frontalis,55.82006915218624,-4.239496459307505
dbLMb8VShDS9UXQK3wjc,2024-02-22T08:01:16,Cardiff,Marsh tick,Ixodes apronophorus,51.5088684904971,-3.139809672804066
dFChDx2mevpRdaNVwiEG,2018-04-08T18:02:41,Cardiff,Passerine tick,Dermacentor frontalis,51.52635798755879,-3.148039493274187
xYQWwkwXCwm3vRn3xU3T,2016-10-29T17:56:02,Cardiff,Tree-hole tick,Ixodes arboricola,51.44719324733882,-3.166847502380631
L24cKfajwi1B6as4rZLA,2021-01-13T21:44:12,Nottingham,Southern rodent tick,Ixodes acuminatus,52.960507704607984,-1.1252424418075415
5obLk5ADwtVMaHP8mvRZ,2019-07-17T13:49:20,Bristol,Fox/badger tick,Ixodes canisuga,51.426435455362075,-2.618563012066303
ya20Hxs21ULk3VUmjLJs,2016-07-18T11:21:31,Glasgow,Fox/badger tick,Ixodes canisuga,55.81383043519495,-4.280802716360606
w2zf0126GQ0RHARAl8FG,2021-08-15T01:29:47,Leeds,Fox/badger tick,Ixodes canisuga,53.76629079105305,-1.5693500585096727
0sRQsA0wItCftZQFkJuG,2019-12-19T20:33:10,Edinburgh,Fox/badger tick,Ixodes canisuga,55.922891453118595,-3.1787609912578425
oOGITwX7NdhwQpvM9zdh,2017-05-21T22:11:04,Birmingham,Passerine tick,Dermacentor frontalis,52.508355141387675,-1.8957455995721821
O8KJXNlxW87DvuRcGiuD,2012-02-26T23:24:33,Edinburgh,Passerine tick,Dermacentor frontalis,55.96605916902377,-3.1667808591694513
ZxZErv884fSgqrXnyVCU,2020-11-08T01:01:38,Birmingham,Southern rodent tick,Ixodes acuminatus,52.485243680795506,-1.9285599840356946
9bCXNxlovKkRxtdPxMyO,2019-10-03T20:40:24,Glasgow,Tree-hole tick,Ixodes arboricola,55.89096125739582,-4.2108962234445455
KAKbx5v5GpqDNu5Fq44D,2018-11-24T07:08:32,Glasgow,Tree-hole tick,Ixodes arboricola,55.896719684975146,-4.23248711791007
baknOjdKDYF2oNmtfL6q,2022-07-17T04:22:02,Edinburgh,Southern rodent tick,Ixodes acuminatus,55.97771227764236,-3.218279888575534
vKvwfpPzfYOMCN5xu57s,2020-03-11T02:00:04,Liverpool,Tree-hole tick,Ixodes arboricola,53.43735583652303,-2.9832063802674176
mlaoEgkf4u4ekmG2HtmA,2016-12-21T05:59:55,Bristol,Fox/badger tick,Ixodes canisuga,51.440242256659104,-2.6163844572154926
pwIyJRMLVjGAGweOsVY7,2024-01-07T08:30:08,Sheffield,Tree-hole tick,Ixodes arboricola,53.34856906586718,-1.4482520026135834
RKKviq68whgZqyzu1DWf,2018-02-13T00:20:23,Manchester,Southern rodent tick,Ixodes acuminatus,53.449925503178086,-2.267839479931459
Z4CMdXs4IpqgLhIvgtNo,2022-09-03T17:07:32,Bristol,Tree-hole tick,Ixodes arboricola,51.46163124683352,-2.5769173790566153
aI3eNTq4eWwOsLrTsyoJ,2022-11-13T18:06:39,Birmingham,Passerine tick,Dermacentor frontalis,52.52409434441295,-1.9403450815937486
rhUdZ61v0sJpiarTDNJ3,2023-11-30T20:57:07,Nottingham,Passerine tick,Dermacentor frontalis,52.96571594556413,-1.1631337424646622
iOZqOURSV09NGZcdZg5L,2021-09-12T03:15:02,Nottingham,Tree-hole tick,Ixodes arboricola,52.9367290401072,-1.1358666329442366
2ad68NvzFdRp5BIBN0e1,2022-03-28T06:06:58,Birmingham,Passerine tick,Dermacentor frontalis,52.504569843782996,-1.9466018465892614
fHlDml3EJip0xDUfVRY6,2017-06-24T05:07:19,Sheffield,Marsh tick,Ixodes apronophorus,53.43026833215184,-1.5025423462830172
3haE5ThpcoVM0rK52S0M,2013-08-08T00:19:41,Glasgow,Passerine tick,Dermacentor frontalis,55.87344169294669,-4.2309536335922315
xYQWwkwXCwm3vRn3xU3T,2016-10-29T17:56:02,Cardiff,Tree-hole tick,Ixodes arboricola,51.51408099226375,-3.224433724583687
LlssYw9JjCTckb9o0Z74,2015-08-28T09:33:56,Nottingham,Southern rodent tick,Ixodes acuminatus,52.96456640056119,-1.1099501103429539
yCnT5AExmdUzu51zrqcS,2021-01-13T18:53:35,Glasgow,Tree-hole tick,Ixodes arboricola,55.905156444847535,-4.259554862366329
2OCxVnctUCuzA4nS3aIX,2023-03-20T22:00:35,Bristol,Southern rodent tick,Ixodes acuminatus,51.4981237128636,-2.613281294212366
SP2ErFEQniZMZ4ixW9K9,2023-04-08T02:41:39,Leeds,Passerine tick,Dermacentor frontalis,53.78159442786879,-1.5937188457012124
Q2Uu4nErrOta0O6hi6Z4,2014-12-19T11:51:09,London,Marsh tick,Ixodes apronophorus,51.48052220031231,-0.157048948971925
ugzxj8porcW6Y20NuCIe,2013-02-27T15:57:07,Nottingham,Southern rodent tick,Ixodes acuminatus,52.90722063904051,-1.1063728794849563
UefEW8QH90qhBnyXsmqS,2015-06-13T02:11:15,Edinburgh,Marsh tick,Ixodes apronophorus,56.00222760619734,-3.234825749595206
rK46AJDNoDva6oPJMK5p,2015-05-25T09:14:20,Sheffield,Fox/badger tick,Ixodes canisuga,53.37355222807967,-1.4580195380437015
REWT5KqcfASeZFsst5Ml,2013-12-23T00:50:28,Glasgow,Southern rodent tick,Ixodes acuminatus,55.851031195659814,-4.279747852391686
YwSwSKm7KE7JpjrdkvCl,2012-07-02T14:27:07,Edinburgh,Southern rodent tick,Ixodes acuminatus,55.96064545985927,-3.205784005426156
oNybNvMJNb9qglO7URUO,2018-08-19T15:55:00,Bristol,Tree-hole tick,Ixodes arboricola,51.42793459725473,-2.6135806720494337
5ct4qdYjEDARY4ki9iL1,2012-08-20T19:15:53,Sheffield,Tree-hole tick,Ixodes arboricola,53.37470628792035,-1.4826508841366048
HlwX1As41KVOnWAkXheg,2022-02-20T17:49:07,Cardiff,Southern rodent tick,Ixodes acuminatus,51.5136968771488,-3.163289481137764
oZwDASwDKwiSzQqcPUg9,2014-07-08T04:48:34,Newcastle,Marsh tick,Ixodes apronophorus,54.97743739349016,-1.592065029482904
NMvi6cL8q3imjBSewQRk,2015-05-10T20:50:06,Leicester,Tree-hole tick,Ixodes arboricola,52.61985924569562,-1.1037855933711311
SuhVPGoA7RUxS8TVxmFu,2013-08-12T06:50:38,Newcastle,Passerine tick,Dermacentor frontalis,54.91814701339748,-1.6209848244881158
dKLXu0wZpgi692l9m5Zc,2012-12-28T11:15:01,Birmingham,Passerine tick,Dermacentor frontalis,52.52869072019737,-1.8678935665277434
DdWFt7bzVfQ9jnS2BDV6,2024-12-17T08:45:04,Sheffield,Marsh tick,Ixodes apronophorus,53.342642954688166,-1.4312083543648524
JEdr5UCUnujGMVr5K97V,2019-11-12T12:13:36,Nottingham,Tree-hole tick,Ixodes arboricola,52.919166204639815,-1.1620930671083805
HkhkMq9yolI7T8y8QgIV,2015-05-09T06:41:08,Cardiff,Tree-hole tick,Ixodes arboricola,51.504878848549254,-3.189663571402357
eCdH9oLtvPcyRwHgdVeq,2024-08-05T18:26:09,Southampton,Passerine tick,Dermacentor frontalis,50.869273264445205,-1.4189101269551039
D433j2BmBgVJBXQczRXW,2012-11-09T03:28:28,Sheffield,Passerine tick,Dermacentor frontalis,53.34296792538393,-1.4279514699192517
PYbn1uI7kY8DUIZhPhwU,2023-11-04T13:31:18,Bristol,Passerine tick,Dermacentor frontalis,51.47198353908426,-2.6246039824653384
hLfJFsnPxeBOsrbQUVtL,2023-11-24T21:28:09,Leeds,Passerine tick,Dermacentor frontalis,53.765129046966784,-1.527598895003125
txC2OFPJE6Ge5Ew4nTSR,2014-03-11T19:57:52,Birmingham,Fox/badger tick,Ixodes canisuga,52.48367987450611,-1.859336229314471
8QjHL9AYfAD2BNUS0J8p,2015-06-16T21:03:18,Liverpool,Southern rodent tick,Ixodes acuminatus,53.39320838781349,-3.0218933367956096
0PPxLMBVzgqsoA8ExrkR,2022-02-03T15:49:52,Sheffield,Fox/badger tick,Ixodes canisuga,53.3459565325743,-1.4665897982606155
CL0xiYDZIjJLpMDJOe2V,2014-08-14T23:46:15,Liverpool,Tree-hole tick,Ixodes arboricola,53.42034780692971,-2.944687977634048
PLXp8OveG1forG7wdxw1,2021-12-16T13:23:29,Nottingham,Southern rodent tick,Ixodes acuminatus,52.913108970557026,-1.1195247175573702
gMjI1QGSQ0fddeAYTFJc,2023-12-19T06:20:56,Bristol,Tree-hole tick,Ixodes arboricola,51.49880524520123,-2.586315343913699
0YAF6rRZ8QL8n47OGxcJ,2019-01-30T07:47:29,Liverpool,Southern rodent tick,Ixodes acuminatus,53.373269199214704,-3.0177151730743805
vJ5hAN6KuhjDgF5Jx92r,2014-07-30T23:59:26,Newcastle,Passerine tick,Dermacentor frontalis,54.97281670790087,-1.634246436643714
EyCsXBBNAjzSGGTRVpjt,2013-12-23T19:30:23,Newcastle,Tree-hole tick,Ixodes arboricola,54.99387297698259,-1.59874429026197
oyE1pvmNhi9d4Aq7sYin,2013-09-10T20:50:09,Manchester,Southern rodent tick,Ixodes acuminatus,53.48988786365537,-2.242565595577566
uiW7clRJNBo3PPOOl1xT,2022-11-12T08:17:01,Birmingham,Fox/badger tick,Ixodes canisuga,52.465498448465254,-1.8882303400266258
NaX0oRZbPKVVotfIMm3M,2013-12-29T14:55:23,Birmingham,Southern rodent tick,Ixodes acuminatus,52.47445368527529,-1.8908331366601203
q5ftGL2DA1JMkd78shyS,2018-04-28T01:25:12,Birmingham,Tree-hole tick,Ixodes arboricola,52.52056185173254,-1.881434904224608
WTchOPSD8sGZ8hJiwBBR,2014-01-30T09:52:48,Sheffield,Marsh tick,Ixodes apronophorus,53.40295063895022,-1.473521486074534
NYY64XSpeCcxPjoaVhWV,2020-07-10T21:02:16,Newcastle,Fox/badger tick,Ixodes canisuga,54.93825404758428,-1.566628045822905
SbIuGoEWGy7G35098F4E,2012-02-16T21:40:11,Leeds,Marsh tick,Ixodes apronophorus,53.76616918284397,-1.5907850280172644
RSocILpYMa6IG7DJDdSE,2018-11-19T07:53:07,Birmingham,Tree-hole tick,Ixodes arboricola,52.45308803317532,-1.9042110133362762
Hl56tj9pHF0KxoORz0uz,2024-03-30T20:29:12,Liverpool,Tree-hole tick,Ixodes arboricola,53.3846423032173,-2.972528484594079
Rm6El8DBtbOzO3uyw8i4,2014-12-13T15:04:33,London,Southern rodent tick,Ixodes acuminatus,51.47851900192904,-0.09135645235617669
JlbiMKQsVEa0JNfUVdlR,2017-07-01T18:17:33,Birmingham,Marsh tick,Ixodes apronophorus,52.48039927090963,-1.8863957616743088
w6J5IXRhUNu1e9BdoyTM,2015-09-23T05:34:25,Liverpool,Fox/badger tick,Ixodes canisuga,53.40528943732674,-2.935983803769722
u6Ue44eJVDFLOcoU2EJB,2022-08-21T21:24:41,Cardiff,Southern rodent tick,Ixodes acuminatus,51.52618613556449,-3.1725866817315787
xtOXJPkACNaghDJ13hNM,2017-11-14T05:58:35,Birmingham,Southern rodent tick,Ixodes acuminatus,52.48046383125828,-1.9436541691550566
mBpKzd3Ld0fODlAarKJ3,2012-06-07T08:50:08,Bristol,Passerine tick,Dermacentor frontalis,51.480622889853734,-2.6001072557291636
Zojo3wSCPL0hBNIMHeny,2015-02-09T22:06:52,Bristol,Marsh tick,Ixodes apronophorus,51.41622807551196,-2.5411305950642915
YQ3Mfdm7FjdUPSNdU8nm,2015-12-19T19:01:54,Cardiff,Passerine tick,Dermacentor frontalis,51.51076027564855,-3.203860804636264
qAmDyhdh8AmLiVv4wPmz,2020-10-29T04:15:36,Edinburgh,Fox/badger tick,Ixodes canisuga,55.9235506327933,-3.1986457987427634
rAKQCU9kGbzl21VPN67J,2018-11-06T04:18:32,London,Passerine tick,Dermacentor frontalis,51.53003342878762,-0.1337803710143527
lh356ewKR3sjDka3ur8g,2024-08-22T09:32:29,Edinburgh,Fox/badger tick,Ixodes canisuga,55.92976122287016,-3.170447433897135
jhZLsXznSeliftQ6bCRH,2015-11-08T01:49:49,Manchester,Marsh tick,Ixodes apronophorus,53.52998097201019,-2.2586143568324233
IUN8JPXJPQmBBdbs3vid,2012-01-13T01:23:34,Birmingham,Tree-hole tick,Ixodes arboricola,52.44434856748033,-1.8705767156014577
j6lpbYaHTkusLv3aPB3k,2016-02-26T10:32:41,Nottingham,Tree-hole tick,Ixodes arboricola,52.986124864062845,-1.1913624444908988
48gLN6vogVwvd36ZJjVL,2023-12-06T14:02:08,Edinburgh,Marsh tick,Ixodes apronophorus,55.986930799709796,-3.2293894540849983
vu9k3oRyy2BQskX6rBO9,2012-01-03T20:40:43,Edinburgh,Marsh tick,Ixodes apronophorus,55.928014243534655,-3.2076296915071927
SdJUQEc97S9mB6QYd6DO,2019-07-14T11:32:39,Manchester,Tree-hole tick,Ixodes arboricola,53.49154978778813,-2.205400892001025
M28JMO91pz8UXy3lI9kg,2014-08-16T15:51:50,Glasgow,Marsh tick,Ixodes apronophorus,55.83747659450907,-4.254979191991258
P4RcgvT0aGIrY5wcoHlZ,2019-05-14T12:08:58,Glasgow,Marsh tick,Ixodes apronophorus,55.89183104584966,-4.2904964461640605
44F6xF2nAR63JLoudJTH,2018-03-11T00:59:26,Birmingham,Marsh tick,Ixodes apronophorus,52.455825359454344,-1.9293767504105719
ZUT3XVKMqXdWjlAzZg9L,2023-02-13T03:36:29,Cardiff,Passerine tick,Dermacentor frontalis,51.51104850365429,-3.1931532047709625
SuhVPGoA7RUxS8TVxmFu,2013-08-12T06:50:38,Newcastle,Passerine tick,Dermacentor frontalis,54.99780874238386,-1.568679961608346
GiLwoOFJlY5I8VxNUOWf,2019-07-15T19:35:14,Southampton,Marsh tick,Ixodes apronophorus,50.88521376284362,-1.4174034802233937
UB17IA9O1EtRAuGYgiI1,2015-06-17T12:51:50,Bristol,Tree-hole tick,Ixodes arboricola,51.488360143187634,-2.636900028299768
9ylWW5ksm6XXVW59L6Mq,2019-11-18T03:47:55,Bristol,Tree-hole tick,Ixodes arboricola,51.46953164136736,-2.6351954467417498
yl9lTO5wvQSIlr27fwQd,2013-02-01T22:28:37,Newcastle,Passerine tick,Dermacentor frontalis,55.01291398664632,-1.6452606628551474
D433j2BmBgVJBXQczRXW,2012-11-09T03:28:28,Sheffield,Passerine tick,Dermacentor frontalis,53.40158625711728,-1.482978120853786
rhUdZ61v0sJpiarTDNJ3,2023-11-30T20:57:07,Nottingham,Passerine tick,Dermacentor frontalis,52.91805848223586,-1.199843217129761
ItEPQy0TIL2oAfW90Xd5,2018-12-10T05:09:25,Nottingham,Tree-hole tick,Ixodes arboricola,52.92323640027282,-1.1596471139580729
qAmDyhdh8AmLiVv4wPmz,2020-10-29T04:15:36,Edinburgh,Fox/badger tick,Ixodes canisuga,55.99543219900571,-3.212342827768931
DyFy26uzJvVdtdLcp1lE,2022-05-09T23:47:35,Newcastle,Marsh tick,Ixodes apronophorus,54.92627806478112,-1.5561258750406983
0L5BVSzmm898d1JCBaVB,2023-07-20T21:30:11,Nottingham,Passerine tick,Dermacentor frontalis,52.95327337639176,-1.1054078358851962
QRTihy6qYgzEaRdWaNLy,2017-12-20T12:29:46,London,Passerine tick,Dermacentor frontalis,51.540400113351446,-0.13976854329812494
XnpF1cFW4xptVAieGp9l,2014-09-28T06:50:44,Newcastle,Tree-hole tick,Ixodes arboricola,54.95685833038806,-1.6435010889723067
17KF4VZgcDZRyFfs2bXd,2019-07-19T16:17:59,Glasgow,Fox/badger tick,Ixodes canisuga,55.811706476381886,-4.217186636212449
lZ1TkYSb4zE1tFGfESgf,2019-11-17T19:28:44,Newcastle,Southern rodent tick,Ixodes acuminatus,55.00500236173121,-1.5743331821004731
Mcrlh030OZw5VWdI8UdZ,2020-12-19T20:37:20,Edinburgh,Fox/badger tick,Ixodes canisuga,55.973821135027364,-3.1403906027837163
tmuXaUR7ipVGwCNs7Ypc,2019-07-29T10:43:48,Edinburgh,Marsh tick,Ixodes apronophorus,55.99988947349079,-3.1522449079632233
I59fa8epR5AZeUvgFVg4,2018-09-29T09:59:39,Leicester,Southern rodent tick,Ixodes acuminatus,52.610020300045846,-1.0856776061600126
jcF9MRhT35VwgGWaVB8M,2021-03-19T12:44:44,Cardiff,Southern rodent tick,Ixodes acuminatus,51.44990027244199,-3.13155511101892
Jl2BoDhGUezLen3GkwUw,2023-06-21T06:42:08,Glasgow,Fox/badger tick,Ixodes canisuga,55.863702257146244,-4.266411976359433
WFXHYAiEyCHmKUUrnuo7,2017-02-07T14:45:48,Glasgow,Marsh tick,Ixodes apronophorus,55.83374708966491,-4.258574654564143
NaX0oRZbPKVVotfIMm3M,2013-12-29T14:55:23,Birmingham,Southern rodent tick,Ixodes acuminatus,52.45018022009951,-1.8519065948936655
tSoyCSAaz3yxZQSp0OFj,2023-02-06T03:44:16,Leicester,Passerine tick,Dermacentor frontalis,52.586967618768576,-1.1453043081890202
FUvyJ5g8Deb34YvBdGHc,2017-06-12T20:20:32,Nottingham,Fox/badger tick,Ixodes canisuga,52.94044915754822,-1.1022212638858029
K18kLiOzBySntKFvA4Es,2013-10-03T23:25:41,Sheffield,Passerine tick,Dermacentor frontalis,53.38970064323837,-1.4803774450813525
TgZKtI0CG6Clr7yyrcFl,2015-11-29T00:00:28,Liverpool,Southern rodent tick,Ixodes acuminatus,53.43505046364215,-2.936408513071753
affWSPHbBB7UVczrpMAf,2024-12-23T06:39:02,Manchester,Southern rodent tick,Ixodes acuminatus,53.472353848795365,-2.2511748334584474
ESJAL8XBdzN8pKVk3swM,2021-12-01T06:12:14,London,Marsh tick,Ixodes apronophorus,51.54364441878305,-0.12436746845965552
Y70gsw3EbOEF9rsUG3oS,2022-09-17T05:02:54,Manchester,Marsh tick,Ixodes apronophorus,53.475154205340566,-2.2129671848170203
srhcxv1CgtCUYLcBY0fC,2020-01-18T10:49:41,Glasgow,Marsh tick,Ixodes apronophorus,55.81582236392039,-4.239858259580181
lZ1TkYSb4zE1tFGfESgf,2019-11-17T19:28:44,Newcastle,Southern rodent tick,Ixodes acuminatus,54.998384743559214,-1.573991106399732
EoCsJjgHPjApkg4O2x2n,2016-01-04T15:50:39,Manchester,Marsh tick,Ixodes apronophorus,53.49467312197062,-2.2826324339145567
SzwbBFGbaImV0T4LW2rG,2024-07-05T06:44:51,Southampton,Marsh tick,Ixodes apronophorus,50.90608963863685,-1.3629593504982702
tBDEs7jcKlK3ImBdjXeF,2013-10-19T15:57:16,Birmingham,Marsh tick,Ixodes apronophorus,52.47488204382075,-1.898313499369881
aIEBQ6Jj2ai6iVx4l3dl,2018-07-22T22:25:12,Nottingham,Marsh tick,Ixodes apronophorus,52.915981597085185,-1.1938283599734432
IPDQ5fM2XMMPLJCpbMmx,2024-05-02T22:56:08,Leicester,Tree-hole tick,Ixodes arboricola,52.59278621371738,-1.132728688999853
kRk4OpXeflQcJGr8sjvH,2023-09-05T23:16:06,Edinburgh,Marsh tick,Ixodes apronophorus,55.94589730742919,-3.209364921837591
ZcCCJVpIlgfPX1KPkX9i,2016-03-01T09:28:37,Leicester,Marsh tick,Ixodes apronophorus,52.67508365979958,-1.1823399454623322
446I1APVZL5warCVwvgK,2018-02-11T04:34:18,Edinburgh,Southern rodent tick,Ixodes acuminatus,55.966965649236364,-3.1857839419606093
q6WLOxWuGpDWohByRvZm,2012-12-15T13:56:21,Bristol,Marsh tick,Ixodes apronophorus,51.43974828085291,-2.609410629678593
Gvp7ycLregHAROvPsMPc,2017-02-28T06:31:25,London,Fox/badger tick,Ixodes canisuga,51.52128221480837,-0.11685157509418757
KMd8Kuhhc8OGaOB0cwy7,2024-04-11T23:47:24,Glasgow,Marsh tick,Ixodes apronophorus,55.84215363757592,-4.204860481653964
ByutGbTfQB8vxedFPWbH,2022-03-22T19:55:27,London,Fox/badger tick,Ixodes canisuga,51.5396745112402,-0.1569997108594329
9tWNppfl3kOOuNnNiNOk,2021-12-08T04:07:36,Southampton,Fox/badger tick,Ixodes canisuga,50.95079809237313,-1.4413997950216955
5KPMyE7RLO5QMoQDAeUG,2022-04-27T20:01:13,Birmingham,Fox/badger tick,Ixodes canisuga,52.484194158963696,-1.9100750194423801
IDu5mjGPOqV0BpDSor2o,2017-05-17T02:10:22,Leicester,Fox/badger tick,Ixodes canisuga,52.595409954989485,-1.1375797985533633
fZ37VXdcHn91pST2FFwi,2015-07-06T14:42:13,Newcastle,Fox/badger tick,Ixodes canisuga,54.960674908345624,-1.648384038813003
hQL5KLQZoLV9Dk69QLMA,2018-01-22T06:05:29,Cardiff,Southern rodent tick,Ixodes acuminatus,51.49492851172475,-3.168947642991027
ya20Hxs21ULk3VUmjLJs,2016-07-18T11:21:31,Glasgow,Fox/badger tick,Ixodes canisuga,55.81642814406209,-4.294389630305473
P5NgjYtYtFW3ffg7A3CV,2013-06-02T03:26:03,Liverpool,Marsh tick,Ixodes apronophorus,53.408268506809684,-3.011933744641808
5fpBbElEfHfG0vFErOoz,2013-07-11T08:39:47,Glasgow,Passerine tick,Dermacentor frontalis,55.85014090515097,-4.214638005417251
gi41i4LD7a8z1T2JoVk2,2023-03-11T19:03:32,Manchester,Fox/badger tick,Ixodes canisuga,53.49096870277659,-2.2871632575219087
Am0gFpS5FFgjvZwLNB1W,2015-02-07T23:51:30,Leeds,Passerine tick,Dermacentor frontalis,53.75549960418754,-1.5959464941869805
uNFVHtlNrneqXUOMATZw,2024-10-19T07:34:02,Southampton,Southern rodent tick,Ixodes acuminatus,50.916168451726264,-1.4076134867574226
CUFiFnljNp3xxKwmiCVW,2022-05-25T14:27:47,Leeds,Tree-hole tick,Ixodes arboricola,53.81063865553248,-1.5617068140277182
8mdpwENCmmHsXuw4vKBi,2015-05-03T13:28:12,Sheffield,Southern rodent tick,Ixodes acuminatus,53.38131220652405,-1.4258298119490909
5obLk5ADwtVMaHP8mvRZ,2019-07-17T13:49:20,Bristol,Fox/badger tick,Ixodes canisuga,51.501128234326934,-2.5798695924559776
9HEBCijRp1mMClmGYeyv,2018-02-06T19:57:00,Birmingham,Fox/badger tick,Ixodes canisuga,52.511204909662176,-1.8686115312851599
b062APnJGuqXoQRg9yf1,2021-12-23T22:19:54,Nottingham,Southern rodent tick,Ixodes acuminatus,52.976412478192465,-1.1733987590793036
O5v4y1JUJ8TonagDIJiV,2019-04-01T01:14:11,Southampton,Tree-hole tick,Ixodes arboricola,50.952190902890635,-1.3563452100788849
REWT5KqcfASeZFsst5Ml,2013-12-23T00:50:28,Glasgow,Southern rodent tick,Ixodes acuminatus,55.88382142382778,-4.300488294348861
Ps9EXYHAMpDQJxWyfjJW,2012-04-06T02:13:21,Southampton,Marsh tick,Ixodes apronophorus,50.90053378428302,-1.428854434581558
N96ews9k8ZpsdfUcJHFT,2020-11-16T16:22:35,Glasgow,Fox/badger tick,Ixodes canisuga,55.838888617920446,-4.290762129959554
NMvi6cL8q3imjBSewQRk,2015-05-10T20:50:06,Leicester,Tree-hole tick,Ixodes arboricola,52.63392970375743,-1.1218409670404572
m34iaKBBTmjpqvVPz6ye,2017-06-04T20:49:28,Edinburgh,Tree-hole tick,Ixodes arboricola,55.9945040993855,-3.2111441052891463
odYmefUrOwFcGraN2dmt,2019-06-27T01:17:53,Cardiff,Southern rodent tick,Ixodes acuminatus,51.49699589820238,-3.151118267762247
3HmoQzKtH9LTa8POQ5pn,2016-04-21T06:42:09,Edinburgh,Marsh tick,Ixodes apronophorus,55.969463008266395,-3.182862572551021
RlSvGNTyqlddtiVQ2CF2,2023-06-02T11:46:47,Nottingham,Southern rodent tick,Ixodes acuminatus,52.99253838981543,-1.1915515370102703
hPWVJik1nIneZKeSfRyD,2022-02-22T17:26:33,London,Tree-hole tick,Ixodes arboricola,51.55716380247748,-0.08350302728361157
lDGKgtzpyXA5ZUvuyNQK,2012-04-17T21:09:23,Southampton,Tree-hole tick,Ixodes arboricola,50.95460467749242,-1.3898859051952523
ESJAL8XBdzN8pKVk3swM,2021-12-01T06:12:14,London,Marsh tick,Ixodes apronophorus,51.55753981855869,-0.09269426836684432
S1jE6Ibzu9QnHojSUDM1,2019-10-27T00:52:57,Cardiff,Tree-hole tick,Ixodes arboricola,51.491805403423875,-3.1403757241114274
UefEW8QH90qhBnyXsmqS,2015-06-13T02:11:15,Edinburgh,Marsh tick,Ixodes apronophorus,55.97071377019818,-3.2240800280978896
3KeoYblTvAKYVRpsPuE0,2021-07-04T10:55:49,Leeds,Passerine tick,Dermacentor frontalis,53.77980894779487,-1.5694510470580485
p5nJlgUQjNEN2YMkEYJz,2018-03-16T15:46:41,Leicester,Passerine tick,Dermacentor frontalis,52.63988604971667,-1.1334000050521424
VcHiXzaJ71yQFOcJTlP4,2017-09-26T02:28:29,Southampton,Tree-hole tick,Ixodes arboricola,50.95945480191923,-1.3979439747830065
LtqWS9zdnisxeLymLVou,2012-10-23T09:13:20,Bristol,Marsh tick,Ixodes apronophorus,51.44588755588399,-2.610804327434987
LVtxT3FgK2RmCuREo2q6,2015-02-24T05:32:55,Glasgow,Tree-hole tick,Ixodes arboricola,55.813856248978226,-4.214085504568716
Xhzc0Qm7yHr0KW7hGEBv,2020-01-12T12:44:15,Glasgow,Marsh tick,Ixodes apronophorus,55.837078923519,-4.232946960797506
VV8ZX1Rk0FXyBcDM55h5,2012-05-25T02:32:13,Sheffield,Tree-hole tick,Ixodes arboricola,53.39436635772605,-1.4260605638351644
IkOrsHDYQiH1g0UrUXJe,2023-03-15T08:20:56,Sheffield,Tree-hole tick,Ixodes arboricola,53.37162706133557,-1.4354842695980867
9EFXCFxCVXy6apCASOs1,2015-12-06T05:58:08,Newcastle,Marsh tick,Ixodes apronophorus,54.96909469901593,-1.5979302505388189
SEGSVWw1s0YzqsAjCbyj,2021-09-23T21:41:48,Edinburgh,Marsh tick,Ixodes apronophorus,55.93381111043908,-3.1578176665398106
LZ3R7Hj7621w6GnhXskY,2021-09-22T13:13:20,Glasgow,Marsh tick,Ixodes apronophorus,55.874602663527384,-4.2195816617291
nrR9gNsr4WiALDHHinIA,2023-03-26T10:31:53,Cardiff,Fox/badger tick,Ixodes canisuga,51.48746106324278,-3.174177346556297
o5NUmQARj3P60J3Q7AUV,2020-11-22T16:01:36,Leicester,Passerine tick,Dermacentor frontalis,52.585830880417525,-1.0864713989876225
8pKPaAZ7GsXY8mCQRrXT,2013-10-31T12:22:24,Manchester,Passerine tick,Dermacentor frontalis,53.48784999409321,-2.2238847152897403
iuymPCc6sLk8iNDKfRCG,2014-07-30T11:55:21,Nottingham,Fox/badger tick,Ixodes canisuga,52.960474988670626,-1.1525275938228519
NrqYwnoPeDmPTQfunl9Z,2023-03-03T00:37:19,Southampton,Marsh tick,Ixodes apronophorus,50.91985059775458,-1.4425495158512107
8QjHL9AYfAD2BNUS0J8p,2015-06-16T21:03:18,Liverpool,Southern rodent tick,Ixodes acuminatus,53.41394526783554,-2.9583094326679387
aABOUyyyfNKf9ba8s9un,2024-03-28T10:11:17,Edinburgh,Passerine tick,Dermacentor frontalis,55.912333650350206,-3.232205307688452
yNHgvuu76nmuhZzOh5Vb,2023-09-27T18:18:01,Newcastle,Tree-hole tick,Ixodes arboricola,54.948232384718416,-1.592330414954725
5zGlbMy45diJFgDwGt0b,2020-03-24T17:15:33,Cardiff,Fox/badger tick,Ixodes canisuga,51.50755702476235,-3.174543599121923
8evFSghoF3EDNCbe5mzm,2021-01-10T05:53:11,Nottingham,Passerine tick,Dermacentor frontalis,52.90113666228452,-1.1073704306096561
C26VHMqkZeDApDgxvRxM,2021-03-30T06:26:22,Edinburgh,Marsh tick,Ixodes apronophorus,55.99627971697318,-3.194156534815494
umDl7UzIWiBB3qb2vM5H,2014-07-08T16:37:15,Manchester,Passerine tick,Dermacentor frontalis,53.477343725821214,-2.2557438248999877
1X5DO4d2kst8TDz5yeUg,2020-07-20T09:44:59,Cardiff,Passerine tick,Dermacentor frontalis,51.50766631404802,-3.1905185974065837
7ymlbFjZ8KBHBsOmkEsh,2012-03-09T04:01:56,Southampton,Tree-hole tick,Ixodes arboricola,50.86786825853372,-1.422413497099484
1BAyUx8rQnqelYaMLqmP,2015-03-06T15:04:32,Bristol,Fox/badger tick,Ixodes canisuga,51.42342159107295,-2.566709721071853
3XY7jBZDKFZGsTjy72Hw,2019-10-23T20:15:01,Nottingham,Tree-hole tick,Ixodes arboricola,52.9750775045621,-1.1918912141985236
NEzia0bWh8BzZeBhYiUd,2023-07-13T22:45:31,Southampton,Tree-hole tick,Ixodes arboricola,50.874211313559584,-1.4441989739555927
SUzL86fTG7KMrympCsGE,2021-04-25T15:36:14,Cardiff,Passerine tick,Dermacentor frontalis,51.492615531057865,-3.155381731535228
lIPrppLZJ182GqraMR9j,2020-01-15T10:18:38,Birmingham,Marsh tick,Ixodes apronophorus,52.5284516864639,-1.9300476552108101
yoPLO3ZYNiLKVh7Cfo1f,2018-06-30T17:00:29,Birmingham,Marsh tick,Ixodes apronophorus,52.45770684727995,-1.8728476008670223
y7Ib4N0mWpXKe4HQBgab,2018-08-24T01:25:14,Nottingham,Southern rodent tick,Ixodes acuminatus,52.95389464964315,-1.187909545270596
ZU44YVB5De45ZxJapwvi,2024-11-17T07:40:51,Newcastle,Marsh tick,Ixodes apronophorus,54.96279314961069,-1.5867562001046778
ET4z01CZ3w5sdrxppC9A,2023-02-21T03:58:01,Manchester,Marsh tick,Ixodes apronophorus,53.46741333813277,-2.1993546642201767
iZJxFS5bFWlqBvdz1HmR,2018-11-10T00:10:39,Newcastle,Marsh tick,Ixodes apronophorus,54.93905831804469,-1.6257985011584823
xlNn2P8j4ICFrvnilfAr,2015-07-25T13:25:49,Southampton,Passerine tick,Dermacentor frontalis,50.92257828022255,-1.4190420662889898
ZfppZlFvYMqr9FcDttmu,2014-10-05T23:25:03,Sheffield,Passerine tick,Dermacentor frontalis,53.34778808959516,-1.4575177757679958
p5nJlgUQjNEN2YMkEYJz,2018-03-16T15:46:41,Leicester,Passerine tick,Dermacentor frontalis,52.66987081449178,-1.115802659578889
QhckiNu8et1OsMqobu8A,2019-06-15T02:42:10,Leeds,Fox/badger tick,Ixodes canisuga,53.798267472390265,-1.5199508818431522
TEIw12L3JAEg2maH26f5,2017-09-19T11:34:50,Nottingham,Fox/badger tick,Ixodes canisuga,52.965666854531726,-1.1843254941227805
xk7TJbO7rgv3gYbV70TK,2022-04-04T10:17:02,London,Marsh tick,Ixodes apronophorus,51.48108390136447,-0.08753688718308059
EyCsXBBNAjzSGGTRVpjt,2013-12-23T19:30:23,Newcastle,Tree-hole tick,Ixodes arboricola,54.9946729734963,-1.5839092350450805
PLXp8OveG1forG7wdxw1,2021-12-16T13:23:29,Nottingham,Southern rodent tick,Ixodes acuminatus,52.905764975880416,-1.1428579058128268
1SaWWwei5I8AFbxsl9UE,2020-09-05T15:39:10,Manchester,Tree-hole tick,Ixodes arboricola,53.4850413048713,-2.2894824680090955
j67AXxhYW3r6fODJl8eA,2012-11-15T08:21:23,Nottingham,Southern rodent tick,Ixodes acuminatus,52.97195510610899,-1.1750450175415146
1meKWioAA6aqH8Nw41vp,2020-12-20T11:06:49,Glasgow,Tree-hole tick,Ixodes arboricola,55.90519742053639,-4.285938723204221
wKW9dpCM9k4IPZvirQHC,2012-12-06T21:32:36,Sheffield,Southern rodent tick,Ixodes acuminatus,53.41811406392346,-1.4667698952399262
S9O0X1VDVMyRU0IDQYvV,2015-06-15T18:08:42,Nottingham,Marsh tick,Ixodes apronophorus,52.91740598708146,-1.1229079971130294
Ryi8D1cvb12gDVGD86Z0,2019-08-06T05:28:17,Leeds,Passerine tick,Dermacentor frontalis,53.84188992880214,-1.52189054837707
FTBzIQ0udjgVPH0a7vZG,2012-06-04T04:49:40,Nottingham,Passerine tick,Dermacentor frontalis,52.94342356525869,-1.1228343360347053
8oE7yfH8FmN2lzDuN9XN,2014-12-16T18:24:05,Newcastle,Southern rodent tick,Ixodes acuminatus,54.92351014672302,-1.5961477175764254
UJ6Db2lbdMovdp0HGVmW,2023-02-06T18:17:10,Glasgow,Tree-hole tick,Ixodes arboricola,55.82998875791271,-4.273345176701115
SW8tHE8CAgwBRm0SL6Y8,2018-04-17T15:32:37,Cardiff,Passerine tick,Dermacentor frontalis,51.49653091437086,-3.1621987965161753
kRk4OpXeflQcJGr8sjvH,2023-09-05T23:16:06,Edinburgh,Marsh tick,Ixodes apronophorus,55.91356988730396,-3.225147436358583
oSYCyylQlRbuF8EWV9ar,2017-05-14T03:32:17,London,Marsh tick,Ixodes apronophorus,51.493081264361194,-0.10882983794500105
J7IOFyqy0fUzE1e8ZqGM,2012-10-02T20:45:27,Cardiff,Passerine tick,Dermacentor frontalis,51.45308466054097,-3.167112488454593
aiJdkuW11kqcI3whhUBX,2012-08-09T08:28:49,Manchester,Passerine tick,Dermacentor frontalis,53.435525420459186,-2.232149761388331
okTwzojReK0wvgh0v4Wk,2020-11-12T20:33:17,London,Passerine tick,Dermacentor frontalis,51.55821966833026,-0.1391373616624646
Ryi8D1cvb12gDVGD86Z0,2019-08-06T05:28:17,Leeds,Passerine tick,Dermacentor frontalis,53.752338504123834,-1.592967419955474
AiSNMSlxbrNWPX116Jve,2018-12-07T11:52:18,Bristol,Tree-hole tick,Ixodes arboricola,51.47916434905698,-2.627176338854385
hNUiO5Nx4zewL7HBPsSW,2017-02-10T08:55:57,Edinburgh,Tree-hole tick,Ixodes arboricola,55.92604198951622,-3.1665152059288446
UB17IA9O1EtRAuGYgiI1,2015-06-17T12:51:50,Bristol,Tree-hole tick,Ixodes arboricola,51.43123191535005,-2.5796606377977676
NiX9S6v7vKzEkjGwmjpn,2013-06-20T23:44:17,Manchester,Fox/badger tick,Ixodes canisuga,53.459355544667005,-2.2836774251536998
drelGkBlZdCbBt2yGJ7U,2020-03-04T23:01:37,Cardiff,Fox/badger tick,Ixodes canisuga,51.46298957158772,-3.133735901417125
UjXk60DdGGhB9fXyQycu,2017-08-03T15:11:24,Manchester,Tree-hole tick,Ixodes arboricola,53.49522203466311,-2.262516944965947
shXjdSmlA8tYmqLAlp4j,2022-10-11T01:07:23,Nottingham,Tree-hole tick,Ixodes arboricola,52.924273502809086,-1.160590374528852
SEGSVWw1s0YzqsAjCbyj,2021-09-23T21:41:48,Edinburgh,Marsh tick,Ixodes apronophorus,55.93668435221541,-3.201894514699975
BDRM729I8SWLrQ8yQL9P,2016-06-12T21:02:49,Bristol,Fox/badger tick,Ixodes canisuga,51.440145166888655,-2.578270669493662
0YAF6rRZ8QL8n47OGxcJ,2019-01-30T07:47:29,Liverpool,Southern rodent tick,Ixodes acuminatus,53.42727516114895,-2.9583291658110276
xMOyvUx9wwAWaGTsEyGz,2012-02-04T19:59:04,Liverpool,Southern rodent tick,Ixodes acuminatus,53.41536216368649,-3.002648640640542
xGj2FDydqRrqxHnc7Krk,2020-01-23T20:45:37,Birmingham,Passerine tick,Dermacentor frontalis,52.49594770392568,-1.8493221837540155
oETRSmT4e61kyKkiuhQs,2021-10-25T20:06:40,Birmingham,Tree-hole tick,Ixodes arboricola,52.51531372595954,-1.9258505547765865
1meKWioAA6aqH8Nw41vp,2020-12-20T11:06:49,Glasgow,Tree-hole tick,Ixodes arboricola,55.89482058561832,-4.263958536285742
Aj8axp76ldkMgbu2W96m,2012-03-03T03:57:04,Newcastle,Southern rodent tick,Ixodes acuminatus,54.92602708230136,-1.6388108407087847
7XWDtRF2fHFDUU0mePcz,2024-08-22T15:25:39,Newcastle,Fox/badger tick,Ixodes canisuga,55.00234669066754,-1.639483551229789
dEtBKILZrtVli6ijuZmZ,2015-10-13T13:05:54,Glasgow,Fox/badger tick,Ixodes canisuga,55.843760104462504,-4.277382625932868
NIH4Qn6JNwgArvgpKVdw,2014-07-06T08:26:48,Nottingham,Marsh tick,Ixodes apronophorus,52.940045743579546,-1.1597319345749602
v1vt9ekMPoGAdQg9miXI,2020-10-12T20:42:50,Bristol,Passerine tick,Dermacentor frontalis,51.50360718154387,-2.5770993165466036
iht6SCzQQ3q3rwHjWT8u,2018-01-04T08:17:22,Leicester,Tree-hole tick,Ixodes arboricola,52.665067180232676,-1.1137497172816364
8pKPaAZ7GsXY8mCQRrXT,2013-10-31T12:22:24,Manchester,Passerine tick,Dermacentor frontalis,53.50340546233335,-2.270115313821021
UJ6Db2lbdMovdp0HGVmW,2023-02-06T18:17:10,Glasgow,Tree-hole tick,Ixodes arboricola,55.86643171634249,-4.2245706065030495
EMPDUwWOUuzfFcEcIrpE,2016-10-04T12:12:48,Leeds,Tree-hole tick,Ixodes arboricola,53.82320782826083,-1.5516620704966781
ZUT3XVKMqXdWjlAzZg9L,2023-02-13T03:36:29,Cardiff,Passerine tick,Dermacentor frontalis,51.50485438248029,-3.1350902412586232
WTchOPSD8sGZ8hJiwBBR,2014-01-30T09:52:48,Sheffield,Marsh tick,Ixodes apronophorus,53.38307650801755,-1.4790068149146114
hhaKxITwXylGIVSsWXiT,2017-04-23T08:47:35,Liverpool,Fox/badger tick,Ixodes canisuga,53.387369440964434,-2.985543918996814
1VsrvUmhvA9wLvuahmgX,2012-06-27T03:19:07,Nottingham,Tree-hole tick,Ixodes arboricola,52.95878122164409,-1.1228306014202296
c8vn1RaiDVB46lgg5vbG,2023-06-25T07:20:06,Newcastle,Passerine tick,Dermacentor frontalis,55.00790120568039,-1.5786438846891588
17KF4VZgcDZRyFfs2bXd,2019-07-19T16:17:59,Glasgow,Fox/badger tick,Ixodes canisuga,55.86228491892992,-4.269226627110935
FH1Bx0W5hozIWG7aepsf,2016-03-12T18:04:59,Sheffield,Tree-hole tick,Ixodes arboricola,53.3418297360424,-1.4967713454005578
JcDYwjrPM34bdGsOxVlK,2017-08-09T06:25:37,Glasgow,Tree-hole tick,Ixodes arboricola,55.846388888484455,-4.218858103247715
MJs0uyrOMj0kcOftlmrO,2014-09-12T22:20:02,London,Fox/badger tick,Ixodes canisuga,51.54226774152024,-0.09005223854772025
E1SoitjUxiTfAlad8Olp,2014-06-05T15:41:31,Cardiff,Passerine tick,Dermacentor frontalis,51.454478735596325,-3.161839117914138
YEBzydoyDCYkq8CVy8xz,2020-05-01T03:17:01,Leeds,Passerine tick,Dermacentor frontalis,53.84437616497713,-1.5383155195819482
LipDngLgzjL2kGgUTMYQ,2015-08-15T22:10:48,Southampton,Fox/badger tick,Ixodes canisuga,50.92376386756792,-1.4502733230367448
it2Bkt5kYL4L3k8vRBga,2024-10-14T04:16:50,Edinburgh,Fox/badger tick,Ixodes canisuga,55.99852129916808,-3.2269382005777763
GwrOAmoayat6xREa6tS1,2023-02-06T08:58:44,London,Southern rodent tick,Ixodes acuminatus,51.534972143817356,-0.13461398380310335
hPWVJik1nIneZKeSfRyD,2022-02-22T17:26:33,London,Tree-hole tick,Ixodes arboricola,51.48406610184096,-0.15254317496763387
70TzB7ZFD0EyJFSwBC61,2018-01-27T19:35:18,Newcastle,Fox/badger tick,Ixodes canisuga,54.96395208387897,-1.590132422261725
UaHeQlAIuqp7u4mo3xBd,2023-02-23T22:13:32,Cardiff,Southern rodent tick,Ixodes acuminatus,51.49538529496264,-3.1831692592620127
y2Xt43Ty8FNK9jikVHZT,2016-07-21T02:52:00,Glasgow,Fox/badger tick,Ixodes canisuga,55.8920524086083,-4.262676146019101
QhckiNu8et1OsMqobu8A,2019-06-15T02:42:10,Leeds,Fox/badger tick,Ixodes canisuga,53.8470218052696,-1.5071198650346174
dKLXu0wZpgi692l9m5Zc,2012-12-28T11:15:01,Birmingham,Passerine tick,Dermacentor frontalis,52.4514421108574,-1.8593350536615016
NHvuAoUclpa9sUWDNl0q,2021-08-25T17:18:36,Liverpool,Southern rodent tick,Ixodes acuminatus,53.37739264320715,-2.990142306248185
YwFCOeRmycVLgsoupxXs,2015-03-18T15:07:21,Sheffield,Tree-hole tick,Ixodes arboricola,53.42642888155978,-1.505632250874185
hqD7YiGFNi09rc5OAtdD,2020-08-05T13:40:01,Leeds,Marsh tick,Ixodes apronophorus,53.77110343083452,-1.5099254803395388
H3UTS3Wl92ALNszyexfS,2021-05-04T11:00:10,Leicester,Fox/badger tick,Ixodes canisuga,52.6728415164819,-1.1714693796804383
1X5DO4d2kst8TDz5yeUg,2020-07-20T09:44:59,Cardiff,Passerine tick,Dermacentor frontalis,51.52815225806395,-3.200464647676968
AiSNMSlxbrNWPX116Jve,2018-12-07T11:52:18,Bristol,Tree-hole tick,Ixodes arboricola,51.43553016053625,-2.590966509976066
DawlnIjY3mjPVDwMfoOa,2016-05-01T23:34:37,Cardiff,Passerine tick,Dermacentor frontalis,51.51865402275457,-3.1681733144287367
PcybtjIc0yK4JwE1RHcc,2014-12-06T23:27:34,Sheffield,Passerine tick,Dermacentor frontalis,53.341357583167884,-1.4665141533375206
hNUiO5Nx4zewL7HBPsSW,2017-02-10T08:55:57,Edinburgh,Tree-hole tick,Ixodes arboricola,55.99356817146429,-3.1581845854192583
HyBa6bEINZPGSX6yttZA,2017-01-27T18:36:40,Birmingham,Fox/badger tick,Ixodes canisuga,52.50839725858588,-1.8662005737292329
GQ3ZqsOHSjAOmk8x07rv,2013-05-10T21:29:40,Glasgow,Marsh tick,Ixodes apronophorus,55.87687628277356,-4.267246149044916
tSoyCSAaz3yxZQSp0OFj,2023-02-06T03:44:16,Leicester,Passerine tick,Dermacentor frontalis,52.65078536760488,-1.1755728504903409
ejfVmgF5fsGQBK4ovfOX,2015-04-07T14:18:14,Bristol,Marsh tick,Ixodes apronophorus,51.431751919443236,-2.566478428777564
BZNs6ftKoPO1d2q4LYYh,2022-11-01T00:47:34,Manchester,Southern rodent tick,Ixodes acuminatus,53.43615679777802,-2.248259118906553
ecEd2z4RwHEJJum4wHOo,2013-01-05T13:44:03,Glasgow,Passerine tick,Dermacentor frontalis,55.822915078762364,-4.22755781756432
ESJAL8XBdzN8pKVk3swM,2021-12-01T06:12:14,London,Marsh tick,Ixodes apronophorus,51.541065750919,-0.11228293878691517
GzwgsqiMRGu8zTMVtn6U,2021-03-28T17:42:23,Leeds,Fox/badger tick,Ixodes canisuga,53.79828068812754,-1.55634192239659
ED46zemgTCc38RfjggT5,2015-02-22T15:18:35,Glasgow,Passerine tick,Dermacentor frontalis,55.86913228257513,-4.211138885938152
IWkIdJFsPjd9E990hs0M,2023-08-08T23:36:14,London,Tree-hole tick,Ixodes arboricola,51.53486624655042,-0.08430212327247709
afdoemCDFY25zVCJMv72,2013-09-04T13:17:57,Cardiff,Tree-hole tick,Ixodes arboricola,51.441276082933165,-3.1360045056343355
mOMdnLwXSFYV3Hhx1lpj,2019-09-28T10:00:48,Glasgow,Passerine tick,Dermacentor frontalis,55.886668957637134,-4.260370195670325
SW8tHE8CAgwBRm0SL6Y8,2018-04-17T15:32:37,Cardiff,Passerine tick,Dermacentor frontalis,51.45266051019914,-3.130366624801744
CE7lsZjdLZU0gneaut6Y,2014-03-18T21:07:53,Leeds,Tree-hole tick,Ixodes arboricola,53.78737017356774,-1.5946138540096277
3d48gn6fHVyjvezJNAXQ,2012-01-26T14:15:56,Manchester,Southern rodent tick,Ixodes acuminatus,53.5218645291065,-2.2503766204525992
niTHHgCA3uIEMtknBv98,2022-07-07T19:32:28,Leicester,Fox/badger tick,Ixodes canisuga,52.65044379661479,-1.1111046978253887
Q8LcWuL0YBkwBb4KTBSO,2014-04-21T15:20:59,Nottingham,Southern rodent tick,Ixodes acuminatus,52.945701438441084,-1.184997672510076
pamJV7YjFwozdo1FB6eL,2012-03-21T03:28:17,London,Southern rodent tick,Ixodes acuminatus,51.52198369982238,-0.10638103392457808
JIpX177KvaSfIj0TY7iR,2024-09-28T07:08:08,London,Fox/badger tick,Ixodes canisuga,51.46051496028275,-0.1249461715261816
CUFiFnljNp3xxKwmiCVW,2022-05-25T14:27:47,Leeds,Tree-hole tick,Ixodes arboricola,53.818803246042584,-1.5338527448105663
sS5cVSVYaqjMAhorU46A,2020-08-02T06:02:01,Birmingham,Tree-hole tick,Ixodes arboricola,52.50333076023153,-1.8497311214578784
Jt2CeNQ3CtChMVbKPn9o,2022-03-04T20:21:35,Nottingham,Passerine tick,Dermacentor frontalis,52.964110933686854,-1.1022016204182206
gdpb38lLZJYolXMYDojp,2019-03-25T11:22:26,Leeds,Tree-hole tick,Ixodes arboricola,53.78627651296026,-1.5573100753778502
Nrq6yWse6FWJYaDH2DeC,2014-05-22T10:35:45,London,Passerine tick,Dermacentor frontalis,51.468243393782046,-0.09593701710928743
IUN8JPXJPQmBBdbs3vid,2012-01-13T01:23:34,Birmingham,Tree-hole tick,Ixodes arboricola,52.44381513843972,-1.8657002124974305
YAQPqcjZsugM4GDinYde,2016-09-02T20:24:30,Liverpool,Passerine tick,Dermacentor frontalis,53.43273159297527,-2.9344449558933685
KxkGFf6K9ZPWR7zHZCS7,2015-01-28T06:57:30,Liverpool,Fox/badger tick,Ixodes canisuga,53.37974569870775,-3.0183736856794283
ZwgC8qSB2hppBh4cnKt6,2017-07-20T18:59:41,Cardiff,Marsh tick,Ixodes apronophorus,51.467744701115265,-3.1749288919115144
y51ZWE8b5pgZ0aS0KuPo,2018-06-05T06:19:35,Liverpool,Fox/badger tick,Ixodes canisuga,53.41124658530773,-2.9594736544243005
HUwyCepes6Tkk0z6IU4F,2014-01-13T02:49:30,Leeds,Marsh tick,Ixodes apronophorus,53.77437526464185,-1.5152479638617093
xk7TJbO7rgv3gYbV70TK,2022-04-04T10:17:02,London,Marsh tick,Ixodes apronophorus,51.54976769459068,-0.15542199773471588
uFq2r7ehioWbmRnWDnbx,2019-02-21T12:50:13,Leeds,Tree-hole tick,Ixodes arboricola,53.814117801425404,-1.5702026957676165
9XSlCEU1yjI9JUanz9A1,2016-10-05T15:33:32,Glasgow,Southern rodent tick,Ixodes acuminatus,55.88340996771576,-4.273920211560708
I8JGAn5uQridq419CPHT,2013-05-04T21:24:56,Sheffield,Tree-hole tick,Ixodes arboricola,53.42206705768583,-1.4984349243671462
0PjHl5xUUWf9Taf2fHxN,2024-06-12T20:03:52,Sheffield,Marsh tick,Ixodes apronophorus,53.35333230507597,-1.4828113566468943
WTchOPSD8sGZ8hJiwBBR,2014-01-30T09:52:48,Sheffield,Marsh tick,Ixodes apronophorus,53.344328323073526,-1.502836806211828
fND8oqrdassrPfr7WTCR,2024-08-20T22:52:13,Glasgow,Passerine tick,Dermacentor frontalis,55.85586312678598,-4.250457901936687
PLXp8OveG1forG7wdxw1,2021-12-16T13:23:29,Nottingham,Southern rodent tick,Ixodes acuminatus,52.902354661726996,-1.1504753177787912
RSocILpYMa6IG7DJDdSE,2018-11-19T07:53:07,Birmingham,Tree-hole tick,Ixodes arboricola,52.50981334848887,-1.8517795917624014
aI3eNTq4eWwOsLrTsyoJ,2022-11-13T18:06:39,Birmingham,Passerine tick,Dermacentor frontalis,52.44494977242974,-1.8695714415479439
QUH9aKMRXOkJMvTS1set,2014-01-28T00:35:34,Liverpool,Fox/badger tick,Ixodes canisuga,53.362475743704245,-3.0192640505926125
0wcc3HT0lnp2jkAy7q6Y,2024-04-17T20:31:08,Leicester,Tree-hole tick,Ixodes arboricola,52.63585863612736,-1.1102106565830308
9WcQRkW35tCOyRbwvaz8,2021-05-21T02:08:15,Leicester,Passerine tick,Dermacentor frontalis,52.6819144082799,-1.1220050360006681
VSYu41t9YrjtK4ceyDIG,2023-01-15T21:43:20,Nottingham,Passerine tick,Dermacentor frontalis,52.98063934341039,-1.1981978024663908
J7IOFyqy0fUzE1e8ZqGM,2012-10-02T20:45:27,Cardiff,Passerine tick,Dermacentor frontalis,51.49627679388705,-3.175441947645033
9F7cM8AwvFiNIsdhqCqy,2014-04-05T09:05:51,Liverpool,Passerine tick,Dermacentor frontalis,53.39207343447306,-2.9498427192689394
c7OwRKYAfAuI3piSwG42,2022-12-16T01:26:07,Leicester,Passerine tick,Dermacentor frontalis,52.61708472033362,-1.0960747258830483
zq0pM9LealYh6SGfquQ0,2018-04-11T15:20:12,London,Fox/badger tick,Ixodes canisuga,51.49260489453878,-0.09927489965528666
Hy2738cPFago6Z2JOjfN,2013-09-10T17:11:54,Cardiff,Tree-hole tick,Ixodes arboricola,51.47640074193146,-3.1440823979801062
BtrPnLEY7xWvohDwUV8U,2023-12-05T01:41:05,Edinburgh,Passerine tick,Dermacentor frontalis,55.91489122090207,-3.182794698769404
GzwgsqiMRGu8zTMVtn6U,2021-03-28T17:42:23,Leeds,Fox/badger tick,Ixodes canisuga,53.78221520957589,-1.5029854691484203
SUzL86fTG7KMrympCsGE,2021-04-25T15:36:14,Cardiff,Passerine tick,Dermacentor frontalis,51.44249499132679,-3.20812022860551
JIpX177KvaSfIj0TY7iR,2024-09-28T07:08:08,London,Fox/badger tick,Ixodes canisuga,51.52377981130328,-0.10018528298733871
zIid7p1umsoHWewLx7sS,2021-09-22T22:50:42,Cardiff,Fox/badger tick,Ixodes canisuga,51.48079792461324,-3.1924564160388456
ZjWH69Zklwlz8hOvfOUJ,2017-06-06T00:54:12,Bristol,Fox/badger tick,Ixodes canisuga,51.40790576704963,-2.538830486428129
yCnT5AExmdUzu51zrqcS,2021-01-13T18:53:35,Glasgow,Tree-hole tick,Ixodes arboricola,55.84812982624146,-4.296654383080869
qPJuZDJGKUCGiTb0Mz3P,2019-11-14T05:14:40,Edinburgh,Tree-hole tick,Ixodes arboricola,55.92514999602583,-3.191022935708022
Y70gsw3EbOEF9rsUG3oS,2022-09-17T05:02:54,Manchester,Marsh tick,Ixodes apronophorus,53.48672623168979,-2.251487280076355
ENeRInaA98jFbwJI3o93,2023-11-02T01:15:00,Glasgow,Marsh tick,Ixodes apronophorus,55.8643533387779,-4.21649909347989
SzwbBFGbaImV0T4LW2rG,2024-07-05T06:44:51,Southampton,Marsh tick,Ixodes apronophorus,50.8910662339232,-1.381492561389975
9ArW7gk5hYYwnZruekQd,2018-11-17T12:14:14,Cardiff,Passerine tick,Dermacentor frontalis,51.51307419562136,-3.2144770960456857
uiW7clRJNBo3PPOOl1xT,2022-11-12T08:17:01,Birmingham,Fox/badger tick,Ixodes canisuga,52.51477894777131,-1.9394954610766713
2YFTaHRPnYF3wQERz3gq,2015-07-05T09:49:58,Birmingham,Tree-hole tick,Ixodes arboricola,52.51012473891487,-1.853900576945663
E1SoitjUxiTfAlad8Olp,2014-06-05T15:41:31,Cardiff,Passerine tick,Dermacentor frontalis,51.50852399869867,-3.1724957744167672
kJ0oz3H4L8X7RGuAFKzz,2018-08-21T05:46:53,Leicester,Passerine tick,Dermacentor frontalis,52.611342865855114,-1.127180504832488
hBdKD2gPCKJ1eqHdir08,2016-11-23T22:03:59,Leicester,Southern rodent tick,Ixodes acuminatus,52.58877343966995,-1.0990630556099832
E9MP5NirTrF3XwlLFakG,2017-06-27T13:11:23,Birmingham,Southern rodent tick,Ixodes acuminatus,52.50103037626513,-1.8931900636734256
2ex2JxssJBTn5Gytu4dY,2019-02-01T18:50:39,Birmingham,Passerine tick,Dermacentor frontalis,52.488982701393304,-1.9090779376502778
1FbUZqbO3bggzhPn83f6,2016-03-19T06:22:59,Manchester,Marsh tick,Ixodes apronophorus,53.47831094956928,-2.202662910188089
S9O0X1VDVMyRU0IDQYvV,2015-06-15T18:08:42,Nottingham,Marsh tick,Ixodes apronophorus,52.90791491677397,-1.1276607345264298
VUUvfoUTHmJei6sDcyu9,2019-06-15T21:54:47,Bristol,Passerine tick,Dermacentor frontalis,51.47124585842822,-2.6081430216889565
aI3eNTq4eWwOsLrTsyoJ,2022-11-13T18:06:39,Birmingham,Passerine tick,Dermacentor frontalis,52.46613367291807,-1.9125042296466161
N96ews9k8ZpsdfUcJHFT,2020-11-16T16:22:35,Glasgow,Fox/badger tick,Ixodes canisuga,55.8204604400193,-4.229172470111363
c7OwRKYAfAuI3piSwG42,2022-12-16T01:26:07,Leicester,Passerine tick,Dermacentor frontalis,52.625081061773045,-1.0977570873196902
x0XPFJPBxVwVSivF0Wk5,2016-12-08T04:53:58,Birmingham,Fox/badger tick,Ixodes canisuga,52.52414089270539,-1.924206385704485
gD0wzpv4wb99ShG4lajP,2017-12-02T17:54:08,Glasgow,Fox/badger tick,Ixodes canisuga,55.83875539911726,-4.295780989082533
WTchOPSD8sGZ8hJiwBBR,2014-01-30T09:52:48,Sheffield,Marsh tick,Ixodes apronophorus,53.37995666480822,-1.496623239349139
6ruABkzLtg3oDiSrv5Ru,2021-08-24T11:17:32,London,Passerine tick,Dermacentor frontalis,51.4638118340794,-0.10912400416412317
yUss1yX5RK7DlmAmtgT1,2023-11-30T16:37:54,Nottingham,Fox/badger tick,Ixodes canisuga,52.990698667874874,-1.115579451038242
2AoC73JALdJTozXVptx1,2023-11-21T21:26:43,Manchester,Southern rodent tick,Ixodes acuminatus,53.4873788101156,-2.2018674369026505
QRTihy6qYgzEaRdWaNLy,2017-12-20T12:29:46,London,Passerine tick,Dermacentor frontalis,51.47249786727038,-0.1423409972603878
qPJuZDJGKUCGiTb0Mz3P,2019-11-14T05:14:40,Edinburgh,Tree-hole tick,Ixodes arboricola,55.994252132431065,-3.20691872378292
cmomvSsNHNbJmjS59YGc,2021-07-16T15:13:50,Edinburgh,Fox/badger tick,Ixodes canisuga,55.965945394983294,-3.216940035064352
5ct4qdYjEDARY4ki9iL1,2012-08-20T19:15:53,Sheffield,Tree-hole tick,Ixodes arboricola,53.392343033607574,-1.4446981451373289
ha5el3ef6pfPSq1iZh6f,2022-07-03T00:46:12,Newcastle,Fox/badger tick,Ixodes canisuga,54.96309142758956,-1.637492312293968
tlmtfB9XPgXGVEibnc7W,2015-04-18T05:12:13,Birmingham,Southern rodent tick,Ixodes acuminatus,52.458672616357404,-1.8608573585810937
o1Ga1NwaGJhA8jfTNgYO,2016-10-27T04:14:16,Southampton,Passerine tick,Dermacentor frontalis,50.907274298917756,-1.3660099467995246
i50OyQ3jxr64LVAbCxhF,2014-03-26T11:48:38,Liverpool,Marsh tick,Ixodes apronophorus,53.384170419814495,-2.9333927573194205
VK2jIKfaIOuvStej7j1g,2015-11-16T12:15:16,London,Marsh tick,Ixodes apronophorus,51.51296574835788,-0.1680371225574039
kFJh5Kkma9MwGrshRyqt,2024-09-12T20:23:36,Leicester,Fox/badger tick,Ixodes canisuga,52.61624075653934,-1.1512145467953052
iLk7GhtTSEaZz80L269k,2023-01-02T08:29:53,London,Southern rodent tick,Ixodes acuminatus,51.54975028519657,-0.10791891336909881
Hdf6iTlt04QfjcE4TLsp,2020-09-21T22:42:54,Newcastle,Marsh tick,Ixodes apronophorus,54.91832856083337,-1.605121797619403
Fgu8P0LDqeWaaaUVfCW0,2014-06-26T19:43:00,Manchester,Passerine tick,Dermacentor frontalis,53.517976368195654,-2.215462376717568
SuhVPGoA7RUxS8TVxmFu,2013-08-12T06:50:38,Newcastle,Passerine tick,Dermacentor frontalis,54.98482444420773,-1.5985944458489059
4yzqbYbSPWIW6smAVQzQ,2019-09-22T09:11:24,London,Passerine tick,Dermacentor frontalis,51.5298731031291,-0.10583310093505996
VcHiXzaJ71yQFOcJTlP4,2017-09-26T02:28:29,Southampton,Tree-hole tick,Ixodes arboricola,50.944524567681,-1.3734918062145023
KYpmerycUmIxrfQEfB0z,2021-03-13T01:03:21,Cardiff,Marsh tick,Ixodes apronophorus,51.4714048095833,-3.1870107242972323
neK1GEjuS2gr6eRqV0r7,2018-10-08T15:25:30,London,Southern rodent tick,Ixodes acuminatus,51.477544630984475,-0.11248355251936895
tkJQMVSSQWFLh41SMB3b,2013-09-04T06:28:57,Newcastle,Fox/badger tick,Ixodes canisuga,54.92335063359829,-1.5516130830672936
sS5cVSVYaqjMAhorU46A,2020-08-02T06:02:01,Birmingham,Tree-hole tick,Ixodes arboricola,52.50166880313836,-1.891366856075066
6EotzaikFXHVnCgFA49X,2014-03-12T07:34:49,Manchester,Fox/badger tick,Ixodes canisuga,53.43968192363261,-2.2328038079981134
ayoIraRlZW4gtkUyV8UN,2016-06-24T10:02:06,Leeds,Southern rodent tick,Ixodes acuminatus,53.8062262236329,-1.5187280796129152
K18kLiOzBySntKFvA4Es,2013-10-03T23:25:41,Sheffield,Passerine tick,Dermacentor frontalis,53.33382323830862,-1.485100849270363
aiJdkuW11kqcI3whhUBX,2012-08-09T08:28:49,Manchester,Passerine tick,Dermacentor frontalis,53.498094235001965,-2.280224667939104
HUwyCepes6Tkk0z6IU4F,2014-01-13T02:49:30,Leeds,Marsh tick,Ixodes apronophorus,53.75170171594644,-1.5950194597239082
641TKZaZ7oGv90DIHowL,2018-02-09T12:40:57,Nottingham,Fox/badger tick,Ixodes canisuga,52.92600433680827,-1.1225943264819285
N8JDqnSG1zArbBhaRTrH,2021-02-05T15:32:57,Newcastle,Fox/badger tick,Ixodes canisuga,55.01451802204262,-1.6030201132517707
jvNRAmvwl6r2bxwuiCD2,2023-09-09T03:03:47,Cardiff,Tree-hole tick,Ixodes arboricola,51.45472208517553,-3.1991369085307206
BXh9Zef5jLWMNJ0l7Yu3,2020-09-21T07:53:52,Cardiff,Tree-hole tick,Ixodes arboricola,51.44373399259248,-3.177934605527568
Q3TuHAQSLgkc8v41PA2w,2023-05-17T11:54:49,Nottingham,Marsh tick,Ixodes apronophorus,52.970022567048886,-1.1390752504083308
mrqqb08ODLOyzuXxjKZF,2022-11-22T04:49:05,London,Tree-hole tick,Ixodes arboricola,51.555952712588955,-0.09038390383884896
w2zf0126GQ0RHARAl8FG,2021-08-15T01:29:47,Leeds,Fox/badger tick,Ixodes canisuga,53.78267733629655,-1.5692390170541817
8Xj6dsTyD4TOiMIdIsf3,2024-04-11T22:17:48,Southampton,Southern rodent tick,Ixodes acuminatus,50.9342321166315,-1.4193242958641545
f6ldSaYc7P8AJbA8O7wJ,2015-10-10T12:46:29,Southampton,Southern rodent tick,Ixodes acuminatus,50.927505464095276,-1.418831551570984
8oE7yfH8FmN2lzDuN9XN,2014-12-16T18:24:05,Newcastle,Southern rodent tick,Ixodes acuminatus,54.94289192614423,-1.6051808605719873
ziniFOq3yOlOQFNcItlz,2017-11-02T00:45:28,London,Fox/badger tick,Ixodes canisuga,51.49917011053196,-0.10751493673869825
G4mB10cbrvTbwgGHc3xQ,2020-11-05T08:09:09,Liverpool,Southern rodent tick,Ixodes acuminatus,53.362421116559766,-2.943064820283742
RPTtZEkOF7GKDhJRi2XJ,2017-06-30T17:07:32,London,Marsh tick,Ixodes apronophorus,51.50321343699796,-0.14494379744551325
shJ4n1xW7ozxVkvwEEkq,2021-11-02T21:50:01,Liverpool,Southern rodent tick,Ixodes acuminatus,53.3971815716841,-2.9661101646785775
uSZRyS4q7Eb1J0p8InzT,2018-02-09T22:03:51,Cardiff,Marsh tick,Ixodes apronophorus,51.43428574194486,-3.171309810420319
6BgeW0SeM37jZNYrzzHd,2015-04-08T07:26:58,Glasgow,Marsh tick,Ixodes apronophorus,55.90391243491198,-4.203749329791236
684sh2EI7jB0PotoPDcy,2023-03-23T22:05:04,Sheffield,Tree-hole tick,Ixodes arboricola,53.42323067142542,-1.473792708291253
9rActoXLFeIqJOyaA0qA,2021-03-14T04:09:23,Liverpool,Marsh tick,Ixodes apronophorus,53.3813242137435,-3.011137882838777
KN1tzAlN0sw5XWqq7Bmb,2018-10-11T14:16:48,Edinburgh,Passerine tick,Dermacentor frontalis,55.90436133560334,-3.1465210208190935
cKtX8rc4218HisSImyYP,2014-05-20T16:01:09,Sheffield,Marsh tick,Ixodes apronophorus,53.3840656068979,-1.4858613859166374
nxfAJBPXXhRCeC1kZTHF,2015-05-14T10:53:44,Leeds,Fox/badger tick,Ixodes canisuga,53.77953150930344,-1.516626500334076
RR2RX7hOgpedaIRrf7g9,2023-01-17T09:29:06,London,Tree-hole tick,Ixodes arboricola,51.46092892975166,-0.10011664400479892
qgj52BWIsYnTKNSOLgO9,2021-06-03T18:52:30,Nottingham,Passerine tick,Dermacentor frontalis,52.93898104234724,-1.1341895978490133
M7PMHMUREz50xzWeU7tp,2019-09-07T13:52:05,Edinburgh,Fox/badger tick,Ixodes canisuga,55.90877494963204,-3.1908808551844263
17KF4VZgcDZRyFfs2bXd,2019-07-19T16:17:59,Glasgow,Fox/badger tick,Ixodes canisuga,55.83514368392475,-4.203460472067374
446I1APVZL5warCVwvgK,2018-02-11T04:34:18,Edinburgh,Southern rodent tick,Ixodes acuminatus,55.992189780300826,-3.1451205120228884
VJcJvQWs86GiANz93w7E,2013-04-08T16:41:24,Cardiff,Southern rodent tick,Ixodes acuminatus,51.43158389329803,-3.2147533141064177
sIuCSIyXNoSkY617lhZ6,2012-04-20T05:33:21,Birmingham,Southern rodent tick,Ixodes acuminatus,52.441187868472916,-1.8734960656640505
m34iaKBBTmjpqvVPz6ye,2017-06-04T20:49:28,Edinburgh,Tree-hole tick,Ixodes arboricola,55.92012575078522,-3.232754411328326
7Ypw4iCBaUGSP936c4Vh,2017-12-27T04:08:37,Bristol,Southern rodent tick,Ixodes acuminatus,51.4325766236987,-2.587121561441117
v8kmhKkvYXS9RjiRPtx0,2021-01-29T21:26:32,Birmingham,Southern rodent tick,Ixodes acuminatus,52.46995677011008,-1.9079260586979379
9ArW7gk5hYYwnZruekQd,2018-11-17T12:14:14,Cardiff,Passerine tick,Dermacentor frontalis,51.47370883016669,-3.190861082784789
GznDMUpuuOJAZOa0EJT5,2019-03-07T12:41:31,Sheffield,Southern rodent tick,Ixodes acuminatus,53.42179026566232,-1.508736652867041
ZUT3XVKMqXdWjlAzZg9L,2023-02-13T03:36:29,Cardiff,Passerine tick,Dermacentor frontalis,51.47245448246951,-3.2184502534892374
QUH9aKMRXOkJMvTS1set,2014-01-28T00:35:34,Liverpool,Fox/badger tick,Ixodes canisuga,53.372471700001356,-2.9814556903632377
4RLJWhFRd83xZY2Fu2Vk,2022-06-29T21:36:28,Liverpool,Tree-hole tick,Ixodes arboricola,53.36979594325792,-2.9506158608522486
iH3S7YhU0uyyfZQvcOQM,2023-10-03T07:05:31,Sheffield,Passerine tick,Dermacentor frontalis,53.38586280947156,-1.4508046889544302
T7h6w44ZUuPHTVUiC3aw,2021-09-18T20:32:54,Newcastle,Fox/badger tick,Ixodes canisuga,54.96067047196038,-1.6001165830831292
YwFCOeRmycVLgsoupxXs,2015-03-18T15:07:21,Sheffield,Tree-hole tick,Ixodes arboricola,53.357182456082484,-1.4870073824399501
HHWT4HRxJt3yvV30dbfH,2017-01-02T10:07:09,Southampton,Marsh tick,Ixodes apronophorus,50.87445230651805,-1.3581274220772384
doxC3AvGsbkcuqEK5Zxu,2015-12-18T10:04:13,Glasgow,Passerine tick,Dermacentor frontalis,55.816047606635316,-4.2171172828441446
95d6UcbocqaEIO52w10W,2017-07-27T03:16:45,Newcastle,Southern rodent tick,Ixodes acuminatus,54.94247850987866,-1.5894651419183263
jcoTJTId7FNMQ9FzFmsj,2019-06-17T00:31:50,Sheffield,Southern rodent tick,Ixodes acuminatus,53.38521353203528,-1.4270638505025588
D3Te0ZPO18dCtoNNk5aT,2023-08-31T14:01:58,Manchester,Passerine tick,Dermacentor frontalis,53.52753425268465,-2.2124810993845156
Gvp7ycLregHAROvPsMPc,2017-02-28T06:31:25,London,Fox/badger tick,Ixodes canisuga,51.464659667979795,-0.1396685760625029
Nbkno212sADyiXDO9C2Z,2020-12-16T01:41:02,Newcastle,Fox/badger tick,Ixodes canisuga,54.98408657708281,-1.5703897286738568
NVRIZodO1nDSiQ5Ls74m,2018-07-08T15:25:40,Birmingham,Marsh tick,Ixodes apronophorus,52.489077521321235,-1.8918979928797828
mBpKzd3Ld0fODlAarKJ3,2012-06-07T08:50:08,Bristol,Passerine tick,Dermacentor frontalis,51.495230909244384,-2.604480219417972
kRyJHh8eSgX3w6zqwWfU,2014-12-29T08:16:15,Leeds,Marsh tick,Ixodes apronophorus,53.79121716009703,-1.5819686857980881
4MkOEqCML2vUFL7h7RrB,2023-02-27T09:09:01,Nottingham,Marsh tick,Ixodes apronophorus,52.965131966360595,-1.1057793083403493
9Qvi7NJLHTbEip46s9Nv,2019-02-07T07:52:22,Manchester,Southern rodent tick,Ixodes acuminatus,53.5043563923659,-2.236540540334309
h8Qd91ekoF5XzmX3zEZI,2023-02-16T00:36:27,London,Southern rodent tick,Ixodes acuminatus,51.50692258279539,-0.14556061515058805
DwcJyztD3DJNhUkEt5e1,2024-05-17T14:25:32,Leeds,Southern rodent tick,Ixodes acuminatus,53.78638577174671,-1.5335987607016381
iiyou3YqE8mUXn2FQFMA,2021-04-03T18:17:25,Bristol,Marsh tick,Ixodes apronophorus,51.4891232917763,-2.5677399583145273
qA4XEl1EmJ1HKNbycbsd,2017-10-01T16:03:01,Nottingham,Fox/badger tick,Ixodes canisuga,52.946533143981526,-1.1753219309860545
JaqAzUFVgyQ5NEGgyM2j,2012-01-06T18:04:03,Birmingham,Passerine tick,Dermacentor frontalis,52.503641506753105,-1.9460381586212963
CV36uy2FyopM3k0UF20F,2014-06-30T23:26:17,Edinburgh,Fox/badger tick,Ixodes canisuga,55.90865926450558,-3.2112528864892327
UBHmG7Eso2fDNgkPN7Gs,2016-02-07T13:52:25,Edinburgh,Southern rodent tick,Ixodes acuminatus,55.967900470147086,-3.157448738646827
z9gJdab10hNcAVk7eoqk,2018-09-14T02:12:34,Edinburgh,Marsh tick,Ixodes apronophorus,55.948253580858925,-3.186381126341422
5hBTxnp6BB1WT30MYK1P,2016-06-09T03:33:16,Bristol,Passerine tick,Dermacentor frontalis,51.503654952850944,-2.6164538397990142
S8DntEv5IcovpGUW8mvz,2015-02-07T19:35:57,Leicester,Tree-hole tick,Ixodes arboricola,52.65261994855886,-1.0938601560360897
PLXp8OveG1forG7wdxw1,2021-12-16T13:23:29,Nottingham,Southern rodent tick,Ixodes acuminatus,52.987521773043774,-1.1940498613111257
dbLMb8VShDS9UXQK3wjc,2024-02-22T08:01:16,Cardiff,Marsh tick,Ixodes apronophorus,51.45507504845116,-3.18350588410155
N8JDqnSG1zArbBhaRTrH,2021-02-05T15:32:57,Newcastle,Fox/badger tick,Ixodes canisuga,54.95101918858998,-1.5654205555605303
LZ3R7Hj7621w6GnhXskY,2021-09-22T13:13:20,Glasgow,Marsh tick,Ixodes apronophorus,55.8456390190356,-4.27763268036178
aABOUyyyfNKf9ba8s9un,2024-03-28T10:11:17,Edinburgh,Passerine tick,Dermacentor frontalis,55.983223276441265,-3.182137479843978
YAQPqcjZsugM4GDinYde,2016-09-02T20:24:30,Liverpool,Passerine tick,Dermacentor frontalis,53.445832104892055,-2.939436433907705
8xyuyUdQVTDfku3uONNs,2018-06-19T00:41:05,Manchester,Fox/badger tick,Ixodes canisuga,53.4630371704237,-2.273099014839797
Q3TuHAQSLgkc8v41PA2w,2023-05-17T11:54:49,Nottingham,Marsh tick,Ixodes apronophorus,52.97845988513666,-1.1128043937472885
o8sR0qTgLkDo3YisGYVD,2013-03-01T15:58:41,Edinburgh,Passerine tick,Dermacentor frontalis,55.91601372495497,-3.1799795031885907
iGzZukRFlnPhK0xWVnaz,2023-01-08T08:08:21,Liverpool,Fox/badger tick,Ixodes canisuga,53.43103129119158,-2.9757883224027557
tFpfZYF4gRR0PiJvRmmP,2019-08-21T02:39:25,Edinburgh,Passerine tick,Dermacentor frontalis,55.904998657156895,-3.203193898586111
LTwgWNfUoL7pkD5vV627,2015-08-27T14:06:51,Southampton,Passerine tick,Dermacentor frontalis,50.86750052008427,-1.3704076159979826
DvaifYQDRUDP5iNAZuqB,2023-04-05T04:30:23,Sheffield,Southern rodent tick,Ixodes acuminatus,53.42715483137515,-1.4749613741794694
lDGKgtzpyXA5ZUvuyNQK,2012-04-17T21:09:23,Southampton,Tree-hole tick,Ixodes arboricola,50.902934826469654,-1.3543643489605972
JhSabbDkZ94WC50n3c6n,2016-07-02T19:43:39,Sheffield,Tree-hole tick,Ixodes arboricola,53.3709559961591,-1.4475567378376548
sKrOiHFnlSeYLNjydBiO,2012-12-31T14:49:42,London,Tree-hole tick,Ixodes arboricola,51.52511398158074,-0.08193424087706927
Ps9EXYHAMpDQJxWyfjJW,2012-04-06T02:13:21,Southampton,Marsh tick,Ixodes apronophorus,50.9014886985414,-1.4538735729239516
8dLyAYTdpx2jKF0nCeNC,2024-04-10T07:50:37,Manchester,Tree-hole tick,Ixodes arboricola,53.49922432206903,-2.264356321486071
wcLqXNJP3avv7Kg5H953,2017-08-13T23:22:58,Birmingham,Tree-hole tick,Ixodes arboricola,52.48799516426388,-1.8509593759632372
SP7kgRoPTmloWj8zEak5,2013-01-08T15:44:12,Birmingham,Southern rodent tick,Ixodes acuminatus,52.47500068378609,-1.931565289540528
EbkMbuA8WlixZUUFGXaj,2015-08-07T08:51:49,Leeds,Fox/badger tick,Ixodes canisuga,53.836379043803994,-1.5724701740249585
xlNn2P8j4ICFrvnilfAr,2015-07-25T13:25:49,Southampton,Passerine tick,Dermacentor frontalis,50.957945964718554,-1.4003992659826086
T7h6w44ZUuPHTVUiC3aw,2021-09-18T20:32:54,Newcastle,Fox/badger tick,Ixodes canisuga,54.97295376299429,-1.6444254011781232
w9ZVfej8Zz0S7Tmy4yY3,2021-01-12T22:50:15,Sheffield,Tree-hole tick,Ixodes arboricola,53.350219892864715,-1.4685616096926226
FC94cTxWqQB2Kd0bvzyx,2021-05-11T10:32:37,London,Passerine tick,Dermacentor frontalis,51.51167972034022,-0.10436029333842396
vDgGt5UjNxhDVBFon9AS,2024-08-30T17:56:19,Liverpool,Marsh tick,Ixodes apronophorus,53.43993390352086,-2.965781717972382
3haE5ThpcoVM0rK52S0M,2013-08-08T00:19:41,Glasgow,Passerine tick,Dermacentor frontalis,55.90998715263516,-4.235776533411236
6nIBiritQYfQ32VokYSm,2013-07-18T23:47:12,Edinburgh,Passerine tick,Dermacentor frontalis,55.94278851903963,-3.205546178174836
bTrvoR9KUIOpgsWIubN4,2019-01-14T08:09:34,Edinburgh,Southern rodent tick,Ixodes acuminatus,55.96285510744619,-3.1686880695914543
FH1Bx0W5hozIWG7aepsf,2016-03-12T18:04:59,Sheffield,Tree-hole tick,Ixodes arboricola,53.376141565967664,-1.4739047288145088
StbFKwg5Zdx42DlgUaVb,2015-12-11T05:56:50,Bristol,Tree-hole tick,Ixodes arboricola,51.45743748230518,-2.597719828944937
b4HtlCMYx8QaveCuVaq1,2017-03-04T09:45:52,Nottingham,Tree-hole tick,Ixodes arboricola,52.95392607140235,-1.1456274385160006
RkSd6mhhd9oTRuTeKrmK,2017-01-13T14:53:34,Sheffield,Marsh tick,Ixodes apronophorus,53.3712307667829,-1.4720148935365387
H6AqFaCfSNlayUmy9q1P,2023-02-20T02:25:54,Edinburgh,Passerine tick,Dermacentor frontalis,55.92867920129766,-3.174972525564932
ByutGbTfQB8vxedFPWbH,2022-03-22T19:55:27,London,Fox/badger tick,Ixodes canisuga,51.53862951293655,-0.14401373666770453
YWLqmEEDwDA5cRTKCpPl,2018-01-05T13:41:31,London,Passerine tick,Dermacentor frontalis,51.51610905062306,-0.07954112300818597
iuymPCc6sLk8iNDKfRCG,2014-07-30T11:55:21,Nottingham,Fox/badger tick,Ixodes canisuga,52.93652874288075,-1.1814189286024632
T1y5jHL1FcoH4LDgZo6X,2019-10-15T06:08:13,Liverpool,Southern rodent tick,Ixodes acuminatus,53.39191141350964,-3.0182738694229423
klMtwuJjnqjwY49eLsHc,2014-01-07T21:48:51,Cardiff,Southern rodent tick,Ixodes acuminatus,51.48904250466444,-3.168888784086394
ya20Hxs21ULk3VUmjLJs,2016-07-18T11:21:31,Glasgow,Fox/badger tick,Ixodes canisuga,55.8146231062472,-4.234724989307946
iuymPCc6sLk8iNDKfRCG,2014-07-30T11:55:21,Nottingham,Fox/badger tick,Ixodes canisuga,52.91231508401669,-1.116097303438216
ecEd2z4RwHEJJum4wHOo,2013-01-05T13:44:03,Glasgow,Passerine tick,Dermacentor frontalis,55.89147058754335,-4.26580594859155
v77UE07ae5Fh6pRpAbuw,2023-06-02T19:20:00,Liverpool,Passerine tick,Dermacentor frontalis,53.435179397132295,-3.0218463779097964
FQ6HktxRWqNcDv924ONW,2023-03-30T04:21:12,Leeds,Passerine tick,Dermacentor frontalis,53.75856439854782,-1.5465252801080749
02WNholuSg6ndCk4c1dA,2022-08-01T06:40:31,Manchester,Marsh tick,Ixodes apronophorus,53.51255154900479,-2.1983875781095
xTe6aWcbBKTxj3FtHYY1,2012-05-19T22:46:19,London,Marsh tick,Ixodes apronophorus,51.479692912584675,-0.15572827418899435
zRZvDbjM8XZGlBzux6Ln,2014-07-29T01:40:06,Edinburgh,Passerine tick,Dermacentor frontalis,55.91131048653877,-3.221478782203843
EyCsXBBNAjzSGGTRVpjt,2013-12-23T19:30:23,Newcastle,Tree-hole tick,Ixodes arboricola,54.9877625788387,-1.553577197315915
P7lEgevWcyf4f8gGFxIA,2013-09-22T16:29:54,Newcastle,Tree-hole tick,Ixodes arboricola,54.983900928154256,-1.5902192460637117
xGj2FDydqRrqxHnc7Krk,2020-01-23T20:45:37,Birmingham,Passerine tick,Dermacentor frontalis,52.48183153712409,-1.9125536842679374
4whMANj754FhlLX4Od9N,2013-10-12T00:33:44,Sheffield,Fox/badger tick,Ixodes canisuga,53.35331573468119,-1.4642862017536775
X6n1au6cDU1WGmXvS48h,2020-08-28T18:36:35,London,Marsh tick,Ixodes apronophorus,51.50635786467147,-0.11427702246637746
0PPxLMBVzgqsoA8ExrkR,2022-02-03T15:49:52,Sheffield,Fox/badger tick,Ixodes canisuga,53.344687382954156,-1.4970093046640707
uKV79fATq5nigkdW40RK,2014-10-09T09:50:31,Cardiff,Fox/badger tick,Ixodes canisuga,51.485035005751456,-3.207738974827423
WTchOPSD8sGZ8hJiwBBR,2014-01-30T09:52:48,Sheffield,Marsh tick,Ixodes apronophorus,53.36840306256941,-1.479576174399983
x6TZr9LtRHQOpwM27lZY,2021-09-15T06:39:02,Glasgow,Passerine tick,Dermacentor frontalis,55.8592039262694,-4.232020125141765
vJ5hAN6KuhjDgF5Jx92r,2014-07-30T23:59:26,Newcastle,Passerine tick,Dermacentor frontalis,55.013958866223454,-1.5661689422535743
7ymlbFjZ8KBHBsOmkEsh,2012-03-09T04:01:56,Southampton,Tree-hole tick,Ixodes arboricola,50.879269117436195,-1.444818674764027
Q2Uu4nErrOta0O6hi6Z4,2014-12-19T11:51:09,London,Marsh tick,Ixodes apronophorus,51.55723226808218,-0.1307479452860863
L0HuMHK0PI2cWv3XvBSN,2019-06-10T13:42:28,Glasgow,Marsh tick,Ixodes apronophorus,55.86893662418215,-4.259945386585216
PeS49k1UBWSzpdhEeOPo,2014-10-06T09:23:11,Edinburgh,Marsh tick,Ixodes apronophorus,55.91485142657206,-3.1651278634660476
pKyMsVQ6yvdOTa30zb2A,2015-06-30T04:40:44,Birmingham,Southern rodent tick,Ixodes acuminatus,52.52901943552453,-1.9376362051082816
M7PMHMUREz50xzWeU7tp,2019-09-07T13:52:05,Edinburgh,Fox/badger tick,Ixodes canisuga,55.94254079234242,-3.1917361398440156
w6J5IXRhUNu1e9BdoyTM,2015-09-23T05:34:25,Liverpool,Fox/badger tick,Ixodes canisuga,53.422433710742666,-3.0288542310405506
Zojo3wSCPL0hBNIMHeny,2015-02-09T22:06:52,Bristol,Marsh tick,Ixodes apronophorus,51.41059971205635,-2.626776694450485
FNRJmAyWPntyivP6zrsb,2018-02-28T14:49:55,Manchester,Passerine tick,Dermacentor frontalis,53.503129213087334,-2.243297058771384
7XWDtRF2fHFDUU0mePcz,2024-08-22T15:25:39,Newcastle,Fox/badger tick,Ixodes canisuga,54.91707196347913,-1.6140003195403005
05349NmKTyfUhYKZNNH0,2015-03-17T09:10:25,Glasgow,Passerine tick,Dermacentor frontalis,55.841796235755666,-4.237603938358166
RSocILpYMa6IG7DJDdSE,2018-11-19T07:53:07,Birmingham,Tree-hole tick,Ixodes arboricola,52.479793368300676,-1.8713415661101476
vmrBZheRR3laUh7oSSVK,2021-10-03T11:59:12,Glasgow,Tree-hole tick,Ixodes arboricola,55.825145800693306,-4.298605543397671
9RInLb9D9Vr6Dl0gq8rw,2012-02-04T22:47:40,Newcastle,Passerine tick,Dermacentor frontalis,54.94781788987986,-1.5977508847721118
CE7lsZjdLZU0gneaut6Y,2014-03-18T21:07:53,Leeds,Tree-hole tick,Ixodes arboricola,53.79673716534098,-1.534044387390936
Nl2znr65WHeMvzuRtSck,2018-12-25T16:19:25,Liverpool,Passerine tick,Dermacentor frontalis,53.404697601409794,-2.9339046302137852
cRExsbZmfjZ4rNEEejf5,2024-06-04T09:15:23,Cardiff,Marsh tick,Ixodes apronophorus,51.507923298218884,-3.172242413892102
6UVP1rzrW23gvOm2oxT3,2020-01-13T03:59:56,Sheffield,Southern rodent tick,Ixodes acuminatus,53.38416693121347,-1.4708181441582213
4BpYXknaXLU6PapCN7Ie,2020-07-12T14:00:33,Liverpool,Tree-hole tick,Ixodes arboricola,53.42530818909027,-2.9782863198352434
ASeCrHxOBrh3XPTH4oMW,2014-12-22T01:09:21,Leicester,Passerine tick,Dermacentor frontalis,52.61266487637352,-1.147330167850755
K18kLiOzBySntKFvA4Es,2013-10-03T23:25:41,Sheffield,Passerine tick,Dermacentor frontalis,53.33468447323155,-1.478659088123745
Hl56tj9pHF0KxoORz0uz,2024-03-30T20:29:12,Liverpool,Tree-hole tick,Ixodes arboricola,53.389771361391716,-2.9497507423624167
Wf6yH4ir9cQg5Bij3dfD,2020-08-27T03:17:49,Leeds,Passerine tick,Dermacentor frontalis,53.799645800766825,-1.5293026835173704
szOO4Me73AonK5KAGyvv,2013-06-27T08:24:19,Liverpool,Marsh tick,Ixodes apronophorus,53.42681807454058,-2.9334344712278995
shXjdSmlA8tYmqLAlp4j,2022-10-11T01:07:23,Nottingham,Tree-hole tick,Ixodes arboricola,52.98924134141134,-1.183949557631683
5Qe4AAJsQpmQYlXmQoHn,2017-07-11T16:46:25,Southampton,Passerine tick,Dermacentor frontalis,50.89020417075764,-1.4183189787851989
FaOs9NVpdUjcdr9ZoofK,2018-02-27T23:52:42,London,Tree-hole tick,Ixodes arboricola,51.4646113739796,-0.08306410580969215
3vAbBAAcmpIC0uFp4qK9,2024-10-23T00:29:35,Nottingham,Fox/badger tick,Ixodes canisuga,52.91902312422402,-1.1732563457226561
okTwzojReK0wvgh0v4Wk,2020-11-12T20:33:17,London,Passerine tick,Dermacentor frontalis,51.545304900744824,-0.07669983213468458
mlaoEgkf4u4ekmG2HtmA,2016-12-21T05:59:55,Bristol,Fox/badger tick,Ixodes canisuga,51.459732908096846,-2.540992531758647
oCA8LS6PY7KzMSya9Ynh,2019-08-11T12:14:38,Glasgow,Fox/badger tick,Ixodes canisuga,55.90559129850373,-4.278214698525967
efM3hIfRiOzVSZwrPS0m,2017-09-29T13:58:38,Newcastle,Passerine tick,Dermacentor frontalis,54.97367731709753,-1.5962378371436572
oA4D9dQUBh4xImV86bRI,2016-03-08T03:57:06,Birmingham,Passerine tick,Dermacentor frontalis,52.53489191606861,-1.9377342160928344
o1Ga1NwaGJhA8jfTNgYO,2016-10-27T04:14:16,Southampton,Passerine tick,Dermacentor frontalis,50.94189682672149,-1.452553317091806
z9gJdab10hNcAVk7eoqk,2018-09-14T02:12:34,Edinburgh,Marsh tick,Ixodes apronophorus,55.97612202224969,-3.2297445668358735
g42DmGoM8dDPOcpUEuoF,2021-08-15T20:40:58,Edinburgh,Marsh tick,Ixodes apronophorus,55.9927368768436,-3.196494933170258
nXbOfVoPX9c4NHfbdQO2,2022-01-12T19:43:00,Cardiff,Passerine tick,Dermacentor frontalis,51.48555923242403,-3.180575149385003
NrqYwnoPeDmPTQfunl9Z,2023-03-03T00:37:19,Southampton,Marsh tick,Ixodes apronophorus,50.94479628893621,-1.4503024458929694
E7fOH4Ht6Q63KT7Qlhpp,2020-11-15T09:58:23,Glasgow,Tree-hole tick,Ixodes arboricola,55.86931380429236,-4.248107317013706
n3AGwNNtFIiG2hhE3NV4,2024-08-01T00:43:03,Bristol,Tree-hole tick,Ixodes arboricola,51.48363051184504,-2.563773785066236
tmuXaUR7ipVGwCNs7Ypc,2019-07-29T10:43:48,Edinburgh,Marsh tick,Ixodes apronophorus,55.98846505753752,-3.213285207078309
4XlbZB98NFfaIaZS1sdR,2020-08-19T12:07:08,Leicester,Southern rodent tick,Ixodes acuminatus,52.66384772839993,-1.1777686791343627
tFpfZYF4gRR0PiJvRmmP,2019-08-21T02:39:25,Edinburgh,Passerine tick,Dermacentor frontalis,55.96128502902287,-3.168022267112169
DFOXJECOHLIgurUbkGDe,2016-04-10T01:13:44,Glasgow,Southern rodent tick,Ixodes acuminatus,55.87247398025072,-4.298867445614669
hBdKD2gPCKJ1eqHdir08,2016-11-23T22:03:59,Leicester,Southern rodent tick,Ixodes acuminatus,52.614380007712384,-1.1319242576095874
G4mB10cbrvTbwgGHc3xQ,2020-11-05T08:09:09,Liverpool,Southern rodent tick,Ixodes acuminatus,53.35725452869974,-2.9768517921834823
bjgCNFIrXiTJVF1uj1Px,2019-07-06T06:58:42,Liverpool,Southern rodent tick,Ixodes acuminatus,53.374923791130556,-2.9350789817619094
FxJC5DrgT7gPyMLLeP1p,2018-07-17T07:49:54,Bristol,Fox/badger tick,Ixodes canisuga,51.40808288069773,-2.595666351719901
3WDoZ4kGpYvjEyYaGYGw,2015-04-19T11:48:28,London,Marsh tick,Ixodes apronophorus,51.50601120322358,-0.10461386529429134
y51ZWE8b5pgZ0aS0KuPo,2018-06-05T06:19:35,Liverpool,Fox/badger tick,Ixodes canisuga,53.370442956219044,-2.9497882160781024
DFOXJECOHLIgurUbkGDe,2016-04-10T01:13:44,Glasgow,Southern rodent tick,Ixodes acuminatus,55.830038423011544,-4.206841376039858
6EAhpY86qoLTW76pGT3G,2015-03-19T23:14:03,Birmingham,Tree-hole tick,Ixodes arboricola,52.504301790599854,-1.8673410760824576
hNUiO5Nx4zewL7HBPsSW,2017-02-10T08:55:57,Edinburgh,Tree-hole tick,Ixodes arboricola,55.93937606039043,-3.2331455706801453
9EFXCFxCVXy6apCASOs1,2015-12-06T05:58:08,Newcastle,Marsh tick,Ixodes apronophorus,54.955699835900404,-1.5934996194169564
BXh9Zef5jLWMNJ0l7Yu3,2020-09-21T07:53:52,Cardiff,Tree-hole tick,Ixodes arboricola,51.494975996790025,-3.1554268281889395
3Nogikm5ECn9BOzGemXt,2024-09-12T05:39:11,Southampton,Fox/badger tick,Ixodes canisuga,50.88632563390288,-1.4232192972666178
aABOUyyyfNKf9ba8s9un,2024-03-28T10:11:17,Edinburgh,Passerine tick,Dermacentor frontalis,55.906173897214565,-3.162248759451778
rrfUy4PQVZgxbVNg1ugI,2013-10-13T15:24:23,Manchester,Fox/badger tick,Ixodes canisuga,53.53072994426661,-2.2149418111307178
1VsrvUmhvA9wLvuahmgX,2012-06-27T03:19:07,Nottingham,Tree-hole tick,Ixodes arboricola,52.92340766113233,-1.1952656807878885
NiX9S6v7vKzEkjGwmjpn,2013-06-20T23:44:17,Manchester,Fox/badger tick,Ixodes canisuga,53.459517664920675,-2.203436122402039
SieaANJiDLOGMzeJN9il,2022-11-22T12:58:19,Nottingham,Fox/badger tick,Ixodes canisuga,52.96619037378226,-1.154305080709471
0uCFMyqZJDRBYAmEFpSL,2015-09-20T13:43:51,Manchester,Marsh tick,Ixodes apronophorus,53.468686966114355,-2.2890644542833094
3KeoYblTvAKYVRpsPuE0,2021-07-04T10:55:49,Leeds,Passerine tick,Dermacentor frontalis,53.80430321666896,-1.5883850581021262
UPJcBmWvVMYjWyoj7PJ2,2015-10-11T06:43:43,Edinburgh,Tree-hole tick,Ixodes arboricola,55.915336780411614,-3.2273652631889838
HkhkMq9yolI7T8y8QgIV,2015-05-09T06:41:08,Cardiff,Tree-hole tick,Ixodes arboricola,51.50148570258692,-3.1907505191511714
y1fM2l3XJWsVJBs13k8A,2016-08-13T20:02:49,Liverpool,Tree-hole tick,Ixodes arboricola,53.4396957290023,-2.946803467651606
Q3TuHAQSLgkc8v41PA2w,2023-05-17T11:54:49,Nottingham,Marsh tick,Ixodes apronophorus,52.92846177070779,-1.1723351604132457
5KPMyE7RLO5QMoQDAeUG,2022-04-27T20:01:13,Birmingham,Fox/badger tick,Ixodes canisuga,52.527191797543814,-1.931236140184894
oDyRHtTMQgW6gZRvuDbA,2018-01-27T23:44:24,Edinburgh,Southern rodent tick,Ixodes acuminatus,55.910932369351244,-3.177338172337876
ejfVmgF5fsGQBK4ovfOX,2015-04-07T14:18:14,Bristol,Marsh tick,Ixodes apronophorus,51.493445538995516,-2.6229007934663118
CUFiFnljNp3xxKwmiCVW,2022-05-25T14:27:47,Leeds,Tree-hole tick,Ixodes arboricola,53.841562947260115,-1.554975864897196
0L5BVSzmm898d1JCBaVB,2023-07-20T21:30:11,Nottingham,Passerine tick,Dermacentor frontalis,52.961370657545096,-1.1088282149776174
9bCXNxlovKkRxtdPxMyO,2019-10-03T20:40:24,Glasgow,Tree-hole tick,Ixodes arboricola,55.82415255908176,-4.221995974869319
okXN6rgciNCfndicZntB,2012-09-01T00:11:36,London,Passerine tick,Dermacentor frontalis,51.5324908204186,-0.1110519480646939
RkSd6mhhd9oTRuTeKrmK,2017-01-13T14:53:34,Sheffield,Marsh tick,Ixodes apronophorus,53.40705640806442,-1.4799388255504213
EHShvlC8XYkcToUQds4q,2018-04-08T09:27:40,Sheffield,Passerine tick,Dermacentor frontalis,53.341756779174545,-1.4778983383272972
RY3kdsWCT4a7HHZSFdn1,2022-09-06T22:41:29,Edinburgh,Fox/badger tick,Ixodes canisuga,55.98020936405858,-3.140807797508304
KE4H6XqCWD1XZMTgPMbb,2012-03-12T19:44:51,Glasgow,Passerine tick,Dermacentor frontalis,55.8428942106421,-4.240164694314879
pOUOMhtIAK0a2h0FQXO4,2020-11-30T19:37:40,Birmingham,Southern rodent tick,Ixodes acuminatus,52.45361024941669,-1.8568211614149086
tR1HvhalUxdUMoe5HG9j,2022-09-09T08:28:02,Newcastle,Passerine tick,Dermacentor frontalis,54.96721956693284,-1.5982206903487424
UOFs2LXNQhzLHtARw0Ej,2024-08-29T07:02:03,Sheffield,Fox/badger tick,Ixodes canisuga,53.392660188865314,-1.4477220948996488
xCn6dLnxzD5v5PiYPorL,2013-02-12T08:47:25,Sheffield,Tree-hole tick,Ixodes arboricola,53.36867301797472,-1.4745462864002745
jCV1IAMgSFAV3tY8ZRzx,2012-11-19T07:32:49,Manchester,Southern rodent tick,Ixodes acuminatus,53.45070483856044,-2.2517994912599506
YrKKTzzhz2gP1rX3j2DM,2015-10-07T07:11:30,Liverpool,Southern rodent tick,Ixodes acuminatus,53.35138346969448,-2.9553486030885256
MfEzuLHlq911ndw9WlmL,2018-06-27T10:58:52,Birmingham,Passerine tick,Dermacentor frontalis,52.446893359549485,-1.8944839780887854
GiLwoOFJlY5I8VxNUOWf,2019-07-15T19:35:14,Southampton,Marsh tick,Ixodes apronophorus,50.90561810162746,-1.4080570643552819
kq5ZxEnwxch0UY0XiPyr,2013-08-15T02:19:32,Edinburgh,Fox/badger tick,Ixodes canisuga,56.00310046820459,-3.231098650137279
Nbkno212sADyiXDO9C2Z,2020-12-16T01:41:02,Newcastle,Fox/badger tick,Ixodes canisuga,54.97882325072253,-1.5516320085074748
a2lGJfsBzUgV0CLClmqo,2020-01-20T04:21:46,Southampton,Marsh tick,Ixodes apronophorus,50.87265279333396,-1.4013943308626164
L24cKfajwi1B6as4rZLA,2021-01-13T21:44:12,Nottingham,Southern rodent tick,Ixodes acuminatus,52.9302684896578,-1.1455795573507592
7wM3049Ld2GQEaReLB2p,2021-10-16T09:53:37,Glasgow,Tree-hole tick,Ixodes arboricola,55.86805838544854,-4.274511772358523
FBzoHkuYh5Y8aVFrGab8,2020-01-19T00:15:32,Sheffield,Tree-hole tick,Ixodes arboricola,53.34980151201755,-1.5037687105648292
dV9s3G8Wqp2WmFq5EONw,2021-11-16T18:28:35,Nottingham,Fox/badger tick,Ixodes canisuga,52.926618312613265,-1.1701977693395311
l8fMYrtE62bflvPfFELr,2024-05-12T10:47:07,Liverpool,Passerine tick,Dermacentor frontalis,53.395732891868164,-2.9679584535480346
Q3TuHAQSLgkc8v41PA2w,2023-05-17T11:54:49,Nottingham,Marsh tick,Ixodes apronophorus,52.93993613469545,-1.134733547485436
PDIAFN2zMkrkA1CPELRH,2016-05-07T18:26:03,Nottingham,Southern rodent tick,Ixodes acuminatus,52.94516951444273,-1.1900376096051868
aABOUyyyfNKf9ba8s9un,2024-03-28T10:11:17,Edinburgh,Passerine tick,Dermacentor frontalis,55.93724611725472,-3.1819333511545866
ZxIgHlFn4WhZFPBS3CBy,2012-08-12T10:39:44,Glasgow,Passerine tick,Dermacentor frontalis,55.82349008489124,-4.278589271527874
e6rsfodIkBtQQH4e2BiD,2013-02-14T06:01:21,Newcastle,Southern rodent tick,Ixodes acuminatus,54.954625514661366,-1.5801355590200281
ecEd2z4RwHEJJum4wHOo,2013-01-05T13:44:03,Glasgow,Passerine tick,Dermacentor frontalis,55.84736651985885,-4.269786985134971
c7OwRKYAfAuI3piSwG42,2022-12-16T01:26:07,Leicester,Passerine tick,Dermacentor frontalis,52.67373001806816,-1.1204928543110546
IG3l1a8oRJtvyPKF3rgO,2021-10-20T01:23:04,London,Marsh tick,Ixodes apronophorus,51.51496535211332,-0.153673676164092
1VsrvUmhvA9wLvuahmgX,2012-06-27T03:19:07,Nottingham,Tree-hole tick,Ixodes arboricola,52.97433503235688,-1.1725320597867164
5obLk5ADwtVMaHP8mvRZ,2019-07-17T13:49:20,Bristol,Fox/badger tick,Ixodes canisuga,51.46733431288651,-2.577201767964672
LTwgWNfUoL7pkD5vV627,2015-08-27T14:06:51,Southampton,Passerine tick,Dermacentor frontalis,50.92919076234701,-1.4171428821261416
l6rBiiSNeN66kjlp7TXC,2016-05-05T13:59:54,Glasgow,Southern rodent tick,Ixodes acuminatus,55.88670497949997,-4.23144394339373
b1SOOCLWzwAdzOpZuL7x,2018-07-21T16:28:23,Glasgow,Passerine tick,Dermacentor frontalis,55.90037853074699,-4.277809705934552
oDyRHtTMQgW6gZRvuDbA,2018-01-27T23:44:24,Edinburgh,Southern rodent tick,Ixodes acuminatus,56.00059106435812,-3.1957303539887807
O8KJXNlxW87DvuRcGiuD,2012-02-26T23:24:33,Edinburgh,Passerine tick,Dermacentor frontalis,55.92633268300678,-3.208616437751825
n9WpB7C0LjiG657dfwdO,2015-05-12T08:31:33,Liverpool,Tree-hole tick,Ixodes arboricola,53.43273920778717,-2.9455900100928387
bocX9wijAxDqtLnTJwQe,2023-11-07T08:21:48,Liverpool,Passerine tick,Dermacentor frontalis,53.400666375921816,-2.9567278093585028
npxeeHmFhxiTPZd54RWa,2017-02-03T03:39:13,Cardiff,Southern rodent tick,Ixodes acuminatus,51.48249274856206,-3.205864495239491
ENeRInaA98jFbwJI3o93,2023-11-02T01:15:00,Glasgow,Marsh tick,Ixodes apronophorus,55.83735269959507,-4.295536256146281
ASeCrHxOBrh3XPTH4oMW,2014-12-22T01:09:21,Leicester,Passerine tick,Dermacentor frontalis,52.63178733711038,-1.1539352594187777
8dLyAYTdpx2jKF0nCeNC,2024-04-10T07:50:37,Manchester,Tree-hole tick,Ixodes arboricola,53.51969768867032,-2.2210460428610035
zRZvDbjM8XZGlBzux6Ln,2014-07-29T01:40:06,Edinburgh,Passerine tick,Dermacentor frontalis,55.99971450910647,-3.215874813877452
w6J5IXRhUNu1e9BdoyTM,2015-09-23T05:34:25,Liverpool,Fox/badger tick,Ixodes canisuga,53.431791721981206,-3.011797907105942
gi41i4LD7a8z1T2JoVk2,2023-03-11T19:03:32,Manchester,Fox/badger tick,Ixodes canisuga,53.48564758801946,-2.21152195353503
oQRcAQt3uQXKAijMA1CT,2019-04-18T09:11:41,Bristol,Tree-hole tick,Ixodes arboricola,51.47462822824091,-2.62476324850178
y7Ib4N0mWpXKe4HQBgab,2018-08-24T01:25:14,Nottingham,Southern rodent tick,Ixodes acuminatus,52.931516897151845,-1.123485022196416
ZXxbxaCr2PyqgAUujw4d,2012-11-23T18:22:36,Nottingham,Fox/badger tick,Ixodes canisuga,52.95713559051018,-1.1646408472491554
f9hVgw8yNbpXpx2mm0HE,2013-09-10T00:51:31,Nottingham,Fox/badger tick,Ixodes canisuga,52.95591095954428,-1.1618162510989498
PvnBfdp00ggOFB4S47E2,2022-07-18T01:42:14,Bristol,Marsh tick,Ixodes apronophorus,51.46848815924772,-2.5907375659324803
fjJyZs4YlOpRlGAFgDlf,2019-04-13T02:03:21,London,Fox/badger tick,Ixodes canisuga,51.514409196137336,-0.07599323086660849
9Qvi7NJLHTbEip46s9Nv,2019-02-07T07:52:22,Manchester,Southern rodent tick,Ixodes acuminatus,53.50227555900052,-2.2768909869362823
BZ4iQ6FJzEilaS6PMPu1,2012-02-25T05:50:29,Bristol,Passerine tick,Dermacentor frontalis,51.48237844507464,-2.6175952858357485
45giE11e9oGHGyOXa7Cn,2023-08-11T19:58:57,Edinburgh,Marsh tick,Ixodes apronophorus,55.9716450675051,-3.187445298442617
3Qj53M61V3tLVwBNNPEY,2020-11-09T10:03:31,Glasgow,Marsh tick,Ixodes apronophorus,55.84909612553816,-4.205616492218474
iLk7GhtTSEaZz80L269k,2023-01-02T08:29:53,London,Southern rodent tick,Ixodes acuminatus,51.489304549888814,-0.13976084521238877
L0HuMHK0PI2cWv3XvBSN,2019-06-10T13:42:28,Glasgow,Marsh tick,Ixodes apronophorus,55.83459546867639,-4.242770098989936
YWLqmEEDwDA5cRTKCpPl,2018-01-05T13:41:31,London,Passerine tick,Dermacentor frontalis,51.48671605315484,-0.15477589408583248
yWraib2Zv9siRlzVdChS,2021-08-05T04:45:55,London,Southern rodent tick,Ixodes acuminatus,51.53499397186113,-0.1662645076323915
IWkIdJFsPjd9E990hs0M,2023-08-08T23:36:14,London,Tree-hole tick,Ixodes arboricola,51.469448013533444,-0.10239378887061798
YQ3Mfdm7FjdUPSNdU8nm,2015-12-19T19:01:54,Cardiff,Passerine tick,Dermacentor frontalis,51.44508684248965,-3.219574333248061
YwFCOeRmycVLgsoupxXs,2015-03-18T15:07:21,Sheffield,Tree-hole tick,Ixodes arboricola,53.41902007193617,-1.4893186112700132
83WtbOyHXrd5r85gb5Vz,2024-12-30T04:32:12,Glasgow,Southern rodent tick,Ixodes acuminatus,55.81988201240054,-4.296992763748396
brndliVZbSLLJIxwJunf,2013-07-04T12:01:16,Nottingham,Marsh tick,Ixodes apronophorus,52.945524268198234,-1.1239376033561734
9rActoXLFeIqJOyaA0qA,2021-03-14T04:09:23,Liverpool,Marsh tick,Ixodes apronophorus,53.387102967188945,-2.9917215684737486
ZOMg7mCcACN4A3BnGweq,2024-02-04T13:30:33,Newcastle,Southern rodent tick,Ixodes acuminatus,54.95995368470892,-1.6468312351402545
D16roCvyIFzWS9r9oK2Q,2014-02-22T10:42:48,Leeds,Passerine tick,Dermacentor frontalis,53.76548545267296,-1.5965718522858245
xduB7WfqkSJw4UCHAuYe,2023-08-13T19:01:55,Leeds,Tree-hole tick,Ixodes arboricola,53.81463091708747,-1.5238717826091117
YSPwzA0KXvOZBro3wEA3,2016-08-14T11:12:00,Nottingham,Marsh tick,Ixodes apronophorus,52.96633623986849,-1.1308201586194961
ZcCCJVpIlgfPX1KPkX9i,2016-03-01T09:28:37,Leicester,Marsh tick,Ixodes apronophorus,52.587808554876574,-1.087615919103925
YQ3Mfdm7FjdUPSNdU8nm,2015-12-19T19:01:54,Cardiff,Passerine tick,Dermacentor frontalis,51.44906695840651,-3.225082570064893
1uSBJEH1JCknFpgNLKtZ,2017-01-25T18:18:51,Manchester,Southern rodent tick,Ixodes acuminatus,53.48050539279079,-2.2533882973173993
K7ccFz7V9dJ8Jm496RSz,2019-04-02T17:01:26,Southampton,Tree-hole tick,Ixodes arboricola,50.94159184988935,-1.414945099932792
drelGkBlZdCbBt2yGJ7U,2020-03-04T23:01:37,Cardiff,Fox/badger tick,Ixodes canisuga,51.47234399260365,-3.1770316349034644
Pbt56iOYPDE1LNzGtKfG,2021-11-06T06:03:34,Birmingham,Marsh tick,Ixodes apronophorus,52.473291975813446,-1.900074186693663
SP7kgRoPTmloWj8zEak5,2013-01-08T15:44:12,Birmingham,Southern rodent tick,Ixodes acuminatus,52.495974720431924,-1.925654280307898
g8ACvfJ9Zv4CnfvNWG9F,2019-05-12T00:30:51,London,Passerine tick,Dermacentor frontalis,51.55286417226984,-0.1669443507425125
lNLhXoP7dGEUMlQqPLAd,2021-01-20T02:28:09,Glasgow,Southern rodent tick,Ixodes acuminatus,55.846796608949084,-4.219698598727311
IG3l1a8oRJtvyPKF3rgO,2021-10-20T01:23:04,London,Marsh tick,Ixodes apronophorus,51.558157652398805,-0.1105379856321004
KN1tzAlN0sw5XWqq7Bmb,2018-10-11T14:16:48,Edinburgh,Passerine tick,Dermacentor frontalis,55.969715924991284,-3.1822559766438028
jwM6Ge0xgsAfNkjceVhf,2022-11-22T03:36:31,Nottingham,Fox/badger tick,Ixodes canisuga,52.942158990873295,-1.1011656102984855
PcybtjIc0yK4JwE1RHcc,2014-12-06T23:27:34,Sheffield,Passerine tick,Dermacentor frontalis,53.426179562242176,-1.515727898846606
Mo4JoRxQqceH6bMy3fqN,2017-06-29T03:06:06,Leicester,Passerine tick,Dermacentor frontalis,52.647793307773526,-1.1192486085548317
YwSwSKm7KE7JpjrdkvCl,2012-07-02T14:27:07,Edinburgh,Southern rodent tick,Ixodes acuminatus,55.966555442975164,-3.208624739491516
sKrOiHFnlSeYLNjydBiO,2012-12-31T14:49:42,London,Tree-hole tick,Ixodes arboricola,51.51419485887296,-0.14092478713477224
2jznlhICSCIrnPJ8rgQ7,2017-12-27T05:46:35,Newcastle,Southern rodent tick,Ixodes acuminatus,54.99072130750797,-1.61904700244084
3EhiuZeS21dXpMZTNJEq,2019-10-15T04:19:36,Glasgow,Passerine tick,Dermacentor frontalis,55.89145384142267,-4.2022928947046
SP2ErFEQniZMZ4ixW9K9,2023-04-08T02:41:39,Leeds,Passerine tick,Dermacentor frontalis,53.77903829915005,-1.5146325457015366
JlYJCYtGgXG5PPVCV7Ts,2020-02-16T00:52:40,Edinburgh,Fox/badger tick,Ixodes canisuga,55.96300795762901,-3.177021932367107
lP6fhEjbGmZafbaJIKrY,2013-11-25T14:40:08,Leicester,Southern rodent tick,Ixodes acuminatus,52.611035491384825,-1.0909329191591883
45giE11e9oGHGyOXa7Cn,2023-08-11T19:58:57,Edinburgh,Marsh tick,Ixodes apronophorus,55.90399122629641,-3.1734345104234722
y7ETHtNRFxSWvbQ7hw0x,2024-03-13T14:34:43,Birmingham,Marsh tick,Ixodes apronophorus,52.512950196618064,-1.875453375840465
DvaifYQDRUDP5iNAZuqB,2023-04-05T04:30:23,Sheffield,Southern rodent tick,Ixodes acuminatus,53.384150427012976,-1.508063214060062
mqfnRVwajySN0tmwk47o,2012-04-04T04:51:45,Newcastle,Fox/badger tick,Ixodes canisuga,54.92216989863512,-1.5917561014239279
ugzxj8porcW6Y20NuCIe,2013-02-27T15:57:07,Nottingham,Southern rodent tick,Ixodes acuminatus,52.98277919028665,-1.1690005024006667
lIPrppLZJ182GqraMR9j,2020-01-15T10:18:38,Birmingham,Marsh tick,Ixodes apronophorus,52.47386549587655,-1.8688323825793764
hBDk2SV5VKr6XaKLHMrD,2016-07-21T12:34:22,Nottingham,Tree-hole tick,Ixodes arboricola,52.983654136403956,-1.1895192728412707
Xhzc0Qm7yHr0KW7hGEBv,2020-01-12T12:44:15,Glasgow,Marsh tick,Ixodes apronophorus,55.825602017673226,-4.269681811571598
fBwyQZTMY1PrNSfrI4Zh,2021-06-08T00:05:04,Edinburgh,Passerine tick,Dermacentor frontalis,55.98352383144635,-3.2273638913968705
BZ4iQ6FJzEilaS6PMPu1,2012-02-25T05:50:29,Bristol,Passerine tick,Dermacentor frontalis,51.49835399589042,-2.543984978713741
5zGlbMy45diJFgDwGt0b,2020-03-24T17:15:33,Cardiff,Fox/badger tick,Ixodes canisuga,51.51815747565644,-3.1304068850575537
5tYPKiWr6bMuMC7lc2Eq,2019-04-22T07:22:11,Edinburgh,Marsh tick,Ixodes apronophorus,55.962440745223404,-3.1589738189944536
oyE1pvmNhi9d4Aq7sYin,2013-09-10T20:50:09,Manchester,Southern rodent tick,Ixodes acuminatus,53.490408400928786,-2.2642499666474873
4roCxtIrNuW2SERVIKTL,2015-07-04T00:47:36,Birmingham,Fox/badger tick,Ixodes canisuga,52.49810144360357,-1.9034981463108314
18eYwPQXGmWl3ZnyiYLD,2015-03-22T04:53:53,Nottingham,Tree-hole tick,Ixodes arboricola,52.96105502108795,-1.1824173322885787
1SaWWwei5I8AFbxsl9UE,2020-09-05T15:39:10,Manchester,Tree-hole tick,Ixodes arboricola,53.470218333721945,-2.258677003001824
tKScVXgJhi9vRdG2fnV1,2012-08-10T19:02:13,Glasgow,Fox/badger tick,Ixodes canisuga,55.86266573657925,-4.22398208819973
9Qvi7NJLHTbEip46s9Nv,2019-02-07T07:52:22,Manchester,Southern rodent tick,Ixodes acuminatus,53.46165700515214,-2.252502688576608
70TzB7ZFD0EyJFSwBC61,2018-01-27T19:35:18,Newcastle,Fox/badger tick,Ixodes canisuga,54.938935290275225,-1.613864649614933
Q2GQId7YuGQcsiDckc9x,2015-10-31T21:44:04,Birmingham,Fox/badger tick,Ixodes canisuga,52.51107185823895,-1.9350032559476549
cmomvSsNHNbJmjS59YGc,2021-07-16T15:13:50,Edinburgh,Fox/badger tick,Ixodes canisuga,55.942084643728634,-3.2023946861661323
PYbn1uI7kY8DUIZhPhwU,2023-11-04T13:31:18,Bristol,Passerine tick,Dermacentor frontalis,51.47222135227419,-2.5570397000216354
KUVmFKOfx42CJt31m7bA,2019-04-01T01:04:58,Sheffield,Passerine tick,Dermacentor frontalis,53.39553019718791,-1.5143937079250525
RnSpVb0K9iJEosUDfah1,2018-09-12T13:05:24,Southampton,Southern rodent tick,Ixodes acuminatus,50.94785211461361,-1.4053052379962931
kbXdi2DpqILV0wajMzKZ,2018-09-12T12:29:43,Liverpool,Passerine tick,Dermacentor frontalis,53.441032816807834,-3.000839900133832
Q2Uu4nErrOta0O6hi6Z4,2014-12-19T11:51:09,London,Marsh tick,Ixodes apronophorus,51.52804732011909,-0.1438053137613145
fZo64TPqu9vcw47T28Nm,2013-08-23T02:52:43,Newcastle,Marsh tick,Ixodes apronophorus,54.97422191806975,-1.6313684045083203
NsqKCu26xdMA5py4NdTm,2019-02-27T10:45:38,Edinburgh,Fox/badger tick,Ixodes canisuga,55.92342072612327,-3.1468044761002085
xtiEypezSxsfNJVkz3N0,2024-01-13T07:16:39,Bristol,Southern rodent tick,Ixodes acuminatus,51.45452066042983,-2.563461578210007
tq1qSry5xRiCsQAMslaD,2013-01-20T17:40:33,Nottingham,Passerine tick,Dermacentor frontalis,52.962892109132326,-1.1353829380122484
NVRIZodO1nDSiQ5Ls74m,2018-07-08T15:25:40,Birmingham,Marsh tick,Ixodes apronophorus,52.481293815104664,-1.8614866535991743
WFXHYAiEyCHmKUUrnuo7,2017-02-07T14:45:48,Glasgow,Marsh tick,Ixodes apronophorus,55.874819592733964,-4.212917625585984
ayoIraRlZW4gtkUyV8UN,2016-06-24T10:02:06,Leeds,Southern rodent tick,Ixodes acuminatus,53.790135822617415,-1.556667461969041
HL4FsTeEhn3qhvK0N3kM,2019-11-19T13:19:46,Cardiff,Tree-hole tick,Ixodes arboricola,51.4865796895109,-3.1420799747361716
kLY588unNh5Nj4DWz5c7,2022-10-16T06:08:16,Birmingham,Fox/badger tick,Ixodes canisuga,52.466101624961894,-1.9007518234247955
rrfUy4PQVZgxbVNg1ugI,2013-10-13T15:24:23,Manchester,Fox/badger tick,Ixodes canisuga,53.470432157618035,-2.2283326907095167
FaOs9NVpdUjcdr9ZoofK,2018-02-27T23:52:42,London,Tree-hole tick,Ixodes arboricola,51.55045324444159,-0.07330570875329154
GFvwBwlKqG452CvPCekP,2015-02-18T14:43:58,Bristol,Southern rodent tick,Ixodes acuminatus,51.49179001494051,-2.6141777554905943
KciNxloIgscOuLLggnT5,2017-01-11T03:55:08,Newcastle,Tree-hole tick,Ixodes arboricola,54.91873393962827,-1.5976680854249008
oPsSEOUH8TCt29bdUHzp,2020-12-11T21:36:33,Leicester,Southern rodent tick,Ixodes acuminatus,52.65333252783602,-1.1299686377297002
RsimxKYXbujbRgp4ZvRY,2019-08-08T00:13:01,London,Marsh tick,Ixodes apronophorus,51.486606027274405,-0.08799955217439533
Nl2znr65WHeMvzuRtSck,2018-12-25T16:19:25,Liverpool,Passerine tick,Dermacentor frontalis,53.38302415452553,-3.0218004602098754
3Qj53M61V3tLVwBNNPEY,2020-11-09T10:03:31,Glasgow,Marsh tick,Ixodes apronophorus,55.84528988043774,-4.236836057301573
HuZ8omEvqmsv7DtA7uYR,2023-07-21T10:39:28,Leicester,Marsh tick,Ixodes apronophorus,52.621001067118485,-1.114926101466132
3haE5ThpcoVM0rK52S0M,2013-08-08T00:19:41,Glasgow,Passerine tick,Dermacentor frontalis,55.87148777192054,-4.205833337605529
Yo3gv3haQuhbo6IuZUmB,2013-03-11T09:14:38,Liverpool,Marsh tick,Ixodes apronophorus,53.43274300697607,-3.0203000031838565
ZqZWzvsvbpezAscUTU1T,2021-12-01T12:20:08,Birmingham,Passerine tick,Dermacentor frontalis,52.452906143181686,-1.926677141634089
FMTrhYMr40AzFyOYeMkx,2012-02-01T08:18:41,Cardiff,Passerine tick,Dermacentor frontalis,51.46473915297956,-3.1540568274687613
E1SoitjUxiTfAlad8Olp,2014-06-05T15:41:31,Cardiff,Passerine tick,Dermacentor frontalis,51.52687965661856,-3.1864817302766797
fZo64TPqu9vcw47T28Nm,2013-08-23T02:52:43,Newcastle,Marsh tick,Ixodes apronophorus,54.94155066624016,-1.6406669863026018
fhpi12COUkTyMLGA8e71,2023-12-11T16:35:06,Manchester,Tree-hole tick,Ixodes arboricola,53.47958004196751,-2.2904457215061065
K40qS0HJxOtoC9Sd9lry,2015-11-12T21:00:06,Nottingham,Southern rodent tick,Ixodes acuminatus,52.970492949858645,-1.1167987739718925
3XY7jBZDKFZGsTjy72Hw,2019-10-23T20:15:01,Nottingham,Tree-hole tick,Ixodes arboricola,52.95717354444001,-1.1853414228444832
IG3l1a8oRJtvyPKF3rgO,2021-10-20T01:23:04,London,Marsh tick,Ixodes apronophorus,51.53576589133822,-0.11474896056468666
02rFwLCaAwZSVxdTDicK,2014-09-12T23:33:03,London,Southern rodent tick,Ixodes acuminatus,51.5349810776155,-0.06972929332140908
8QjHL9AYfAD2BNUS0J8p,2015-06-16T21:03:18,Liverpool,Southern rodent tick,Ixodes acuminatus,53.38442493769133,-2.9567758426080033
VEJdN3oB1MqWeQ3J32Yg,2015-12-09T19:27:55,Glasgow,Fox/badger tick,Ixodes canisuga,55.84203960382469,-4.218664609398752
AoYEPQnOL8XSrFWnTvYP,2024-12-28T06:01:52,Birmingham,Southern rodent tick,Ixodes acuminatus,52.45855245547464,-1.8657871048326873
8nhE5TSJcL1oOld3OpVW,2023-06-17T13:08:18,Birmingham,Southern rodent tick,Ixodes acuminatus,52.465280436296524,-1.8569030525471577
TgZKtI0CG6Clr7yyrcFl,2015-11-29T00:00:28,Liverpool,Southern rodent tick,Ixodes acuminatus,53.419272398308294,-3.0011044880256943
MtiwlrClS8xH5ahB95Rh,2018-12-08T15:50:21,Nottingham,Passerine tick,Dermacentor frontalis,52.963794504485946,-1.1967269588132732
yCnT5AExmdUzu51zrqcS,2021-01-13T18:53:35,Glasgow,Tree-hole tick,Ixodes arboricola,55.847045204211625,-4.223823338382694
HUwyCepes6Tkk0z6IU4F,2014-01-13T02:49:30,Leeds,Marsh tick,Ixodes apronophorus,53.847512697530775,-1.5824500356009001
aABOUyyyfNKf9ba8s9un,2024-03-28T10:11:17,Edinburgh,Passerine tick,Dermacentor frontalis,55.93790935036618,-3.221181424030295
oOGITwX7NdhwQpvM9zdh,2017-05-21T22:11:04,Birmingham,Passerine tick,Dermacentor frontalis,52.44886425601326,-1.9320639695436441
o8sR0qTgLkDo3YisGYVD,2013-03-01T15:58:41,Edinburgh,Passerine tick,Dermacentor frontalis,55.909690764991446,-3.159130984082119
nrLSTjahy0VmHlUIlxMA,2015-06-01T00:12:09,Birmingham,Tree-hole tick,Ixodes arboricola,52.50059993976909,-1.893163943002764
c7OwRKYAfAuI3piSwG42,2022-12-16T01:26:07,Leicester,Passerine tick,Dermacentor frontalis,52.65997740326431,-1.0915026518204838
MykmZLD5EGFe6ojRSSdT,2017-05-07T11:05:46,Leicester,Marsh tick,Ixodes apronophorus,52.66943098635245,-1.1551813341257027
1X5DO4d2kst8TDz5yeUg,2020-07-20T09:44:59,Cardiff,Passerine tick,Dermacentor frontalis,51.46396319426421,-3.16272563008037
FMTrhYMr40AzFyOYeMkx,2012-02-01T08:18:41,Cardiff,Passerine tick,Dermacentor frontalis,51.46315908980127,-3.199182641417371
kTrBWIYmZOYCfwqaMgKI,2014-09-24T15:51:52,Southampton,Passerine tick,Dermacentor frontalis,50.86672004261354,-1.3884098300205743
g1eBRHhCcEcirRTkrigK,2016-10-04T18:38:00,Cardiff,Fox/badger tick,Ixodes canisuga,51.4978380411245,-3.1639908041926144
H1l31zA31Jt0uGhYgyhZ,2021-01-20T17:27:55,Newcastle,Southern rodent tick,Ixodes acuminatus,54.9808489181137,-1.6223562016748807
02rFwLCaAwZSVxdTDicK,2014-09-12T23:33:03,London,Southern rodent tick,Ixodes acuminatus,51.4926186052209,-0.15882759856165507
NEzia0bWh8BzZeBhYiUd,2023-07-13T22:45:31,Southampton,Tree-hole tick,Ixodes arboricola,50.875040329238146,-1.4462385494959578
Jl2BoDhGUezLen3GkwUw,2023-06-21T06:42:08,Glasgow,Fox/badger tick,Ixodes canisuga,55.85791874799705,-4.2237502172624515
bTrvoR9KUIOpgsWIubN4,2019-01-14T08:09:34,Edinburgh,Southern rodent tick,Ixodes acuminatus,55.95673403329358,-3.2133827731962485
kdMgkFL47paAunA3cfYA,2014-07-27T12:38:07,Cardiff,Southern rodent tick,Ixodes acuminatus,51.526372795213994,-3.2059408533914104
oOGITwX7NdhwQpvM9zdh,2017-05-21T22:11:04,Birmingham,Passerine tick,Dermacentor frontalis,52.453788594222694,-1.9221681412405018
v1vt9ekMPoGAdQg9miXI,2020-10-12T20:42:50,Bristol,Passerine tick,Dermacentor frontalis,51.40527907603835,-2.553103443369336
PeS49k1UBWSzpdhEeOPo,2014-10-06T09:23:11,Edinburgh,Marsh tick,Ixodes apronophorus,55.952047798617244,-3.20239930775668
sBVvethlD9HhHivJHzNL,2012-08-27T22:00:43,Glasgow,Tree-hole tick,Ixodes arboricola,55.906464359098216,-4.25448874692263
afdoemCDFY25zVCJMv72,2013-09-04T13:17:57,Cardiff,Tree-hole tick,Ixodes arboricola,51.446089877147934,-3.1960545330756704
EDkrJ5Vf8L1yKpodif2U,2017-01-04T03:53:10,Southampton,Southern rodent tick,Ixodes acuminatus,50.90450941115639,-1.395270733989426
8ORFBRRPnXUOCq1ybDcn,2019-08-10T17:47:55,Nottingham,Fox/badger tick,Ixodes canisuga,52.91356104906025,-1.1131382102634733
Ez30oqT6mFRyiCrzdK1J,2015-07-08T20:25:50,Birmingham,Marsh tick,Ixodes apronophorus,52.474316500329266,-1.9462212070599978
pamJV7YjFwozdo1FB6eL,2012-03-21T03:28:17,London,Southern rodent tick,Ixodes acuminatus,51.469073431612706,-0.09621852609514252
gLawkwnqChU4VLprfJBK,2022-10-20T12:28:41,Birmingham,Passerine tick,Dermacentor frontalis,52.454489067303925,-1.8953950516150497
lvaCdJUZqExjsHrcwnku,2020-03-11T21:12:53,Liverpool,Tree-hole tick,Ixodes arboricola,53.386035672297396,-3.0165507117853956
GzwgsqiMRGu8zTMVtn6U,2021-03-28T17:42:23,Leeds,Fox/badger tick,Ixodes canisuga,53.773813688019814,-1.5532072435036395
bocX9wijAxDqtLnTJwQe,2023-11-07T08:21:48,Liverpool,Passerine tick,Dermacentor frontalis,53.39762284225417,-2.9862944467453763
FaOs9NVpdUjcdr9ZoofK,2018-02-27T23:52:42,London,Tree-hole tick,Ixodes arboricola,51.55520365935866,-0.10315648360808821
i9V0hJi5gJaR6EmZz5a1,2022-04-21T10:14:16,Glasgow,Tree-hole tick,Ixodes arboricola,55.864787787536706,-4.231617676012804
6Av6Cyy21rSAEnnTfEiE,2016-09-27T03:27:56,Leicester,Fox/badger tick,Ixodes canisuga,52.630322544974995,-1.168670961548396
svrsl3BKnqOd7u52c7fk,2021-02-19T15:33:12,Leicester,Southern rodent tick,Ixodes acuminatus,52.61677519612422,-1.1657290502323248
qKsYoQf5rorESrwZMopt,2024-01-21T06:11:04,Southampton,Tree-hole tick,Ixodes arboricola,50.92256104809964,-1.4135577061003213
0c0k4ArSwnqmBJOF8zTH,2022-09-02T01:21:13,Nottingham,Passerine tick,Dermacentor frontalis,52.996174614106565,-1.1900852095036822
xtiEypezSxsfNJVkz3N0,2024-01-13T07:16:39,Bristol,Southern rodent tick,Ixodes acuminatus,51.485836833368616,-2.613740619444015
8xX7IDgDPBkMukgrfqwA,2017-06-25T13:55:23,Birmingham,Passerine tick,Dermacentor frontalis,52.5178620064189,-1.89072251974524
JE4E9TpWLx3PjClnLltW,2016-03-24T10:03:49,Southampton,Marsh tick,Ixodes apronophorus,50.87394031130644,-1.4455914391597018
ejnyhBc0tUnoeo2FUPi9,2013-08-07T04:01:04,Bristol,Fox/badger tick,Ixodes canisuga,51.46521222949928,-2.5609713050625986
9WB23vVRf7JDX7dPijds,2024-08-12T15:18:06,Manchester,Fox/badger tick,Ixodes canisuga,53.4783918609547,-2.2173670928967977
Yo3gv3haQuhbo6IuZUmB,2013-03-11T09:14:38,Liverpool,Marsh tick,Ixodes apronophorus,53.37852259256455,-3.0054864674267443
q6WLOxWuGpDWohByRvZm,2012-12-15T13:56:21,Bristol,Marsh tick,Ixodes apronophorus,51.42792842502806,-2.5676499787495732
3WzSJP8VpilsnyxdIVK7,2013-06-08T10:20:21,Leicester,Marsh tick,Ixodes apronophorus,52.671156025321785,-1.165007422131091
81wmm1pbZoWSejo95arG,2022-10-04T12:54:27,Sheffield,Tree-hole tick,Ixodes arboricola,53.39107378047071,-1.4372123913244024
H3UTS3Wl92ALNszyexfS,2021-05-04T11:00:10,Leicester,Fox/badger tick,Ixodes canisuga,52.587829026629365,-1.162945165027418
FBzoHkuYh5Y8aVFrGab8,2020-01-19T00:15:32,Sheffield,Tree-hole tick,Ixodes arboricola,53.34808163106811,-1.4875152759551125
CRVnFBHoIPSirfmZqBwO,2015-05-22T02:24:58,London,Fox/badger tick,Ixodes canisuga,51.491959346603764,-0.15988309480149304
DWRYd0bMEuLXh5Nu3cjJ,2023-07-28T12:50:34,Leicester,Southern rodent tick,Ixodes acuminatus,52.63332010008973,-1.1764038500173815
ZgQv0RPsLFTgZ3BSWjtl,2024-05-02T06:27:49,Glasgow,Passerine tick,Dermacentor frontalis,55.824736647385826,-4.210194182174766
1UAk7dOWT61bT8o8Ur6s,2012-05-02T03:22:57,London,Tree-hole tick,Ixodes arboricola,51.47239603918014,-0.14257498650219116
3cqL3ROuepjfQMs9ngvc,2022-07-03T20:22:01,Bristol,Marsh tick,Ixodes apronophorus,51.48910643635922,-2.6357079837785675
ByutGbTfQB8vxedFPWbH,2022-03-22T19:55:27,London,Fox/badger tick,Ixodes canisuga,51.480066391523955,-0.1668873539663926
ak5XMKqmLa2S47N2AtwK,2019-02-24T18:57:39,Leeds,Marsh tick,Ixodes apronophorus,53.7731581916264,-1.5867912000209474
BWRfADffJiQVd2hWbyHO,2020-12-26T10:01:22,Manchester,Passerine tick,Dermacentor frontalis,53.45415877001669,-2.207005530719195
vu9k3oRyy2BQskX6rBO9,2012-01-03T20:40:43,Edinburgh,Marsh tick,Ixodes apronophorus,55.97494082025655,-3.2250528519144934
4BpYXknaXLU6PapCN7Ie,2020-07-12T14:00:33,Liverpool,Tree-hole tick,Ixodes arboricola,53.425918298998106,-3.0102112495918205
6f3U0O5DcqJU39bi6mZ9,2021-01-19T17:01:18,Leicester,Tree-hole tick,Ixodes arboricola,52.62897170303352,-1.1230484258054725
iGzZukRFlnPhK0xWVnaz,2023-01-08T08:08:21,Liverpool,Fox/badger tick,Ixodes canisuga,53.380088070485684,-2.953411559098737
MHe5XZ23ZwLYMekf3QuR,2019-06-12T19:32:05,Newcastle,Fox/badger tick,Ixodes canisuga,54.998878950737435,-1.5901562937530462
gYGfMhEeS6Nv4Oscjyfh,2012-05-01T01:47:15,Edinburgh,Passerine tick,Dermacentor frontalis,55.99010455922229,-3.1629892151433205
oZwDASwDKwiSzQqcPUg9,2014-07-08T04:48:34,Newcastle,Marsh tick,Ixodes apronophorus,54.94661949879529,-1.5966483764415087
fJgivXeKY7D82ijGc1zy,2022-10-01T05:04:14,Leeds,Passerine tick,Dermacentor frontalis,53.79969553421014,-1.5190370938452966
H5uaK2OExzE81VWZQcoE,2020-06-09T17:22:11,London,Marsh tick,Ixodes apronophorus,51.463582866662385,-0.10053005902528114
tq1qSry5xRiCsQAMslaD,2013-01-20T17:40:33,Nottingham,Passerine tick,Dermacentor frontalis,52.95767978093685,-1.1311099669993163
2OCxVnctUCuzA4nS3aIX,2023-03-20T22:00:35,Bristol,Southern rodent tick,Ixodes acuminatus,51.4569939360971,-2.6173230159279557
xMOyvUx9wwAWaGTsEyGz,2012-02-04T19:59:04,Liverpool,Southern rodent tick,Ixodes acuminatus,53.428854513605366,-3.0062836729286078
IWkIdJFsPjd9E990hs0M,2023-08-08T23:36:14,London,Tree-hole tick,Ixodes arboricola,51.49106817206092,-0.1227360175697772
KAKbx5v5GpqDNu5Fq44D,2018-11-24T07:08:32,Glasgow,Tree-hole tick,Ixodes arboricola,55.86529525547529,-4.203305101076152
BWB78fEQ3Viy58gMG9v6,2016-12-23T00:50:10,Glasgow,Fox/badger tick,Ixodes canisuga,55.86752098461697,-4.290329088418892
Mo4JoRxQqceH6bMy3fqN,2017-06-29T03:06:06,Leicester,Passerine tick,Dermacentor frontalis,52.597879856961306,-1.0900253359266632
nrR9gNsr4WiALDHHinIA,2023-03-26T10:31:53,Cardiff,Fox/badger tick,Ixodes canisuga,51.531005750630825,-3.196274590150742
UjXk60DdGGhB9fXyQycu,2017-08-03T15:11:24,Manchester,Tree-hole tick,Ixodes arboricola,53.53321258554616,-2.223087073491793
JIpX177KvaSfIj0TY7iR,2024-09-28T07:08:08,London,Fox/badger tick,Ixodes canisuga,51.520412065932376,-0.13811352669728116
dE7Vs9WaVRjQNA6T9rEl,2019-05-17T16:33:45,Edinburgh,Marsh tick,Ixodes apronophorus,55.99291165424176,-3.1490237509051675
I59fa8epR5AZeUvgFVg4,2018-09-29T09:59:39,Leicester,Southern rodent tick,Ixodes acuminatus,52.63971434508579,-1.115608342049213
txC2OFPJE6Ge5Ew4nTSR,2014-03-11T19:57:52,Birmingham,Fox/badger tick,Ixodes canisuga,52.5238354790405,-1.8534875772565471
cmomvSsNHNbJmjS59YGc,2021-07-16T15:13:50,Edinburgh,Fox/badger tick,Ixodes canisuga,55.94979853700225,-3.2026914111050386
kFJh5Kkma9MwGrshRyqt,2024-09-12T20:23:36,Leicester,Fox/badger tick,Ixodes canisuga,52.59450326412415,-1.158040070927273
e6rsfodIkBtQQH4e2BiD,2013-02-14T06:01:21,Newcastle,Southern rodent tick,Ixodes acuminatus,54.93033762713145,-1.5766573682850558
QRTihy6qYgzEaRdWaNLy,2017-12-20T12:29:46,London,Passerine tick,Dermacentor frontalis,51.460661726040115,-0.10143118517005763
Owo79mOrSMA1FEdvOPad,2021-02-09T07:29:40,London,Passerine tick,Dermacentor frontalis,51.467922453904634,-0.15430810955574784
tiSiAHIwgq0NTVn8HOtd,2014-03-30T10:54:30,Leicester,Fox/badger tick,Ixodes canisuga,52.58375013638956,-1.1603145174541138
lAFjkQIzhcV5H5rDOlxc,2012-08-15T23:46:03,Leicester,Southern rodent tick,Ixodes acuminatus,52.637669512955966,-1.1729674835467105
JNZVfqZeneYioQad0xWN,2018-08-08T09:53:10,Bristol,Marsh tick,Ixodes apronophorus,51.44907376828022,-2.562901116941885
YAQPqcjZsugM4GDinYde,2016-09-02T20:24:30,Liverpool,Passerine tick,Dermacentor frontalis,53.384873727744065,-3.0266017235156024
z4euXuFjxhC5ATrOgM4L,2019-10-26T07:19:36,Leeds,Passerine tick,Dermacentor frontalis,53.83155347468366,-1.5413569459947851
IkOrsHDYQiH1g0UrUXJe,2023-03-15T08:20:56,Sheffield,Tree-hole tick,Ixodes arboricola,53.352177045321596,-1.4863357021413346
5dA3kzKUmXMt6G9UvkvG,2012-01-17T08:20:07,Nottingham,Passerine tick,Dermacentor frontalis,52.93369174606435,-1.1182312947412412
J8HZLUDO3quUlJlfgK3q,2023-07-19T05:06:16,Leeds,Tree-hole tick,Ixodes arboricola,53.80132824193108,-1.564265946392279
AiSNMSlxbrNWPX116Jve,2018-12-07T11:52:18,Bristol,Tree-hole tick,Ixodes arboricola,51.48463239150143,-2.611485861254678
nPvkj6pbQuRBEyTkwHfd,2017-02-23T18:02:08,Leeds,Southern rodent tick,Ixodes acuminatus,53.774310325048404,-1.5254862038389694
xCn6dLnxzD5v5PiYPorL,2013-02-12T08:47:25,Sheffield,Tree-hole tick,Ixodes arboricola,53.35578060255842,-1.4230112747969155
T9DVmtxedNDwma6D8H5U,2023-05-05T03:50:06,Sheffield,Passerine tick,Dermacentor frontalis,53.352471165987694,-1.4479934088629534
qAmDyhdh8AmLiVv4wPmz,2020-10-29T04:15:36,Edinburgh,Fox/badger tick,Ixodes canisuga,55.9725699582393,-3.19484011234441
4MkOEqCML2vUFL7h7RrB,2023-02-27T09:09:01,Nottingham,Marsh tick,Ixodes apronophorus,52.91997252542862,-1.1027957442069245
KN1GRXUhweD3uMzYWz9c,2021-02-26T22:40:06,Sheffield,Passerine tick,Dermacentor frontalis,53.36937756086347,-1.435792724377838
ZcCCJVpIlgfPX1KPkX9i,2016-03-01T09:28:37,Leicester,Marsh tick,Ixodes apronophorus,52.587753158164446,-1.0858220850524554
oC5icaZSr5qlzmFsIfb2,2021-11-09T04:01:24,Bristol,Tree-hole tick,Ixodes arboricola,51.4675441503793,-2.544016282668356
1dc3Sq3ckh8fQ4qm0cSz,2014-05-23T13:45:01,Manchester,Passerine tick,Dermacentor frontalis,53.512241842871994,-2.286399354647407
uGo5oUs6YsfZC5dOJ2GZ,2012-10-02T11:21:14,Southampton,Tree-hole tick,Ixodes arboricola,50.95845523724349,-1.4463524211769443
WTchOPSD8sGZ8hJiwBBR,2014-01-30T09:52:48,Sheffield,Marsh tick,Ixodes apronophorus,53.333750379609306,-1.5135156887014287
Ysk9YlCgjdTwagDYcLLr,2013-06-19T02:56:17,Leeds,Marsh tick,Ixodes apronophorus,53.80429191306212,-1.5949496906618872
EoCsJjgHPjApkg4O2x2n,2016-01-04T15:50:39,Manchester,Marsh tick,Ixodes apronophorus,53.47747798026674,-2.227096402149529
Q2Uu4nErrOta0O6hi6Z4,2014-12-19T11:51:09,London,Marsh tick,Ixodes apronophorus,51.53025333533135,-0.10604937573611062
PeS49k1UBWSzpdhEeOPo,2014-10-06T09:23:11,Edinburgh,Marsh tick,Ixodes apronophorus,55.9894394496658,-3.2262287461236827
4yzqbYbSPWIW6smAVQzQ,2019-09-22T09:11:24,London,Passerine tick,Dermacentor frontalis,51.522041158358,-0.13733529927750351
YdApzi4p6xcN4uW88k8p,2018-04-13T13:56:31,Leeds,Tree-hole tick,Ixodes arboricola,53.84232095632213,-1.526023233984839
9gkZh8PpOMnklKoHaq7F,2018-07-25T00:41:17,Sheffield,Southern rodent tick,Ixodes acuminatus,53.34977794909877,-1.499354575664661
BXh9Zef5jLWMNJ0l7Yu3,2020-09-21T07:53:52,Cardiff,Tree-hole tick,Ixodes arboricola,51.52781799439296,-3.1669801939343594
KMd8Kuhhc8OGaOB0cwy7,2024-04-11T23:47:24,Glasgow,Marsh tick,Ixodes apronophorus,55.859490605595155,-4.228192205587799
v1vt9ekMPoGAdQg9miXI,2020-10-12T20:42:50,Bristol,Passerine tick,Dermacentor frontalis,51.41467174622889,-2.6373247818778642
NMvi6cL8q3imjBSewQRk,2015-05-10T20:50:06,Leicester,Tree-hole tick,Ixodes arboricola,52.59880528992858,-1.1142390376343858
P4RcgvT0aGIrY5wcoHlZ,2019-05-14T12:08:58,Glasgow,Marsh tick,Ixodes apronophorus,55.87362185564908,-4.247202250763895
Yo3gv3haQuhbo6IuZUmB,2013-03-11T09:14:38,Liverpool,Marsh tick,Ixodes apronophorus,53.41259082109393,-2.9529823117410086
MtiwlrClS8xH5ahB95Rh,2018-12-08T15:50:21,Nottingham,Passerine tick,Dermacentor frontalis,52.904171409503874,-1.1815426384672258
kLqDOX9w2gPeNYjJeNLd,2018-05-18T23:05:24,Bristol,Southern rodent tick,Ixodes acuminatus,51.461079020850256,-2.6362443372946465
Z1UTXtiivybt9Ox5vBka,2015-08-03T00:40:10,Sheffield,Fox/badger tick,Ixodes canisuga,53.363917057008685,-1.43858223631869
HO0q17NDojT8Ouf6dntF,2019-12-14T15:50:15,London,Fox/badger tick,Ixodes canisuga,51.555622758634684,-0.1263640969440592
vmrBZheRR3laUh7oSSVK,2021-10-03T11:59:12,Glasgow,Tree-hole tick,Ixodes arboricola,55.85691618662083,-4.21848885693796
dE7Vs9WaVRjQNA6T9rEl,2019-05-17T16:33:45,Edinburgh,Marsh tick,Ixodes apronophorus,55.92764359475085,-3.161960616951882
zhNgy66ZydWrS15fuZJt,2017-04-02T05:03:53,Leeds,Southern rodent tick,Ixodes acuminatus,53.84769129251145,-1.5285408001447482
D4fol4qy9RB2CSvmnWnQ,2023-04-12T02:50:18,London,Fox/badger tick,Ixodes canisuga,51.50404224088433,-0.08243275932918086
y1fM2l3XJWsVJBs13k8A,2016-08-13T20:02:49,Liverpool,Tree-hole tick,Ixodes arboricola,53.40010741734762,-2.981809903792879
c1rQLWCGrk5BbpN8oSI5,2016-07-15T21:39:21,Birmingham,Tree-hole tick,Ixodes arboricola,52.51905088454289,-1.8785372344601825
LVtxT3FgK2RmCuREo2q6,2015-02-24T05:32:55,Glasgow,Tree-hole tick,Ixodes arboricola,55.85668172178969,-4.258496198107893
TgZKtI0CG6Clr7yyrcFl,2015-11-29T00:00:28,Liverpool,Southern rodent tick,Ixodes acuminatus,53.403305208790236,-2.9507131779560085
ZgQv0RPsLFTgZ3BSWjtl,2024-05-02T06:27:49,Glasgow,Passerine tick,Dermacentor frontalis,55.89513750954558,-4.2395326295259705
6BgeW0SeM37jZNYrzzHd,2015-04-08T07:26:58,Glasgow,Marsh tick,Ixodes apronophorus,55.827567344306274,-4.296935816812974
BZ4iQ6FJzEilaS6PMPu1,2012-02-25T05:50:29,Bristol,Passerine tick,Dermacentor frontalis,51.46618453827627,-2.6218964211229734
0ravs6s6kOWxvwTQVDAe,2016-09-16T13:43:34,Newcastle,Southern rodent tick,Ixodes acuminatus,54.926199695614315,-1.593503054728642
iht6SCzQQ3q3rwHjWT8u,2018-01-04T08:17:22,Leicester,Tree-hole tick,Ixodes arboricola,52.632763328531475,-1.132670653973991
